ubigeo,departamento,provincia,distrito,region_natural,pob_total,pob_urbana,pob_rural,gpc_dom_2019,gpc_mun_2019,lat,lon,altitude,pob_densidad_2020,idh_2019,pct_pobreza_total,pct_pobreza_extrema,gpc_dom_2022,gen_no_dom_t_dia_2022,gen_dom_t_anio_2022
010101,AMAZONAS,CHACHAPOYAS,CHACHAPOYAS,SELVA,37870.0,37125.0,745.0,0.51,0.7285714285714286,-6.22944444444445,-77.8727777777777,2338.0,201.43711796072299,0.642360593890392,9.034625,1.439875,0.39,15.33558,5597.4867
010102,AMAZONAS,CHACHAPOYAS,ASUNCION,SELVA,281.0,147.0,134.0,0.5413538747534213,0.7733626782191734,-6.0325,-77.7108333333333,2823.0,13.9634383508363,0.423031925028296,36.519949,15.68075,0.5188473382439173,0.068487848648197,24.99806475659193
010103,AMAZONAS,CHACHAPOYAS,BALSAS,SIERRA,1202.0,336.0,866.0,0.437675332039757,0.62525047434251,-6.83583333333333,-78.0197222222222,859.0,4.0465988966367004,0.3153084213221579,45.732962,15.42712,0.4452923055521492,0.1251271378601539,45.67140531895618
010104,AMAZONAS,CHACHAPOYAS,CHETO,SIERRA,696.0,467.0,229.0,0.437675332039757,0.6252504743425099,-6.25555555555555,-77.7008333333333,2143.0,13.568544848165701,0.3457457815677569,39.169782,23.67841,0.4452923055521492,0.1977097836651542,72.1640710377813
010105,AMAZONAS,CHACHAPOYAS,CHILIQUIN,SIERRA,604.0,178.0,426.0,0.437675332039757,0.6252504743425101,-6.07833333333333,-77.7375,2677.0,6.8326012689116604,0.275037798834594,53.045662,36.39537,0.4452923055521492,0.065903261221718,24.0546903459271
010106,AMAZONAS,CHACHAPOYAS,CHUQUIBAMBA,SIERRA,1955.0,521.0,1434.0,0.437675332039757,0.62525047434251,-6.935,-77.8541666666667,2803.0,7.9137207048774396,0.269269728632059,51.607832,43.78883,0.4452923055521492,0.197264491359602,72.00153934625476
010107,AMAZONAS,CHACHAPOYAS,GRANADA,SELVA,532.0,183.0,349.0,0.5413538747534213,0.7733626782191734,-6.10638888888889,-77.6286111111111,3041.0,3.1530786615952802,0.358001458425031,43.865957,5.943345,0.5188473382439173,0.0850909634720024,31.058201667280887
010108,AMAZONAS,CHACHAPOYAS,HUANCAS,SIERRA,1395.0,1338.0,57.0,0.4839367527862208,0.6913382182660298,-6.17361111111111,-77.8644444444444,2591.0,10.801393728222999,0.414755647270218,31.977312,12.50203,0.4839367527862208,0.6910616829787233,252.237514287234
010109,AMAZONAS,CHACHAPOYAS,LA JALCA,SELVA,4080.0,2312.0,1768.0,0.5413538747534213,0.7733626782191735,-6.48472222222222,-77.815,2869.0,16.0598333289519,0.2951844378190839,47.947723,28.35085,0.5188473382439173,0.997224584104809,363.98697319825527
010110,AMAZONAS,CHACHAPOYAS,LEIMEBAMBA,SELVA,3845.0,2859.0,986.0,0.68,0.9714285714285716,-6.7075,-77.8038888888889,2226.0,9.7550517232138105,0.3989509209740669,25.741684,15.19174,0.27,0.7214400000000001,263.3256
010111,AMAZONAS,CHACHAPOYAS,LEVANTO,SIERRA,817.0,449.0,368.0,0.437675332039757,0.62525047434251,-6.30777777777778,-77.8991666666667,2681.0,14.727882383286,0.3242953075464239,41.081444,24.37787,0.4452923055521492,0.1767810453042032,64.52508153603418
010112,AMAZONAS,CHACHAPOYAS,MAGDALENA,SELVA,913.0,731.0,182.0,0.5413538747534213,0.7733626782191734,-6.37305555555555,-77.9016666666667,1892.0,7.2119288403336501,0.4737697721284039,30.634088,20.61026,0.5188473382439173,0.3616365947560103,131.99735708594375
010113,AMAZONAS,CHACHAPOYAS,MARISCAL CASTILLA,SELVA,1507.0,1036.0,471.0,0.4756198878360868,0.6794569826229814,-6.59444444444444,-77.8086111111111,2210.0,12.969609954534601,0.446101217220829,39.230882,18.90431,0.4756198878360868,0.487510385031989,177.94129053667598
010114,AMAZONAS,CHACHAPOYAS,MOLINOPAMPA,SIERRA,2296.0,631.0,1665.0,0.437675332039757,0.6252504743425101,-6.20916666666667,-77.6691666666667,2405.0,7.8685676630923096,0.3809071590689779,35.654304,25.45505,0.4452923055521492,0.2382313834703998,86.95445496669593
010115,AMAZONAS,CHACHAPOYAS,MONTEVIDEO,SELVA,503.0,461.0,42.0,0.4458122266763847,0.6368746095376925,-6.61805555555555,-77.8022222222222,2421.0,6.3776153264431601,0.4476306761889269,38.644489,10.08896,0.4458122266763847,0.1899160085641398,69.31934312591105
010116,AMAZONAS,CHACHAPOYAS,OLLEROS,SELVA,429.0,141.0,288.0,0.5413538747534213,0.7733626782191734,-6.02388888888889,-77.6763888888889,3053.0,3.7551933525087899,0.364667298382429,47.9082,2.628461,0.5188473382439173,0.0658936119569774,24.05116836429678
010117,AMAZONAS,CHACHAPOYAS,QUINJALCA,SELVA,807.0,95.0,712.0,0.5413538747534213,0.7733626782191735,-6.09138888888889,-77.6786111111111,3151.0,11.1693416311824,0.341954115321283,47.119202,19.34588,0.5188473382439173,0.0399512450447816,14.582204441345294
010118,AMAZONAS,CHACHAPOYAS,SAN FRANCISCO DE DAGUAS,SELVA,323.0,238.0,85.0,0.41,0.5857142857142859,-6.22916666666667,-77.74,2254.0,7.3824087745201403,0.4897055758261639,29.704094,7.683372,0.41,0.09307,33.97055
010119,AMAZONAS,CHACHAPOYAS,SAN ISIDRO DE MAINO,SELVA,599.0,429.0,170.0,0.5413538747534213,0.7733626782191734,-6.33722222222222,-77.8805555555555,2339.0,6.9735418510868499,0.321841647375863,43.370115,27.92597,0.4,0.1568,57.232000000000006
010120,AMAZONAS,CHACHAPOYAS,SOLOCO,SELVA,1279.0,217.0,1062.0,0.5413538747534213,0.7733626782191734,-6.26055555555555,-77.7441666666667,2387.0,19.625946969697001,0.344628159000522,41.062364,21.18722,0.5188473382439173,0.0933925208839051,34.08827012262537
010121,AMAZONAS,CHACHAPOYAS,SONCHE,SELVA,274.0,106.0,168.0,0.5413538747534213,0.7733626782191734,-6.21888888888889,-77.7752777777778,2089.0,3.41691682853611,0.3720944815657579,55.850202,52.77253,0.5188473382439173,0.0503281918096599,18.369790010525893
010201,AMAZONAS,BAGUA,BAGUA,SELVA,29540.0,26870.0,2670.0,0.426070357730606,0.6086719396151515,-5.63888888888889,-78.5311111111111,408.0,181.62129942380301,0.5840630337731318,16.212835,4.467983,0.54,6.67717,
010202,AMAZONAS,BAGUA,ARAMANGO,SELVA,10300.0,2874.0,7426.0,0.8,1.142857142857143,-5.41638888888889,-78.4377777777778,502.0,15.321294819978499,0.361182152533835,38.525807,19.27075,0.8,2.148,784.0200000000001
010203,AMAZONAS,BAGUA,COPALLIN,SELVA,4787.0,2370.0,2417.0,0.45,0.6428571428571428,-5.675,-78.4230555555555,693.0,57.486118122160498,0.467245207758446,24.530258,11.24363,0.45,0.9711,354.4515
010204,AMAZONAS,BAGUA,EL PARCO,SELVA,1292.0,669.0,623.0,0.504,0.7199999999999999,-5.625,-78.4752777777778,626.0,93.019480519480496,0.489048641213126,35.249588,12.15905,0.54,0.34884,127.3266
010205,AMAZONAS,BAGUA,IMAZA,SELVA,31300.0,5618.0,25682.0,0.53,0.7571428571428571,-5.16361111111111,-78.2888888888889,317.0,9.2451995558404292,0.2980892411125469,53.94969,48.88884,0.53,3.0639300000000005,1118.3344500000003
010206,AMAZONAS,BAGUA,LA PECA,SELVA,6631.0,4093.0,2538.0,0.37,0.5285714285714286,-5.61194444444444,-78.4369444444445,892.0,68.708850232171301,0.4905837955584749,34.761666,21.7995,0.37,1.43227,522.77855
010301,AMAZONAS,BONGARA,JUMBILLA,SELVA,1354.0,1112.0,242.0,0.72,1.0285714285714287,-5.90444444444445,-77.7977777777778,2081.0,7.8674276819302102,0.451394193185704,29.547678,5.12921,0.5188473382439173,0.5427143158031374,198.0907252681452
010302,AMAZONAS,BONGARA,CHISQUILLA,SELVA,321.0,124.0,197.0,0.5413538747534213,0.7733626782191734,-5.8975,-77.7861111111111,2057.0,3.0064014631915899,0.474974891206606,42.24183,22.56179,0.5188473382439173,0.0612239859127822,22.34675485816552
010303,AMAZONAS,BONGARA,CHURUJA,SELVA,301.0,291.0,10.0,0.3996490711669284,0.5709272445241835,-6.01944444444445,-77.95194444444449,1399.0,11.4577084583083,0.5159135570190129,20.78695,1.867667,0.52,0.14924,54.47260000000001
010304,AMAZONAS,BONGARA,COROSHA,SELVA,819.0,80.0,739.0,0.5413538747534213,0.7733626782191734,-5.84333333333333,-77.8225,2297.0,21.699146047733699,0.3958982127108189,54.796368,24.57763,0.5188473382439173,0.0409889397212694,14.960962998263357
010305,AMAZONAS,BONGARA,CUISPES,SELVA,694.0,384.0,310.0,0.5413538747534213,0.7733626782191735,-5.92833333333333,-77.9461111111111,1912.0,7.4692919075144504,0.2994450656867579,45.831589,12.79052,0.5188473382439173,0.1862661944295663,67.98716096679169
010306,AMAZONAS,BONGARA,FLORIDA,SELVA,6409.0,3858.0,2551.0,0.47,0.6714285714285715,-5.82611111111111,-77.9694444444445,2251.0,31.886625332152299,0.3593235711976289,33.682214,6.34247,0.28,1.05364,384.5786000000001
010307,AMAZONAS,BONGARA,JAZAN,SELVA,7994.0,6721.0,1273.0,0.3,0.4285714285714285,-5.94138888888889,-77.9772222222222,1342.0,94.461330631543404,0.5112580948962259,22.712901,13.66821,0.2,1.2986000000000002,473.9890000000001
010308,AMAZONAS,BONGARA,RECTA,SELVA,219.0,63.0,156.0,0.5469320757800004,0.7813315368285719,-5.91777777777778,-77.7888888888889,2166.0,13.873067534581001,0.3240053346594939,38.690705,15.61683,0.5188473382439173,0.0316496876328789,11.55213598600082
010309,AMAZONAS,BONGARA,SAN CARLOS,SELVA,535.0,386.0,149.0,0.5413538747534213,0.7733626782191735,-5.96611111111111,-77.9452777777778,1942.0,5.1111552203255304,0.3480340939567139,28.9591,4.725558,0.58,0.2401199999999999,87.64379999999998
010310,AMAZONAS,BONGARA,SHIPASBAMBA,SELVA,1656.0,865.0,791.0,0.5413538747534213,0.7733626782191734,-5.91055555555555,-77.9805555555556,1668.0,14.423756775866099,0.365002151268255,35.863148,13.36122,0.38,0.33402,121.9173
010311,AMAZONAS,BONGARA,VALERA,SELVA,868.0,282.0,586.0,0.5413538747534213,0.7733626782191734,-6.04277777777778,-77.9191666666667,1928.0,12.2919902374085,0.4006351129437399,20.78695,8.484321,0.2,0.049,17.885
010312,AMAZONAS,BONGARA,YAMBRASBAMBA,SELVA,5802.0,2246.0,3556.0,0.5413538747534213,0.7733626782191734,-5.73527777777778,-77.925,1887.0,3.9190890230541502,0.352290052865536,43.859279,10.94429,0.23,0.49059,179.06535000000002
010401,AMAZONAS,CONDORCANQUI,NIEVA,SELVA,21071.0,4403.0,16668.0,0.5625569060324351,0.8036527229034788,-4.59222222222222,-77.8644444444444,189.0,8.4029694553097904,0.294015899367628,51.406262,34.86494,0.57,2.38146,869.2328999999999
010402,AMAZONAS,CONDORCANQUI,EL CENEPA,SELVA,12213.0,1142.0,11071.0,0.5469320757800004,0.7813315368285718,-4.45555555555555,-78.1588888888889,253.0,3.3126438129296099,0.222500134398112,62.912381,60.02361,0.5188473382439173,0.6267675845986521,228.77016837850803
010403,AMAZONAS,CONDORCANQUI,RIO SANTIAGO,SELVA,17543.0,2380.0,15163.0,0.5413538747534213,0.7733626782191734,-4.01583333333333,-77.7608333333333,190.0,2.5073177288159201,0.189784605920573,59.872335,31.38112,0.5188473382439173,1.2976371929480373,473.6375754260336
010501,AMAZONAS,LUYA,LAMUD,SIERRA,2381.0,2123.0,258.0,0.5113976936119792,0.730568133731399,-6.13916666666667,-77.9522222222222,2328.0,31.9758238595481,0.485915285368237,30.951386,5.603407,0.52,1.08056,394.4044
010502,AMAZONAS,LUYA,CAMPORREDONDO,SELVA,7422.0,4618.0,2804.0,0.5413538747534213,0.7733626782191734,-6.21333333333333,-78.32,1748.0,18.206962580782399,0.341756562388809,50.206718,10.98376,0.5188473382439173,2.4157532068636787,881.7499205052427
010503,AMAZONAS,LUYA,COCABAMBA,SELVA,2068.0,366.0,1702.0,0.5413538747534213,0.7733626782191734,-6.61416666666667,-78.005,2273.0,6.53646199241253,0.254097428970944,55.979223,35.50347,0.5188473382439173,0.1743327056499562,63.63143756223401
010504,AMAZONAS,LUYA,COLCAMAR,SIERRA,1975.0,1268.0,707.0,0.437675332039757,0.62525047434251,-6.29944444444445,-77.9730555555555,2355.0,21.4915572232645,0.2722092580882419,42.320492,29.24272,0.4452923055521492,0.5152031975238366,188.0491670962004
010505,AMAZONAS,LUYA,CONILA,SELVA,1939.0,1102.0,837.0,0.5413538747534213,0.7733626782191734,-6.15916666666667,-78.1419444444445,2767.0,8.1157044150368893,0.3386492067968119,49.642272,35.13756,0.25,0.26,94.9
010506,AMAZONAS,LUYA,INGUILPATA,SIERRA,502.0,342.0,160.0,0.437675332039757,0.6252504743425101,-6.23944444444445,-77.9538888888889,2380.0,5.0660792951541902,0.3496132902167359,40.196248,16.60086,0.4452923055521492,0.134478276276749,49.0845708410134
010507,AMAZONAS,LUYA,LONGUITA,SELVA,892.0,216.0,676.0,0.5413538747534213,0.7733626782191734,-6.41361111111111,-77.9683333333333,2799.0,18.7359696080124,0.262887743481219,56.751291,39.73001,0.32,0.06368,23.2432
010508,AMAZONAS,LUYA,LONYA CHICO,SIERRA,876.0,352.0,524.0,0.437675332039757,0.6252504743425101,-6.22972222222222,-77.955,2329.0,12.168933428775899,0.338262271379248,46.699525,39.43642,0.4452923055521492,0.1416029531655834,51.68507790543796
010509,AMAZONAS,LUYA,LUYA,SIERRA,4139.0,2418.0,1721.0,0.437675332039757,0.62525047434251,-6.16416666666667,-77.9441666666667,2359.0,45.652888937616503,0.39411651595427,30.284501,10.04575,0.35,0.8078,294.847
010510,AMAZONAS,LUYA,LUYA VIEJO,SIERRA,407.0,407.0,0.0,0.437675332039757,0.62525047434251,-6.1275,-78.085,2924.0,6.6332746717205904,0.309417669598129,54.438368,32.77698,0.4452923055521492,0.1772263376097553,64.6876132275607
010511,AMAZONAS,LUYA,MARIA,SELVA,785.0,391.0,394.0,0.5413538747534213,0.7733626782191734,-6.42888888888889,-77.9608333333333,2757.0,12.819235081599601,0.2821438402843899,51.870194,22.63015,0.5188473382439173,0.1888604311207858,68.93405735908685
010512,AMAZONAS,LUYA,OCALLI,SELVA,3939.0,1637.0,2302.0,0.5413538747534213,0.7733626782191735,-6.23527777777778,-78.2663888888889,1757.0,19.623428603641699,0.3273526059415379,45.39658,3.817944,0.3,0.4772999999999999,174.2145
010513,AMAZONAS,LUYA,OCUMAL,SELVA,3734.0,542.0,3192.0,0.5413538747534213,0.7733626782191734,-6.2825,-78.2108333333333,1898.0,16.840498600864901,0.285337404934344,52.242779,16.89763,0.5188473382439173,0.2614990584749343,95.44715634335104
010514,AMAZONAS,LUYA,PISUQUIA,SIERRA,5125.0,400.0,4725.0,0.437675332039757,0.62525047434251,-6.45333333333333,-78.0919444444444,2049.0,19.092985318107701,0.380224972788761,58.528572,54.72109,0.4452923055521492,0.1629769838320866,59.486599098711615
010515,AMAZONAS,LUYA,PROVIDENCIA,SIERRA,1399.0,269.0,1130.0,0.437675332039757,0.62525047434251,-6.29722222222222,-78.2408333333333,1784.0,22.7464195450716,0.251746492122571,54.733542,29.42918,0.4452923055521492,0.1113230763880373,40.63292288163362
010516,AMAZONAS,LUYA,SAN CRISTOBAL,SIERRA,563.0,448.0,115.0,0.2906161720243653,0.4151659600348076,-6.10166666666667,-77.9597222222222,2636.0,21.432853717026401,0.331046725290293,52.75641,32.97493,0.28,0.11452,41.799800000000005
010517,AMAZONAS,LUYA,SAN FRANCISCO DEL YESO,SIERRA,739.0,381.0,358.0,0.437675332039757,0.6252504743425101,-6.64694444444444,-77.8116666666667,2404.0,6.9510268562401301,0.34710701058663,49.096061,19.26484,0.4452923055521492,0.1585240607765651,57.86128218344626
010518,AMAZONAS,LUYA,SAN JERONIMO,SIERRA,645.0,212.0,433.0,0.4203505822563048,0.6005008317947211,-6.05972222222222,-77.9744444444444,2498.0,4.1880182614366896,0.255734785108348,47.147578,46.58563,0.4452923055521492,0.080597907304939,29.41823616630274
010519,AMAZONAS,LUYA,SAN JUAN DE LOPECANCHA,SELVA,445.0,71.0,374.0,0.5413538747534213,0.7733626782191734,-6.49638888888889,-77.8619444444444,2164.0,7.4642126789366001,0.362140008639086,55.646778,11.25014,0.5188473382439173,0.0321685349711228,11.74151526445985
010520,AMAZONAS,LUYA,SANTA CATALINA,SIERRA,2114.0,441.0,1673.0,0.437675332039757,0.6252504743425101,-6.11361111111111,-78.0608333333333,2574.0,16.559702083828501,0.273459566805263,60.302966,50.36441,0.4452923055521492,0.1945927375262892,71.02634919709556
010521,AMAZONAS,LUYA,SANTO TOMAS,SELVA,3127.0,902.0,2225.0,0.5413538747534213,0.7733626782191735,-6.5725,-77.8658333333333,2837.0,43.318026610149502,0.2783605871340589,46.979229,33.57183,0.33,0.26829,97.92585
010522,AMAZONAS,LUYA,TINGO,SIERRA,1367.0,787.0,580.0,0.437675332039757,0.6252504743425099,-6.37972222222222,-77.9058333333333,1800.0,14.5417356579332,0.40402434276642,40.0163,11.15524,0.4452923055521492,0.3455468291084678,126.12459262459076
010523,AMAZONAS,LUYA,TRITA,SIERRA,1449.0,898.0,551.0,0.4203505822563048,0.6005008317947212,-6.15194444444445,-77.9808333333333,2888.0,112.53943217665601,0.3465811191720359,50.058289,16.37895,0.38,0.33668,122.8882
010601,AMAZONAS,RODRIGUEZ DE MENDOZA,SAN NICOLAS,SELVA,6399.0,5305.0,1094.0,0.46,0.6571428571428573,-6.39527777777778,-77.4822222222222,1616.0,26.401630988786899,0.524840742394436,20.821354,2.983966,0.46,2.5102200000000003,916.2303000000002
010602,AMAZONAS,RODRIGUEZ DE MENDOZA,CHIRIMOTO,SELVA,2799.0,71.0,2728.0,0.5413538747534213,0.7733626782191734,-6.52305555555555,-77.4425,1663.0,18.627450980392201,0.262898139825049,38.449165,12.30337,0.5188473382439173,0.0378758556918059,13.824687327509174
010603,AMAZONAS,RODRIGUEZ DE MENDOZA,COCHAMAL,SELVA,633.0,550.0,83.0,0.4673721537226,0.667674505318,-6.4075,-77.5852777777778,1720.0,3.9259927797833898,0.4241147150761059,33.428571,7.082071,0.46,0.25484,93.0166
010604,AMAZONAS,RODRIGUEZ DE MENDOZA,HUAMBO,SELVA,2722.0,794.0,1928.0,0.5413538747534213,0.7733626782191735,-6.43111111111111,-77.5366666666667,1731.0,28.666130976295701,0.406387658365786,22.971,7.376823,0.5188473382439173,0.3772020149033278,137.67873543971467
010605,AMAZONAS,RODRIGUEZ DE MENDOZA,LIMABAMBA,SELVA,2465.0,447.0,2018.0,0.5413538747534213,0.7733626782191734,-6.49805555555555,-77.4988888888889,1677.0,5.6625141562853898,0.286111524424427,37.433423,11.21742,0.5188473382439173,0.2179158820624452,79.53929695279253
010606,AMAZONAS,RODRIGUEZ DE MENDOZA,LONGAR,SELVA,1691.0,905.0,786.0,0.5413538747534213,0.7733626782191735,-6.38583333333334,-77.5466666666667,1623.0,26.464371980676301,0.4184521470833519,25.822,5.72598,0.48,0.41472,151.37279999999998
010607,AMAZONAS,RODRIGUEZ DE MENDOZA,MARISCAL BENAVIDES,SELVA,1566.0,1054.0,512.0,0.5413538747534213,0.7733626782191734,-6.38611111111111,-77.5044444444444,1592.0,11.0228175729368,0.482818762660018,22.117973,3.42374,0.5188473382439173,0.5292242850087956,193.1668640282104
010608,AMAZONAS,RODRIGUEZ DE MENDOZA,MILPUC,SELVA,439.0,250.0,189.0,0.5413538747534213,0.7733626782191734,-6.5,-77.4363888888889,1665.0,27.723880597014901,0.310427637045169,31.604121,5.592042,0.52,0.1190799999999999,43.4642
010609,AMAZONAS,RODRIGUEZ DE MENDOZA,OMIA,SELVA,9830.0,615.0,9215.0,0.5469320757800004,0.7813315368285721,-6.46777777777778,-77.3955555555555,1368.0,62.279449551761502,0.295900498888919,39.50835,23.20612,0.58,0.3671399999999999,134.00609999999998
010610,AMAZONAS,RODRIGUEZ DE MENDOZA,SANTA ROSA,SELVA,534.0,159.0,375.0,0.5413538747534213,0.7733626782191734,-6.45361111111111,-77.4552777777778,1770.0,19.0559953092935,0.3575420499198159,24.453776,9.304521,0.5188473382439173,0.0809401847660511,29.54316743960865
010611,AMAZONAS,RODRIGUEZ DE MENDOZA,TOTORA,SELVA,290.0,66.0,224.0,0.5413538747534213,0.7733626782191735,-6.49305555555555,-77.4716666666667,1674.0,82.890365448504994,0.3908006660915709,22.971,6.589066,0.5188473382439173,0.0332062296476107,12.120273821377909
010612,AMAZONAS,RODRIGUEZ DE MENDOZA,VISTA ALEGRE,SELVA,3754.0,415.0,3339.0,0.5413538747534213,0.7733626782191735,-6.15083333333333,-77.3038888888889,1504.0,3.4715579186225001,0.249041865462379,51.237772,18.66729,0.5188473382439173,0.2557917377542512,93.36398428030172
010701,AMAZONAS,UTCUBAMBA,BAGUA GRANDE,SIERRA,57076.0,39646.0,17430.0,0.6878199063576046,0.9825998662251492,-5.75472222222222,-78.4427777777778,444.0,78.276009857494898,0.509394176943613,24.502994,9.396441,0.55,22.094600000000003,8064.529000000001
010702,AMAZONAS,UTCUBAMBA,CAJARURO,SELVA,24794.0,8262.0,16532.0,0.52,0.7428571428571429,-5.73638888888889,-78.4266666666667,469.0,17.087096201531299,0.4517096429365259,35.929618,18.77501,0.52,3.97748,1451.7802
010703,AMAZONAS,UTCUBAMBA,CUMBA,SIERRA,8819.0,3243.0,5576.0,0.437675332039757,0.6252504743425099,-5.93555555555556,-78.6636111111111,477.0,33.233103259755403,0.362661087747427,37.445098,14.35234,0.58,1.76842,645.4733
010704,AMAZONAS,UTCUBAMBA,EL MILAGRO,SIERRA,6471.0,3101.0,3370.0,0.437675332039757,0.6252504743425101,-5.63777777777778,-78.5583333333333,392.0,19.643824269648601,0.5097283024547689,26.712135,7.604293,0.4452923055521492,1.3536886088785336,494.0963422406648
010705,AMAZONAS,UTCUBAMBA,JAMALCA,SIERRA,7269.0,1370.0,5899.0,0.52,0.7428571428571427,-5.89416666666667,-78.2377777777778,1184.0,22.428627297614401,0.4075997077501309,35.474788,12.48479,0.56,0.7112,259.588
010706,AMAZONAS,UTCUBAMBA,LONYA GRANDE,SELVA,11182.0,4047.0,7135.0,0.51,0.7285714285714288,-6.09638888888889,-78.4225,1269.0,32.892168821663802,0.4065202724572449,32.328096,11.55903,0.69,2.76345,1008.65925
010707,AMAZONAS,UTCUBAMBA,YAMON,SIERRA,3242.0,585.0,2657.0,0.437675332039757,0.6252504743425099,-6.05083333333333,-78.5288888888889,1052.0,64.745703870855706,0.356250410607554,38.391761,4.701998,0.4452923055521492,0.2484731064980992,90.69268387180624
020101,ANCASH,HUARAZ,HUARAZ,SIERRA,67418.0,61229.0,6189.0,0.77,1.1,-9.52972222222222,-77.5291666666667,3073.0,166.83988082865699,0.6030793015789169,10.242455,0.599588,0.7,43.9047,16025.2155
020102,ANCASH,HUARAZ,COCHABAMBA,SIERRA,1723.0,450.0,1273.0,0.437675332039757,0.62525047434251,-9.495,-77.8594444444444,2135.0,16.594176188721001,0.273067850922722,51.041382,25.33511,0.4452923055521492,0.1767810453042032,64.52508153603418
020103,ANCASH,HUARAZ,COLCABAMBA,SIERRA,293.0,125.0,168.0,0.437675332039757,0.62525047434251,-9.59472222222222,-77.8086111111111,3154.0,7.0286278381046401,0.378720840126659,40.32822,6.118961,0.4452923055521492,0.0445292305552149,16.25316915265345
020104,ANCASH,HUARAZ,HUANCHAY,SIERRA,1689.0,288.0,1401.0,0.437675332039757,0.62525047434251,-9.72361111111111,-77.8186111111111,2592.0,10.451896436419201,0.3216143757122489,33.213594,22.44553,0.4452923055521492,0.1099871994713808,40.14532780705402
020105,ANCASH,HUARAZ,INDEPENDENCIA,SIERRA,84931.0,70935.0,13996.0,0.63,0.9,-9.51444444444445,-77.5325,3047.0,221.07304271759699,0.584997707639346,11.537697,0.628832,0.63,46.73214,17057.2311
020106,ANCASH,HUARAZ,JANGAS,SIERRA,5138.0,2645.0,2493.0,0.32,0.4571428571428571,-9.40055555555556,-77.5775,2824.0,95.270721925133699,0.432387975358943,23.373813,8.470116,0.32,0.81984,299.2416
020107,ANCASH,HUARAZ,LA LIBERTAD,SIERRA,1122.0,285.0,837.0,0.437675332039757,0.6252504743425101,-9.63305555555556,-77.7413888888889,3343.0,10.2459515402411,0.192918183255076,40.451562,15.84168,0.4452923055521492,0.1131042456102459,41.28304964773975
020108,ANCASH,HUARAZ,OLLEROS,SIERRA,2514.0,1244.0,1270.0,0.437675332039757,0.62525047434251,-9.66666666666667,-77.4655555555556,3443.0,14.9028756000179,0.322188003852431,27.58076,8.872901,0.43,0.49923,182.21895
020109,ANCASH,HUARAZ,PAMPAS /GRANDE,SIERRA,1020.0,335.0,685.0,0.437675332039757,0.6252504743425101,-9.65527777777778,-77.8261111111111,3698.0,3.7897208015427202,0.333531560701873,46.279289,8.4222,0.2,0.0588,21.462000000000003
020110,ANCASH,HUARAZ,PARIACOTO,SIERRA,5163.0,1344.0,3819.0,0.4203505822563048,0.600500831794721,-9.55944444444445,-77.8905555555556,1264.0,34.750769230769201,0.338115324875019,32.034603,10.00584,0.4452923055521492,0.5637400588290209,205.76512147259265
020111,ANCASH,HUARAZ,PIRA,SIERRA,3518.0,1155.0,2363.0,0.437675332039757,0.62525047434251,-9.58111111111111,-77.7072222222222,3602.0,19.8088048250113,0.3226718311164429,40.32822,40.4584,0.4452923055521492,0.4648851669964438,169.68308595370198
020112,ANCASH,HUARAZ,TARICA,SIERRA,7337.0,2007.0,5330.0,0.25,0.3571428571428571,-9.39361111111111,-77.575,2832.0,64.916575988393205,0.4494840816302099,27.58076,8.321238,0.4452923055521492,0.8736635034933168,318.88717877506065
020201,ANCASH,AIJA,AIJA,SIERRA,2175.0,1064.0,1111.0,0.379,0.5414285714285716,-9.78027777777778,-77.6105555555555,3421.0,13.9351446099912,0.45881596116347,20.74384,4.827501,0.67,0.67335,245.77275
020202,ANCASH,AIJA,CORIS,SIERRA,1683.0,393.0,1290.0,0.437675332039757,0.62525047434251,-9.82055555555556,-77.7194444444445,2903.0,7.6062137376005996,0.320370473598236,40.218881,16.69016,0.4452923055521492,0.1460558762211049,53.3103948207033
020203,ANCASH,AIJA,HUACLLAN,SIERRA,371.0,212.0,159.0,0.4203505822563048,0.6005008317947211,-9.79805555555555,-77.6752777777778,3020.0,14.666314956475899,0.312557431462187,27.149267,11.87675,0.4452923055521492,0.0797073226938347,29.09317278324967
020204,ANCASH,AIJA,LA MERCED,SIERRA,1573.0,257.0,1316.0,0.437675332039757,0.62525047434251,-9.73555555555556,-77.6161111111111,3311.0,15.103214005748599,0.306779106318392,39.637681,16.21712,0.4452923055521492,0.0935113841659513,34.13165522057224
020205,ANCASH,AIJA,SUCCHA,SIERRA,739.0,297.0,442.0,0.437675332039757,0.6252504743425101,-9.82305555555556,-77.6497222222222,3167.0,11.364789446981201,0.4008797035414369,23.04721,11.71107,0.4452923055521492,0.1175571686657673,42.908366563005096
020301,ANCASH,ANTONIO RAYMONDI,LLAMELLIN,SIERRA,3446.0,1847.0,1599.0,0.35,0.5000000000000001,-9.10083333333333,-77.0169444444445,3400.0,35.0363356088967,0.4187265150092869,25.153086,12.69753,0.39,0.66612,243.1338
020302,ANCASH,ANTONIO RAYMONDI,ACZO,SIERRA,1988.0,798.0,1190.0,0.437675332039757,0.6252504743425101,-9.15194444444444,-76.9888888888889,2680.0,31.4211212516297,0.3319678276512649,48.338683,30.11389,0.4452923055521492,0.3152669523309216,115.0724376007864
020303,ANCASH,ANTONIO RAYMONDI,CHACCHO,SIERRA,1385.0,434.0,951.0,0.437675332039757,0.6252504743425099,-9.05972222222223,-77.0583333333333,3371.0,24.205973780240601,0.300035687091434,44.632847,16.56932,0.4452923055521492,0.1678751991931602,61.2744477055035
020304,ANCASH,ANTONIO RAYMONDI,CHINGAS,SIERRA,1956.0,884.0,1072.0,0.437675332039757,0.6252504743425101,-9.11861111111111,-76.9919444444445,2866.0,41.5730337078652,0.364896518141038,31.88595,21.93497,0.4452923055521492,0.3526715059973022,128.7250996890153
020305,ANCASH,ANTONIO RAYMONDI,MIRGAS,SIERRA,4212.0,1246.0,2966.0,0.437675332039757,0.6252504743425099,-9.07861111111111,-77.0925,3147.0,30.223689453013801,0.228673647219613,53.281578,21.65163,0.4452923055521492,0.492493289940677,179.76005082834712
020306,ANCASH,ANTONIO RAYMONDI,SAN JUAN DE RONTOY,SIERRA,1181.0,184.0,997.0,0.437675332039757,0.62525047434251,-9.17527777777778,-77.0027777777778,3503.0,14.990788325414499,0.1778111513113279,40.071387,31.52612,0.4452923055521492,0.0708014765827917,25.84253895271898
020401,ANCASH,ASUNCION,CHACAS,SIERRA,4825.0,2008.0,2817.0,0.437675332039757,0.62525047434251,-9.16222222222222,-77.3658333333333,3387.0,10.757443766892299,0.42959293006707,30.403907,5.926086,0.36,0.65592,239.4108
020402,ANCASH,ASUNCION,ACOCHACA,SIERRA,2980.0,245.0,2735.0,0.437675332039757,0.6252504743425099,-9.11472222222222,-77.3683333333333,2864.0,43.028282079782599,0.3012354036633719,37.911803,11.19676,0.4452923055521492,0.0930660918603991,33.9691235290457
020501,ANCASH,BOLOGNESI,CHIQUIAN,SIERRA,4095.0,3815.0,280.0,0.37,0.5285714285714286,-10.1519444444444,-77.1563888888889,3410.0,22.437011294526499,0.515532198671602,17.422242,1.880641,0.37,1.36604,498.6046
020502,ANCASH,BOLOGNESI,ABELARDO PARDO LEZAMETA,SIERRA,231.0,189.0,42.0,0.437675332039757,0.62525047434251,-10.2991666666667,-77.1463888888889,2108.0,24.4031830238727,0.434686909176477,22.73741,0.363578,0.74,0.12062,44.0263
020503,ANCASH,BOLOGNESI,ANTONIO RAYMONDI,SIERRA,1034.0,345.0,689.0,0.437675332039757,0.6252504743425099,-10.1572222222222,-77.4705555555555,2139.0,11.1878685762426,0.369827709229959,42.121181,17.80798,0.4452923055521492,0.1335876916656447,48.75950745796034
020504,ANCASH,BOLOGNESI,AQUIA,SIERRA,2136.0,1103.0,1033.0,0.437675332039757,0.6252504743425099,-10.0744444444444,-77.145,3356.0,5.4118729866543998,0.4349590377318179,28.459053,2.897792,0.4452923055521492,0.4225823979689896,154.2425752586812
020505,ANCASH,BOLOGNESI,CAJACAY,SIERRA,1856.0,715.0,1141.0,0.437675332039757,0.6252504743425099,-10.1552777777778,-77.4397222222222,2616.0,9.72754584067129,0.453115730804935,22.052934,5.079865,0.4452923055521492,0.3063611062198786,111.82180377025573
020506,ANCASH,BOLOGNESI,CANIS,SIERRA,298.0,287.0,11.0,0.437675332039757,0.6252504743425101,-10.3388888888889,-77.1688888888889,2465.0,19.280205655526998,0.4605638762058419,33.31055,7.225021,0.4452923055521492,0.1050889841103072,38.35747920026213
020507,ANCASH,BOLOGNESI,COLQUIOC,COSTA,2404.0,1683.0,721.0,0.5,0.7142857142857144,-10.3122222222222,-77.6152777777778,772.0,7.5306798732748303,0.531955068221419,13.461006,0.809487,0.4881283256607997,0.7243824352806267,264.3995888774288
020508,ANCASH,BOLOGNESI,HUALLANCA,SIERRA,6610.0,5514.0,1096.0,0.76,1.085714285714286,-9.89944444444445,-76.9416666666667,3563.0,7.9242949884931102,0.452876491017844,28.567574,3.722387,0.76,3.93224,1435.2676
020509,ANCASH,BOLOGNESI,HUASTA,SIERRA,1408.0,1080.0,328.0,0.23,0.3285714285714285,-10.1233333333333,-77.1466666666667,3382.0,4.76399164754711,0.371872019520609,36.252914,6.551564,0.29,0.26332,96.1118
020510,ANCASH,BOLOGNESI,HUAYLLACAYAN,SIERRA,1361.0,353.0,1008.0,0.437675332039757,0.62525047434251,-10.245,-77.4347222222222,3287.0,9.8679584342526692,0.334208053634225,46.825821,13.12803,0.4452923055521492,0.1393764916378227,50.872419447805285
020511,ANCASH,BOLOGNESI,LA PRIMAVERA,SIERRA,458.0,344.0,114.0,0.34,0.4857142857142857,-10.3355555555556,-77.1252777777778,2658.0,5.2324734003789501,0.34607608310267,37.535376,14.50879,0.37,0.1084099999999999,39.56965
020512,ANCASH,BOLOGNESI,MANGAS,SIERRA,520.0,384.0,136.0,0.37,0.5285714285714286,-10.3694444444444,-77.1033333333333,3492.0,4.4889502762430897,0.36715018032312,33.31055,4.589867,0.37,0.1295,47.2675
020513,ANCASH,BOLOGNESI,PACLLON,SIERRA,915.0,811.0,104.0,0.437675332039757,0.6252504743425099,-10.2344444444444,-77.0716666666667,3296.0,5.4439098028115902,0.426940857604432,22.73741,3.203564,0.4452923055521492,0.3090328600531915,112.7969939194149
020514,ANCASH,BOLOGNESI,SAN MIGUEL DE CORPANQUI,SIERRA,492.0,408.0,84.0,0.42,0.5999999999999999,-10.285,-77.1988888888889,3405.0,7.0351758793969799,0.3990668441244529,22.73741,2.366919,0.42,0.147,53.655
020515,ANCASH,BOLOGNESI,TICLLOS,SIERRA,656.0,568.0,88.0,0.437675332039757,0.62525047434251,-10.2530555555556,-77.1908333333333,3665.0,7.12448272005369,0.403408425537718,35.985119,14.07878,0.4452923055521492,0.2204196912483138,80.45318730563456
020601,ANCASH,CARHUAZ,CARHUAZ,SIERRA,16428.0,10541.0,5887.0,0.36,0.5142857142857143,-9.28138888888889,-77.6466666666667,2663.0,86.404274997430903,0.4417978785654809,25.341305,11.12687,0.35,3.66905,1339.20325
020602,ANCASH,CARHUAZ,ACOPAMPA,SIERRA,2768.0,1030.0,1738.0,0.437675332039757,0.6252504743425101,-9.29472222222222,-77.6252777777778,2692.0,191.249117854622,0.466980736228574,26.14765,4.564928,0.23,0.22724,82.9426
020603,ANCASH,CARHUAZ,AMASHCA,SIERRA,1529.0,739.0,790.0,0.437675332039757,0.62525047434251,-9.23916666666667,-77.6466666666667,2905.0,165.72143452877401,0.2940821281880119,36.63522,9.00453,0.4452923055521492,0.3054705216087743,111.49674038720264
020604,ANCASH,CARHUAZ,ANTA,SIERRA,2579.0,778.0,1801.0,0.3,0.4285714285714285,-9.35777777777778,-77.5988888888889,2800.0,73.289183222958101,0.379037874851395,46.097252,14.22365,0.4452923055521492,0.3281804291919339,119.7858566550559
020605,ANCASH,CARHUAZ,ATAQUERO,SIERRA,1607.0,295.0,1312.0,0.437675332039757,0.6252504743425101,-9.26222222222222,-77.6916666666667,2749.0,43.329097839898303,0.2588836486915189,41.993193,17.09452,0.63,0.17388,63.4662
020606,ANCASH,CARHUAZ,MARCARA,SIERRA,10593.0,3979.0,6614.0,0.347,0.4957142857142857,-9.32277777777777,-77.6036111111111,2767.0,70.277477935107001,0.416163030306859,24.508283,12.00798,0.34,1.3304200000000002,485.6033000000001
020607,ANCASH,CARHUAZ,PARIAHUANCA,SIERRA,1458.0,641.0,817.0,0.437675332039757,0.62525047434251,-9.36527777777778,-77.5808333333333,2830.0,145.144804088586,0.426111482556431,26.14765,14.68581,0.4452923055521492,0.2694018448590503,98.33167337355336
020608,ANCASH,CARHUAZ,SAN MIGUEL DE ACO,SIERRA,2505.0,395.0,2110.0,0.437675332039757,0.6252504743425099,-9.36833333333333,-77.5644444444444,2956.0,22.189857345582201,0.2562667401651719,59.511489,9.619736,0.4452923055521492,0.1620863992209823,59.16153571565855
020609,ANCASH,CARHUAZ,SHILLA,SIERRA,2943.0,995.0,1948.0,0.4203505822563048,0.600500831794721,-9.23166666666667,-77.625,3036.0,30.970120592979502,0.246231260554127,26.14765,10.46035,0.49,0.4488399999999999,163.82659999999998
020610,ANCASH,CARHUAZ,TINCO,SIERRA,3778.0,1634.0,2144.0,0.437675332039757,0.6252504743425099,-9.27083333333334,-77.6775,2606.0,220.466321243523,0.458797836142812,34.544772,7.384604,0.4452923055521492,0.7284982118833161,265.9018473374104
020611,ANCASH,CARHUAZ,YUNGAR,SIERRA,3278.0,742.0,2536.0,0.437675332039757,0.6252504743425099,-9.3775,-77.5922222222222,2836.0,76.459185871203999,0.399760310360676,34.352941,10.37092,0.4452923055521492,0.3085875677476394,112.63446222788838
020701,ANCASH,CARLOS F. FITZCARRALD,SAN LUIS,SIERRA,11158.0,3756.0,7402.0,0.34,0.4857142857142858,-9.09416666666667,-77.3288888888889,3145.0,44.4024176252681,0.3352882109430749,35.243619,16.04576,0.34,1.17164,427.6486
020702,ANCASH,CARLOS F. FITZCARRALD,SAN NICOLAS,SIERRA,3282.0,1085.0,2197.0,0.437675332039757,0.62525047434251,-8.97583333333334,-77.1891666666667,2890.0,19.960484320380999,0.2363618546328329,53.17466,17.64446,0.4452923055521492,0.4310429517744804,157.33067739768535
020703,ANCASH,CARLOS F. FITZCARRALD,YAUYA,SIERRA,4257.0,866.0,3391.0,0.437675332039757,0.62525047434251,-8.99111111111111,-77.2913888888889,3257.0,29.587465524323701,0.268745191949454,46.599182,19.46463,0.4452923055521492,0.3370862753029769,123.0364904855866
020801,ANCASH,CASMA,CASMA,COSTA,39286.0,35891.0,3395.0,0.62,0.8857142857142856,-9.47583333333334,-78.3063888888889,59.0,30.6577582271652,0.587346060698221,16.666532,1.823669,0.62,23.62882,8624.5193
020802,ANCASH,CASMA,BUENA VISTA ALTA,COSTA,5276.0,2758.0,2518.0,0.499650387386001,0.7137862676942873,-9.4325,-78.2069444444444,225.0,10.712936930888301,0.485047467080838,24.24014,4.260352,0.4881283256607997,1.3521154620804152,493.5221436593516
020803,ANCASH,CASMA,COMANDANTE NOEL,COSTA,2313.0,1667.0,646.0,0.499650387386001,0.7137862676942873,-9.4625,-78.3847222222222,14.0,12.2144270552258,0.52517512103102,13.944203,6.058059,0.4881283256607997,0.804435480688998,293.61895045148424
020804,ANCASH,CASMA,YAUTAN,COSTA,9002.0,3353.0,5649.0,0.499650387386001,0.7137862676942873,-9.51138888888889,-77.9963888888889,831.0,25.103583426651699,0.46043079060788,24.24014,5.985627,0.32,1.0288,375.512
020901,ANCASH,CORONGO,CORONGO,SIERRA,1792.0,1337.0,455.0,0.437675332039757,0.6252504743425101,-8.57083333333333,-77.8988888888889,3172.0,11.094808914972401,0.368138104449838,40.723428,6.768192,0.4452923055521492,0.5833329202733155,212.91651589976016
020902,ANCASH,CORONGO,ACO,SIERRA,391.0,209.0,182.0,0.437675332039757,0.6252504743425099,-8.52305555555555,-77.8777777777777,3118.0,8.1358330385567701,0.393262941710595,44.305189,9.084512,0.4452923055521492,0.080597907304939,29.41823616630274
020903,ANCASH,CORONGO,BAMBAS,SIERRA,483.0,401.0,82.0,0.437675332039757,0.6252504743425101,-8.6025,-77.9969444444445,2943.0,3.5069145768543599,0.299967293586623,61.961049,12.7844,0.4452923055521492,0.1687657838042645,61.59951108855656
020904,ANCASH,CORONGO,CUSCA,SIERRA,2874.0,1105.0,1769.0,0.437675332039757,0.6252504743425099,-8.51333333333333,-77.8647222222222,3196.0,7.1874620337747501,0.340247118350095,36.098091,8.538492,0.4452923055521492,0.4702286746630695,171.63346625202038
020905,ANCASH,CORONGO,LA PAMPA,SIERRA,1084.0,815.0,269.0,0.22,0.3142857142857143,-8.66111111111111,-77.9008333333333,1803.0,11.4328294656164,0.4617372894434679,32.886792,2.537687,0.26,0.19942,72.7883
020906,ANCASH,CORONGO,YANAC,SIERRA,672.0,253.0,419.0,0.437675332039757,0.62525047434251,-8.61861111111111,-77.8647222222222,2877.0,18.167938931297702,0.3504725276131179,52.413249,14.29526,0.4452923055521492,0.1010813533603378,36.89469397652332
020907,ANCASH,CORONGO,YUPAN,SIERRA,741.0,694.0,47.0,0.437675332039757,0.62525047434251,-8.61444444444444,-77.9686111111111,2781.0,4.4951671130779101,0.4691086457082689,50.872416,6.485409,0.4452923055521492,0.2947835062755227,107.5959797905658
021001,ANCASH,HUARI,HUARI,SIERRA,9806.0,6254.0,3552.0,0.3,0.4285714285714286,-9.34722222222222,-77.1708333333333,3114.0,23.707101852548199,0.47060209619685,24.245806,5.330713,0.33,2.0031000000000003,731.1315000000001
021002,ANCASH,HUARI,ANRA,SIERRA,1443.0,295.0,1148.0,0.437675332039757,0.6252504743425101,-9.23472222222222,-76.9263888888889,3197.0,32.810359855559703,0.266202407763646,41.566079,10.77872,0.28,0.07392,26.9808
021003,ANCASH,HUARI,CAJAY,SIERRA,2690.0,665.0,2025.0,0.4203505822563048,0.6005008317947212,-9.32583333333334,-77.1575,3175.0,27.2168183244431,0.3260002708623849,46.527698,15.2029,0.31,0.19065,69.58725000000001
021004,ANCASH,HUARI,CHAVIN DE HUANTAR,SIERRA,8517.0,2369.0,6148.0,0.33,0.4714285714285715,-9.58861111111111,-77.1783333333333,3115.0,21.986501739110398,0.3333168810532179,29.431013,11.87955,0.4452923055521492,0.9921112567701884,362.12060872111874
021005,ANCASH,HUARI,HUACACHI,SIERRA,1862.0,790.0,1072.0,0.437675332039757,0.6252504743425099,-9.31555555555556,-76.9386111111111,3498.0,31.014994232987299,0.323101928621058,36.309609,7.935187,0.4452923055521492,0.3304068907196947,120.5985151126886
021006,ANCASH,HUARI,HUACCHIS,SIERRA,1446.0,970.0,476.0,0.437675332039757,0.6252504743425101,-9.20055555555555,-76.7869444444444,3491.0,29.268292682926798,0.290412328331904,34.246844,5.69533,0.4452923055521492,0.3874043058303698,141.40257162808498
021007,ANCASH,HUARI,HUACHIS,SIERRA,3604.0,1610.0,1994.0,0.437675332039757,0.6252504743425099,-9.41,-77.1,3275.0,33.290012346481298,0.3087247883566879,28.47654,10.73264,0.4452923055521492,0.6888671966891748,251.43652679154883
021008,ANCASH,HUARI,HUANTAR,SIERRA,2768.0,959.0,1809.0,0.4203505822563048,0.6005008317947212,-9.45194444444444,-77.1766666666667,3363.0,20.531540185718899,0.379487489308903,33.146911,8.734647,0.2,0.1802,65.77300000000001
021009,ANCASH,HUARI,MASIN,SIERRA,1401.0,796.0,605.0,0.437675332039757,0.62525047434251,-9.36583333333333,-77.0963888888889,2547.0,26.616221956723699,0.351384874224269,28.47654,11.26219,0.4452923055521492,0.3170481215531302,115.72256436689251
021010,ANCASH,HUARI,PAUCAS,SIERRA,1601.0,1268.0,333.0,0.437675332039757,0.62525047434251,-9.15250000000001,-76.8994444444445,3433.0,18.949079890621501,0.3755869124057369,30.4447,6.815552,0.66,0.7768200000000001,283.5393
021011,ANCASH,HUARI,PONTO,SIERRA,2781.0,920.0,1861.0,0.437675332039757,0.6252504743425101,-9.32611111111111,-77.0044444444444,3142.0,35.412968129174097,0.287872734604094,40.41345,8.925165,0.4452923055521492,0.3700379059138359,135.06383565855012
021012,ANCASH,HUARI,RAHUAPAMPA,SIERRA,751.0,524.0,227.0,0.4203505822563048,0.600500831794721,-9.35916666666667,-77.0786111111111,2521.0,100.77605321507799,0.468768370876035,30.4447,2.34504,0.7,0.364,132.86
021013,ANCASH,HUARI,RAPAYAN,SIERRA,1483.0,682.0,801.0,0.437675332039757,0.62525047434251,-9.2025,-76.7594444444444,3233.0,15.0899958141482,0.2753242990998,35.258642,3.709486,0.4452923055521492,0.2814247371089583,102.7200290447698
021014,ANCASH,HUARI,SAN MARCOS,SIERRA,18998.0,4919.0,14079.0,0.33,0.4714285714285715,-9.52416666666667,-77.1569444444444,2988.0,40.364616075437802,0.5466010705537508,24.785192,5.46434,0.34,1.66328,607.0972
021015,ANCASH,HUARI,SAN PEDRO DE CHANA,SIERRA,2695.0,1097.0,1598.0,0.54,0.7714285714285714,-9.40305555555556,-77.0111111111111,3439.0,31.590335376848198,0.2758200823642589,40.53261,7.387852,0.4452923055521492,0.471564551579726,172.1210613266
021016,ANCASH,HUARI,UCO,SIERRA,1327.0,686.0,641.0,0.312,0.4457142857142857,-9.18833333333333,-76.9283333333333,3347.0,34.321954859168102,0.364502215703536,40.094571,8.202859,0.4452923055521492,0.2760812294423325,100.76964874645138
021101,ANCASH,HUARMEY,HUARMEY,COSTA,26644.0,23294.0,3350.0,0.87,1.2428571428571429,-10.0688888888889,-78.1516666666667,30.0,9.4977162639321708,0.5943297962731359,13.929274,1.14598,0.75,17.943,6549.195000000001
021102,ANCASH,HUARMEY,COCHAPETI,COSTA,820.0,238.0,582.0,0.499650387386001,0.7137862676942873,-9.98722222222222,-77.6461111111111,3529.0,10.247950409917999,0.296396777362021,41.711712,19.58972,0.4881283256607997,0.1034832050400895,37.77136983963268
021103,ANCASH,HUARMEY,CULEBRAS,COSTA,3382.0,1798.0,1584.0,0.499650387386001,0.7137862676942873,-9.95027777777777,-78.2222222222222,41.0,4.4299880999603296,0.5224048648235688,13.840706,6.053902,0.43,0.7387400000000001,269.6401
021104,ANCASH,HUARMEY,HUAYAN,COSTA,971.0,385.0,586.0,0.499650387386001,0.7137862676942873,-9.87527777777778,-77.7083333333333,2702.0,16.1044244787252,0.436092659222631,19.663807,16.69299,0.4881283256607997,0.1703567856556191,62.18022676430097
021105,ANCASH,HUARMEY,MALVAS,COSTA,782.0,340.0,442.0,0.499650387386001,0.7137862676942873,-9.92972222222222,-77.6577777777778,3132.0,4.2091836734693899,0.4138076205150549,25.757746,9.340407,0.4881283256607997,0.1469266260239007,53.62821849872376
021201,ANCASH,HUAYLAS,CARAZ,SIERRA,26663.0,16042.0,10621.0,0.55,0.785714285714286,-9.04861111111111,-77.8047222222222,2273.0,109.83287360051899,0.49842722626264,24.847898,7.667243,0.69,10.767449999999998,3930.1192499999993
021202,ANCASH,HUAYLAS,HUALLANCA,SIERRA,1096.0,553.0,543.0,0.437675332039757,0.62525047434251,-8.81888888888889,-77.8630555555555,1391.0,6.5604026845637602,0.530765394213046,43.176707,2.977622,0.4452923055521492,0.2382313834703998,86.95445496669593
021203,ANCASH,HUAYLAS,HUATA,SIERRA,1410.0,214.0,1196.0,0.437675332039757,0.6252504743425099,-9.01638888888889,-77.8613888888889,2712.0,23.1574480124487,0.302874644047645,53.980655,21.27071,0.4452923055521492,0.083714953443804,30.55595800698848
021204,ANCASH,HUAYLAS,HUAYLAS,SIERRA,1712.0,392.0,1320.0,0.437675332039757,0.62525047434251,-8.8725,-77.8927777777778,2735.0,33.081385129196697,0.3655518536743779,30.338104,11.09654,0.32,0.112,40.88
021205,ANCASH,HUAYLAS,MATO,SIERRA,1977.0,999.0,978.0,0.2,0.2857142857142857,-8.96138888888889,-77.8425,2209.0,20.967139656459999,0.349277911295229,40.957408,17.46226,0.4452923055521492,0.4078877518857687,148.87902943830557
021206,ANCASH,HUAYLAS,PAMPAROMAS,SIERRA,8577.0,466.0,8111.0,0.437675332039757,0.6252504743425099,-9.07333333333333,-77.9816666666667,2772.0,18.982572781303499,0.2531273713853859,44.672571,41.12887,0.4452923055521492,0.1843510144985897,67.28812029198527
021207,ANCASH,HUAYLAS,PUEBLO LIBRE,SIERRA,6980.0,509.0,6471.0,0.437675332039757,0.6252504743425099,-9.11,-77.8019444444444,2485.0,65.577525001908597,0.3084378187836049,49.106572,24.00041,0.31,0.14105,51.483250000000005
021208,ANCASH,HUAYLAS,SANTA CRUZ,SIERRA,4606.0,702.0,3904.0,0.31,0.4428571428571429,-8.95194444444444,-77.815,2890.0,15.8205199888174,0.242702594640572,52.231081,21.46937,0.31,0.19437,70.94505000000001
021209,ANCASH,HUAYLAS,SANTO TORIBIO,SIERRA,1113.0,266.0,847.0,0.437675332039757,0.62525047434251,-8.86444444444445,-77.9147222222222,2926.0,15.2158010241405,0.342047557546361,48.920942,15.23159,0.4452923055521492,0.1037531071936507,37.869884125682525
021210,ANCASH,HUAYLAS,YURACMARCA,SIERRA,2161.0,483.0,1678.0,0.437675332039757,0.62525047434251,-8.7375,-77.9038888888889,1484.0,4.3556655471097701,0.2981493197931089,54.506004,16.66361,0.4452923055521492,0.2026079990262279,73.95191964457318
021301,ANCASH,MARISCAL LUZURIAGA,PISCOBAMBA,SIERRA,3158.0,1472.0,1686.0,0.437675332039757,0.62525047434251,-8.865,-77.3577777777778,3326.0,68.669714783366004,0.4482516464400019,31.635651,5.213621,0.45,0.6129,223.7085
021302,ANCASH,MARISCAL LUZURIAGA,CASCA,SIERRA,4036.0,344.0,3692.0,0.437675332039757,0.6252504743425099,-8.85555555555556,-77.3986111111111,3176.0,57.0043939002326,0.1885553607802699,58.036169,18.86381,0.4452923055521492,0.1362594454989576,49.73469760711954
021303,ANCASH,MARISCAL LUZURIAGA,ELEAZAR GUZMAN BARRON,SIERRA,1413.0,154.0,1259.0,0.437675332039757,0.6252504743425101,-8.90222222222222,-77.2438888888889,2845.0,15.3256704980843,0.278003850203603,50.877294,31.0888,0.4452923055521492,0.062786215082853,22.91696850524136
021304,ANCASH,MARISCAL LUZURIAGA,FIDEL OLIVAS ESCUDERO,SIERRA,2016.0,168.0,1848.0,0.437675332039757,0.62525047434251,-8.80611111111111,-77.2797222222222,2849.0,12.606190801679499,0.182492023239579,64.538085,21.98461,0.4452923055521492,0.0650126766106137,23.729626962874036
021305,ANCASH,MARISCAL LUZURIAGA,LLAMA,SIERRA,1040.0,144.0,896.0,0.437675332039757,0.62525047434251,-8.915,-77.3013888888889,2839.0,25.992104716393101,0.3011251388826309,45.681818,9.93704,0.4452923055521492,0.0552162458884665,20.153929749290278
021306,ANCASH,MARISCAL LUZURIAGA,LLUMPA,SIERRA,6294.0,367.0,5927.0,0.437675332039757,0.6252504743425101,-8.96083333333334,-77.3675,2900.0,46.688071473441703,0.1933413124190999,55.002729,19.39157,0.4452923055521492,0.152289968498835,55.58583850207479
021307,ANCASH,MARISCAL LUZURIAGA,LUCMA,SIERRA,2894.0,126.0,2768.0,0.437675332039757,0.6252504743425099,-8.91944444444445,-77.4108333333333,3096.0,41.889621300245601,0.224737463322669,52.653734,17.76709,0.4452923055521492,0.0498727382218407,18.20354945097186
021308,ANCASH,MARISCAL LUZURIAGA,MUSGA,SIERRA,1040.0,333.0,707.0,0.437675332039757,0.6252504743425101,-8.90611111111111,-77.3391666666667,3001.0,25.125881168177202,0.4185565218415909,52.200894,7.290175,0.4452923055521492,0.1331423993600926,48.59697576643381
021401,ANCASH,OCROS,OCROS,SIERRA,1275.0,864.0,411.0,0.75,1.0714285714285714,-10.4033333333333,-77.3966666666667,3238.0,5.5042290175666899,0.4778495277315419,17.105698,7.512887,0.55,0.4455,162.60750000000002
021402,ANCASH,OCROS,ACAS,SIERRA,689.0,350.0,339.0,0.437675332039757,0.6252504743425101,-10.4575,-77.3277777777778,3712.0,1.56051964512041,0.4691400862467379,28.06648,7.552923,0.4452923055521492,0.131361230137884,47.94684900032766
021403,ANCASH,OCROS,CAJAMARQUILLA,SIERRA,307.0,298.0,9.0,0.437675332039757,0.6252504743425099,-10.3541666666667,-77.1991666666667,3545.0,2.5026483050847501,0.407202589343994,34.49565,4.409512,0.4452923055521492,0.1184477532768717,43.233429946058166
021404,ANCASH,OCROS,CARHUAPAMPA,SIERRA,469.0,431.0,38.0,0.437675332039757,0.62525047434251,-10.4975,-77.2427777777778,2250.0,4.2812898524321401,0.413811224747403,34.49565,8.233849,0.4452923055521492,0.1607505223043258,58.67394064107894
021405,ANCASH,OCROS,COCHAS,COSTA,1553.0,488.0,1065.0,0.499650387386001,0.7137862676942873,-10.5366666666667,-77.4227777777778,1290.0,3.3891254343464001,0.531798145443085,23.49801,7.569323,0.4881283256607997,0.2299084413862366,83.91658110597639
021406,ANCASH,OCROS,CONGAS,SIERRA,1313.0,951.0,362.0,0.84,1.2,-10.3375,-77.4427777777778,3112.0,8.9133276936091708,0.358769396253086,28.06648,12.55317,0.46,0.41906,152.9569
021407,ANCASH,OCROS,LLIPA,SIERRA,259.0,236.0,23.0,0.437675332039757,0.6252504743425099,-10.3925,-77.1908333333333,2767.0,7.0347284060552102,0.484529646716276,23.49801,5.820398,0.4452923055521492,0.0903943380270863,32.9939333798865
021408,ANCASH,OCROS,SAN CRISTOBAL DE RAJAN,SIERRA,449.0,338.0,111.0,0.437675332039757,0.62525047434251,-10.3869444444444,-77.2194444444445,3634.0,7.7490774907749103,0.4746105443639639,34.49565,2.730847,0.4452923055521492,0.125572430165706,45.83393701048272
021409,ANCASH,OCROS,SAN PEDRO,COSTA,593.0,210.0,383.0,0.499650387386001,0.7137862676942873,-10.3719444444444,-77.4872222222222,2243.0,1.66412529884603,0.486843688940347,28.06648,5.867743,0.4881283256607997,0.0751717621517631,27.437693185393552
021410,ANCASH,OCROS,SANTIAGO DE CHILCAS,SIERRA,452.0,318.0,134.0,0.437675332039757,0.62525047434251,-10.4386111111111,-77.3658333333333,3692.0,4.7574626865671696,0.4644248761614209,39.95614,17.87574,0.54,0.17064,62.28360000000001
021501,ANCASH,PALLASCA,CABANA,SIERRA,2608.0,1944.0,664.0,0.634,0.9057142857142856,-8.39305555555556,-78.0088888888889,3156.0,18.643955020294101,0.4067129363825359,32.465266,5.684376,0.65,1.196,436.54
021502,ANCASH,PALLASCA,BOLOGNESI,SIERRA,1043.0,356.0,687.0,0.437675332039757,0.6252504743425101,-8.35055555555556,-78.0505555555555,2931.0,13.697053406998201,0.367724449526871,51.723124,4.681621,0.4452923055521492,0.1380406147211662,50.38482437322569
021503,ANCASH,PALLASCA,CONCHUCOS,SIERRA,7877.0,4401.0,3476.0,0.54,0.7714285714285714,-8.26861111111111,-77.8527777777777,3206.0,14.609391019069101,0.2753622576799399,62.678741,16.86377,0.55,2.2863500000000005,834.5177500000002
021504,ANCASH,PALLASCA,HUACASCHUQUE,SIERRA,543.0,213.0,330.0,0.437675332039757,0.62525047434251,-8.30638888888889,-78.0047222222222,3140.0,9.8757666299732705,0.300742701581425,68.224195,0.947452,0.4452923055521492,0.0841602457493562,30.718489698515015
021505,ANCASH,PALLASCA,HUANDOVAL,SIERRA,1087.0,715.0,372.0,0.437675332039757,0.6252504743425099,-8.33111111111111,-77.9752777777778,3063.0,9.0086206896551708,0.379155599847397,47.522474,5.08669,0.4452923055521492,0.3010175985532529,109.8714234719373
021506,ANCASH,PALLASCA,LACABAMBA,SIERRA,528.0,294.0,234.0,0.437675332039757,0.62525047434251,-8.26027777777778,-77.8983333333333,3427.0,9.6165739022881809,0.3527816202870179,63.25463,9.40071,0.4452923055521492,0.1180024609713195,43.07089825453164
021507,ANCASH,PALLASCA,LLAPO,SIERRA,629.0,613.0,16.0,0.58,0.8285714285714286,-8.51444444444445,-78.0422222222222,3416.0,22.342279539909399,0.3607410071481609,45.888685,1.672724,0.8,0.472,172.28
021508,ANCASH,PALLASCA,PALLASCA,SIERRA,2529.0,1021.0,1508.0,0.437675332039757,0.62525047434251,-8.25305555555556,-77.9994444444445,3086.0,45.373933411410398,0.355183333973533,57.940699,9.483333,0.4452923055521492,0.4225823979689896,154.2425752586812
021509,ANCASH,PALLASCA,PAMPAS,SIERRA,3902.0,2424.0,1478.0,0.437675332039757,0.62525047434251,-8.19527777777778,-77.8958333333333,3216.0,10.3290885024419,0.3196297218004959,45.010098,15.25838,0.71,1.40438,512.5987
021510,ANCASH,PALLASCA,SANTA ROSA,SIERRA,1148.0,333.0,815.0,0.437675332039757,0.6252504743425101,-8.52777777777778,-78.0675,2413.0,3.31358570137564,0.37229749975169,50.658076,4.336558,0.4452923055521492,0.1375953224156141,50.22229268169915
021511,ANCASH,PALLASCA,TAUCA,SIERRA,2835.0,1341.0,1494.0,0.437675332039757,0.6252504743425099,-8.47027777777778,-78.0377777777778,3368.0,13.485080336648799,0.303780056790013,59.271944,8.791797,0.2,0.2446,89.27900000000001
021601,ANCASH,POMABAMBA,POMABAMBA,SIERRA,14928.0,5682.0,9246.0,0.64,0.9142857142857144,-8.82111111111111,-77.4602777777778,2964.0,44.156702690273598,0.4250153304535139,33.104059,11.38241,0.66,3.50856,1280.6244000000002
021602,ANCASH,POMABAMBA,HUAYLLAN,SIERRA,3094.0,493.0,2601.0,0.437675332039757,0.6252504743425101,-8.85805555555556,-77.4355555555556,2993.0,41.632010790153998,0.2869357465863149,49.252652,18.3879,0.4452923055521492,0.1923662759985284,70.21369073946289
021603,ANCASH,POMABAMBA,PAROBAMBA,SIERRA,6404.0,1053.0,5351.0,0.437675332039757,0.6252504743425101,-8.69583333333333,-77.4297222222222,3182.0,20.691633947447901,0.1283858945190259,49.471399,25.31374,0.4452923055521492,0.4225823979689896,154.2425752586812
021604,ANCASH,POMABAMBA,QUINUABAMBA,SIERRA,2334.0,228.0,2106.0,0.437675332039757,0.6252504743425099,-8.69722222222222,-77.3983333333333,3129.0,17.253183623168599,0.186315086296893,63.401246,26.9718,0.4452923055521492,0.0908396303326384,33.15646507141303
021701,ANCASH,RECUAY,RECUAY,SIERRA,4577.0,3237.0,1340.0,0.5,0.7142857142857143,-9.72166666666667,-77.4563888888889,3428.0,43.3687744823727,0.464622223515603,24.49413,5.023791,0.52,1.56208,570.1592
021702,ANCASH,RECUAY,CATAC,SIERRA,4070.0,2766.0,1304.0,0.437675332039757,0.62525047434251,-9.80166666666667,-77.4305555555556,3579.0,4.8788631698861797,0.4654799331603379,24.49413,5.639719,0.35,0.9191,335.4715
021703,ANCASH,RECUAY,COTAPARACO,SIERRA,409.0,360.0,49.0,0.73,1.042857142857143,-9.99333333333333,-77.5880555555555,3032.0,3.9803297656928001,0.4208169632304389,24.544536,7.976695,0.66,0.20856,76.1244
021704,ANCASH,RECUAY,HUAYLLAPAMPA,SIERRA,614.0,320.0,294.0,0.437675332039757,0.6252504743425099,-10.0555555555556,-77.5366666666667,2908.0,8.2818881185297695,0.2449923595939519,39.387722,21.14052,0.4452923055521492,0.113549537915798,41.44558133926629
021705,ANCASH,RECUAY,LLACLLIN,SIERRA,893.0,712.0,181.0,0.45,0.6428571428571429,-10.0691666666667,-77.6216666666667,3020.0,11.1473788328388,0.428227552825096,22.66293,25.96223,0.45,0.27225,99.37125
021706,ANCASH,RECUAY,MARCA,SIERRA,1843.0,1700.0,143.0,0.437675332039757,0.62525047434251,-10.0891666666667,-77.4744444444444,2615.0,6.0051936810214199,0.393557897456055,36.242482,1.882329,0.8,1.516,553.34
021707,ANCASH,RECUAY,PAMPAS CHICO,SIERRA,901.0,513.0,388.0,0.437675332039757,0.62525047434251,-10.1147222222222,-77.3980555555556,3552.0,11.3720027857925,0.3896151563653599,22.66293,6.068704,0.4452923055521492,0.185241599109694,67.61318367503833
021708,ANCASH,RECUAY,PARARIN,COSTA,1681.0,426.0,1255.0,0.499650387386001,0.7137862676942872,-10.05,-77.6544444444445,3402.0,5.9172061997253298,0.3625706176309009,22.66293,53.93654,0.4881283256607997,0.2030613834748927,74.11740496833583
021709,ANCASH,RECUAY,TAPACOCHA,SIERRA,440.0,292.0,148.0,0.437675332039757,0.62525047434251,-10.0102777777778,-77.5691666666667,3596.0,7.9034839345069496,0.247469188502356,22.66293,14.60365,0.4452923055521492,0.1175571686657673,42.908366563005096
021710,ANCASH,RECUAY,TICAPAMPA,SIERRA,2726.0,1796.0,930.0,0.437675332039757,0.62525047434251,-9.76055555555556,-77.4427777777778,3485.0,21.568627450980401,0.4608039099187539,22.66293,1.608318,0.4452923055521492,0.7828238731606784,285.7307137036476
021801,ANCASH,SANTA,CHIMBOTE,COSTA,216601.0,207696.0,8905.0,0.52,0.7428571428571428,-9.04166666666667,-78.6077777777778,52.0,169.818124589446,0.613828089761083,15.745519,0.808274,0.6,123.56279999999998,45100.42199999999
021802,ANCASH,SANTA,CACERES DEL PERU,SIERRA,4828.0,1019.0,3809.0,0.437675332039757,0.62525047434251,-9.01305555555555,-78.1380555555555,1210.0,10.595147149769,0.3830540200470309,44.268123,4.83921,0.4452923055521492,0.3918572288858913,143.02788854335031
021803,ANCASH,SANTA,COISHCO,COSTA,17236.0,17236.0,0.0,0.6,0.8571428571428572,-9.02305555555555,-78.6161111111111,31.0,1974.5928338762201,0.576717631510067,19.491299,1.671056,0.61,10.79944,3941.7956
021804,ANCASH,SANTA,MACATE,SIERRA,3315.0,352.0,2963.0,0.437675332039757,0.6252504743425101,-8.76027777777778,-78.0613888888889,2731.0,6.8793295133840804,0.3101560714876699,55.6831,16.58829,0.4452923055521492,0.1295800609156754,47.29672223422153
021805,ANCASH,SANTA,MORO,SIERRA,8576.0,4389.0,4187.0,0.79,1.1285714285714288,-9.13888888888889,-78.1833333333333,504.0,26.545150967023801,0.4259847482247999,20.081087,4.265941,0.66,2.74032,1000.2168
021806,ANCASH,SANTA,NEPEÑA,COSTA,14742.0,13706.0,1036.0,0.45,0.6428571428571429,-9.17277777777777,-78.3608333333333,159.0,33.718138966480502,0.568820669072786,19.718336,3.30602,0.45,6.1636500000000005,2249.73225
021807,ANCASH,SANTA,SAMANCO,COSTA,5129.0,3842.0,1287.0,0.37,0.5285714285714286,-9.26222222222222,-78.4958333333333,17.0,33.881023509546701,0.5575370467693909,21.460478,4.968667,0.37,1.42302,519.4023
021808,ANCASH,SANTA,SANTA,COSTA,22242.0,20119.0,2123.0,0.41,0.5857142857142857,-8.98777777777778,-78.6130555555555,35.0,825.71631541558099,0.5751416396314168,19.865735,3.055667,0.41,8.50873,3105.68645
021809,ANCASH,SANTA,NUEVO CHIMBOTE,COSTA,174513.0,173373.0,1140.0,0.6,0.8571428571428572,-9.12861111111111,-78.5308333333333,40.0,396.04598055063798,0.6459598096056909,9.905873,0.217695,0.56,105.32312,38442.9388
021901,ANCASH,SIHUAS,SIHUAS,SIERRA,5678.0,4457.0,1221.0,0.47,0.6714285714285715,-8.55444444444445,-77.6308333333333,2767.0,127.77904587993601,0.528514394401842,27.851744,3.291815,0.54,2.36358,862.7067000000001
021902,ANCASH,SIHUAS,ACOBAMBA,SIERRA,1673.0,816.0,857.0,0.437675332039757,0.62525047434251,-8.32611111111111,-77.5819444444444,3147.0,12.584945112388899,0.2424454351792499,64.935532,8.677287,0.4452923055521492,0.3210557523030996,117.18534959063136
021903,ANCASH,SIHUAS,ALFONSO UGARTE,SIERRA,535.0,197.0,338.0,0.437675332039757,0.62525047434251,-8.45611111111111,-77.4266666666667,3197.0,7.75616404410854,0.314848008111813,55.834331,3.448555,0.4452923055521492,0.0712467688883438,26.00507064424552
021904,ANCASH,SIHUAS,CASHAPAMPA,SIERRA,2954.0,649.0,2305.0,0.437675332039757,0.62525047434251,-8.56111111111111,-77.6530555555556,3430.0,40.068697729988102,0.2235535999263509,48.143048,7.196478,0.4452923055521492,0.2573789526091422,93.94331770233693
021905,ANCASH,SIHUAS,CHINGALPO,SIERRA,933.0,463.0,470.0,0.437675332039757,0.62525047434251,-8.33861111111111,-77.5975,3157.0,6.7147806004618902,0.2968052058182469,48.780244,8.456198,0.4452923055521492,0.1807886760541726,65.987866759773
021906,ANCASH,SIHUAS,HUAYLLABAMBA,SIERRA,3740.0,1054.0,2686.0,0.437675332039757,0.62525047434251,-8.53472222222222,-77.5669444444444,3329.0,14.5976771680924,0.266558490115198,60.205834,14.85562,0.4452923055521492,0.4114500903301859,150.17928297051787
021907,ANCASH,SIHUAS,QUICHES,SIERRA,2428.0,552.0,1876.0,0.437675332039757,0.62525047434251,-8.395,-77.4911111111111,3035.0,18.737243162335002,0.203232027940383,45.549281,6.958288,0.4452923055521492,0.2137403066650316,78.01521193273655
021908,ANCASH,SIHUAS,RAGASH,SIERRA,2432.0,355.0,2077.0,0.437675332039757,0.62525047434251,-8.53166666666667,-77.6658333333333,3437.0,16.0278244183257,0.232558426391706,59.317969,5.964367,0.4452923055521492,0.1362594454989576,49.73469760711954
021909,ANCASH,SIHUAS,SAN JUAN,SIERRA,6870.0,641.0,6229.0,0.437675332039757,0.62525047434251,-8.64638888888889,-77.5819444444444,2739.0,39.098642706939401,0.184331585453285,62.39034,11.65598,0.4452923055521492,0.2596054141369029,94.75597615996958
021910,ANCASH,SIHUAS,SICSIBAMBA,SIERRA,1531.0,692.0,839.0,0.437675332039757,0.6252504743425101,-8.62333333333333,-77.5355555555555,3148.0,20.953488372092998,0.2835512649020219,47.918974,12.98981,0.4452923055521492,0.2685112602479459,98.00660999050028
022001,ANCASH,YUNGAY,YUNGAY,SIERRA,22118.0,10216.0,11902.0,0.31,0.4428571428571428,-9.14,-77.7447222222222,2517.0,81.343067803961205,0.422517557141792,28.646702,7.914258,0.41,4.043419999999999,1475.8482999999997
022002,ANCASH,YUNGAY,CASCAPARA,SIERRA,1725.0,159.0,1566.0,0.4203505822563048,0.600500831794721,-9.22638888888889,-77.7172222222222,2742.0,16.5630422209369,0.266921377690226,62.5019,17.14705,0.47,0.06439,23.50235
022003,ANCASH,YUNGAY,MANCOS,SIERRA,6904.0,2403.0,4501.0,0.33,0.4714285714285715,-9.19,-77.7122222222222,2542.0,116.34660421545701,0.3994345797094909,30.428205,6.669627,0.35,0.7738499999999999,282.45525
022004,ANCASH,YUNGAY,MATACOTO,SIERRA,1519.0,346.0,1173.0,0.25,0.3571428571428571,-9.17694444444444,-77.7472222222222,2486.0,41.466208476517799,0.301290575048594,41.341772,11.08124,0.2,0.0642,23.433000000000003
022005,ANCASH,YUNGAY,QUILLO,SIERRA,13049.0,1366.0,11683.0,0.437675332039757,0.62525047434251,-9.32861111111111,-78.0416666666667,1267.0,38.7288339619613,0.1341229023804499,59.194668,15.55745,0.44,0.55572,202.8378
022006,ANCASH,YUNGAY,RANRAHIRCA,SIERRA,2952.0,1065.0,1887.0,0.437675332039757,0.6252504743425101,-9.17305555555556,-77.7225,2496.0,149.23547400611599,0.407115546095261,40.109084,17.0372,0.6,0.6012,219.438
022007,ANCASH,YUNGAY,SHUPLUY,SIERRA,1932.0,200.0,1732.0,0.4,0.5714285714285715,-9.21694444444444,-77.6938888888889,2517.0,16.891683619998801,0.23586665766204,53.491018,20.19365,0.39,0.06747,24.62655
022008,ANCASH,YUNGAY,YANAMA,SIERRA,5476.0,435.0,5041.0,0.437675332039757,0.6252504743425099,-9.02055555555556,-77.4708333333333,3389.0,24.795426121136298,0.280668878185777,41.635967,17.78532,0.23,0.0851,31.0615
030101,APURIMAC,ABANCAY,ABANCAY,SIERRA,74800.0,67561.0,7239.0,0.5,0.7142857142857144,-13.6288888888889,-72.8861111111111,2500.0,226.08362347078901,0.6003753883715999,19.900498,2.403733,0.52,36.70992,13399.1208
030102,APURIMAC,ABANCAY,CHACOCHE,SIERRA,1425.0,1073.0,352.0,0.68,0.9714285714285716,-13.9411111111111,-72.9911111111111,3482.0,8.4255776464266496,0.3905381939283559,39.475629,9.943916,0.68,0.73236,267.3114
030103,APURIMAC,ABANCAY,CIRCA,SIERRA,1887.0,342.0,1545.0,0.437675332039757,0.6252504743425101,-13.8783333333333,-72.8758333333333,3206.0,5.0585961850143404,0.2872908283147619,44.881031,8.474463,0.4452923055521492,0.1371500301100619,50.059760990172606
030104,APURIMAC,ABANCAY,CURAHUASI,SIERRA,17127.0,7159.0,9968.0,0.437675332039757,0.62525047434251,-13.5413888888889,-72.6961111111111,2694.0,21.165554170028599,0.377913005157653,31.117322,15.26328,0.4452923055521492,3.064946939115443,1118.7056327771368
030105,APURIMAC,ABANCAY,HUANIPACA,SIERRA,2896.0,574.0,2322.0,0.437675332039757,0.6252504743425101,-13.4922222222222,-72.9333333333333,3155.0,10.4664601729,0.2692665770388419,44.652933,17.50909,0.4452923055521492,0.2132950143594794,77.85268024121001
030106,APURIMAC,ABANCAY,LAMBRAMA,SIERRA,2953.0,1050.0,1903.0,0.437675332039757,0.62525047434251,-13.8708333333333,-72.7697222222222,3126.0,8.1879529159157993,0.337005604759786,32.346012,25.70762,0.4452923055521492,0.3865137212192655,141.0775082450319
030107,APURIMAC,ABANCAY,PICHIRHUA,SIERRA,2777.0,462.0,2315.0,0.437675332039757,0.62525047434251,-13.8608333333333,-73.0733333333333,2766.0,12.161104966413999,0.261716306693414,42.565085,20.61302,0.4452923055521492,0.173218706859786,63.22482800382191
030108,APURIMAC,ABANCAY,SAN PEDRO DE CACHORA,SIERRA,2568.0,700.0,1868.0,0.437675332039757,0.6252504743425101,-13.5141666666667,-72.8141666666667,2916.0,30.596671876436499,0.331681127239129,41.283525,10.27363,0.4452923055521492,0.2698471371646024,98.49420506507988
030109,APURIMAC,ABANCAY,TAMBURCO,SIERRA,11959.0,9847.0,2112.0,0.6,0.8571428571428572,-13.6222222222222,-72.8733333333333,2620.0,177.32600732600699,0.563719350968849,19.734357,3.013583,0.52,5.305560000000001,1936.5294000000004
030201,APURIMAC,ANDAHUAYLAS,ANDAHUAYLAS,SIERRA,45221.0,36547.0,8674.0,0.47,0.6714285714285715,-13.6561111111111,-73.3897222222222,2836.0,259.63471368674999,0.51278881325191,25.891636,7.51924,0.57,21.96837,8018.45505
030202,APURIMAC,ANDAHUAYLAS,ANDARAPA,SIERRA,5655.0,1348.0,4307.0,0.437675332039757,0.62525047434251,-13.5280555555556,-73.3658333333333,3002.0,43.382737576285997,0.1784963411207929,51.744097,25.1938,0.4452923055521492,0.5530530434957693,201.8643608759558
030203,APURIMAC,ANDAHUAYLAS,CHIARA,SIERRA,1224.0,742.0,482.0,0.437675332039757,0.6252504743425099,-13.8672222222222,-73.6688888888889,3289.0,9.4480257856567196,0.2762229911092,44.922881,14.12803,0.21,0.14826,54.1149
030204,APURIMAC,ANDAHUAYLAS,HUANCARAMA,SIERRA,5229.0,2872.0,2357.0,0.52,0.7428571428571428,-13.6447222222222,-73.0855555555555,2976.0,39.120491374803997,0.3578205954835699,38.089667,12.78218,0.58,1.4563799999999998,531.5786999999999
030205,APURIMAC,ANDAHUAYLAS,HUANCARAY,SIERRA,3904.0,428.0,3476.0,0.437675332039757,0.6252504743425099,-13.7572222222222,-73.5275,2909.0,40,0.340807173909748,57.965048,23.28509,0.58,0.2291,83.6215
030206,APURIMAC,ANDAHUAYLAS,HUAYANA,SIERRA,770.0,479.0,291.0,0.437675332039757,0.6252504743425101,-14.0508333333333,-73.6094444444444,3196.0,9.6521110767007308,0.286342385042046,37.950094,52.30626,0.4452923055521492,0.1932568606096327,70.53875412251595
030207,APURIMAC,ANDAHUAYLAS,KISHUARA,SIERRA,6234.0,1449.0,4785.0,0.55,0.7857142857142858,-13.6911111111111,-73.1186111111111,3717.0,25.972056403471999,0.283951728286003,50.197483,23.12587,0.4452923055521492,0.5673023972734381,207.0653750048049
030208,APURIMAC,ANDAHUAYLAS,PACOBAMBA,SIERRA,3451.0,448.0,3003.0,0.437675332039757,0.6252504743425099,-13.6152777777778,-73.0838888888889,2712.0,20.927206181374501,0.3140864900619579,36.17471,17.99726,0.4452923055521492,0.1687657838042645,61.59951108855656
030209,APURIMAC,ANDAHUAYLAS,PACUCHA,SIERRA,8514.0,1051.0,7463.0,0.437675332039757,0.62525047434251,-13.6094444444444,-73.3441666666667,3162.0,59.616174658137197,0.2567041372885239,43.413808,11.35333,0.46,0.44114,161.01610000000002
030210,APURIMAC,ANDAHUAYLAS,PAMPACHIRI,SIERRA,2293.0,644.0,1649.0,0.437675332039757,0.62525047434251,-14.1869444444444,-73.5447222222222,3388.0,4.6273858921161803,0.26589378273127,58.244383,39.58218,0.4452923055521492,0.2743000602201239,100.1195219803452
030211,APURIMAC,ANDAHUAYLAS,POMACOCHA,SIERRA,901.0,644.0,257.0,0.4,0.5714285714285715,-14.0838888888889,-73.5908333333333,3673.0,7.5392832262559004,0.3641009109715009,43.328688,11.38658,0.41,0.25215,92.03475
030212,APURIMAC,ANDAHUAYLAS,SAN ANTONIO DE CACHI,SIERRA,3028.0,1455.0,1573.0,0.437675332039757,0.62525047434251,-13.7730555555556,-73.6033333333333,3258.0,18.374538538986499,0.262028137674753,53.040106,20.79179,0.4452923055521492,0.6198468893285917,226.244114604936
030213,APURIMAC,ANDAHUAYLAS,SAN JERONIMO,SIERRA,22184.0,12734.0,9450.0,0.5,0.7142857142857143,-13.6516666666667,-73.3658333333333,2973.0,97.969842473254104,0.4619010623422459,33.594622,10.02172,0.5,6.378,2327.9700000000003
030214,APURIMAC,ANDAHUAYLAS,SAN MIGUEL DE CHACCRAMPA,SIERRA,1673.0,636.0,1037.0,0.437675332039757,0.62525047434251,-13.9611111111111,-73.6077777777778,3681.0,27.168046059733701,0.2391495066506459,57.228157,30.49255,0.4452923055521492,0.2653942141090809,96.86888814981454
030215,APURIMAC,ANDAHUAYLAS,SANTA MARIA DE CHICMO,SIERRA,8674.0,4394.0,4280.0,0.37,0.5285714285714286,-13.6575,-73.4938888888889,3287.0,62.772912298014099,0.3610279270511569,52.899856,12.98248,0.4452923055521492,1.852861283402493,676.2943684419099
030216,APURIMAC,ANDAHUAYLAS,TALAVERA,SIERRA,19711.0,11837.0,7874.0,0.43,0.6142857142857143,-13.6541666666667,-73.4288888888889,2842.0,145.220091817445,0.479312542754601,30.120466,5.972253,0.43,5.22966,1908.8259
030217,APURIMAC,ANDAHUAYLAS,TUMAY HUARACA,SIERRA,1939.0,514.0,1425.0,0.437675332039757,0.62525047434251,-14.0527777777778,-73.5658333333333,3409.0,4.9472812339101404,0.160153675220567,55.533441,45.40802,0.4452923055521492,0.2132950143594794,77.85268024121001
030218,APURIMAC,ANDAHUAYLAS,TURPO,SIERRA,3778.0,1138.0,2640.0,0.437675332039757,0.62525047434251,-13.7855555555556,-73.4741666666667,3327.0,37.166105038218099,0.329959996688308,48.327018,19.24341,0.4452923055521492,0.4777986438574561,174.39650500797148
030219,APURIMAC,ANDAHUAYLAS,KAQUIABAMBA,SIERRA,1802.0,1130.0,672.0,0.855,1.2214285714285715,-13.5325,-73.2883333333333,3087.0,24.706002658758599,0.257631897765283,51.887377,11.48771,0.2,0.199,72.635
030220,APURIMAC,ANDAHUAYLAS,JOSE MARIA ARGUEDAS,SIERRA,4449.0,3080.0,1369.0,0.53,0.7571428571428571,-13.7341666666667,-73.3505555555555,3590.0,23.861780318497299,0.365098088386824,44.577723,40.1221,0.53,1.80306,658.1169
030301,APURIMAC,ANTABAMBA,ANTABAMBA,SIERRA,2895.0,2134.0,761.0,0.22,0.3142857142857143,-14.3652777777778,-72.8772222222222,3664.0,5.3961839141380699,0.3187913318835239,28.2,34.11426,0.59,1.20301,439.09865
030302,APURIMAC,ANTABAMBA,EL ORO,SIERRA,590.0,471.0,119.0,0.437675332039757,0.62525047434251,-14.2088888888889,-73.0583333333333,3304.0,8.6034006685074793,0.3534652445780059,32.0526,8.86073,0.4452923055521492,0.2164120604983445,78.99040208189575
030303,APURIMAC,ANTABAMBA,HUAQUIRCA,SIERRA,2005.0,1344.0,661.0,0.437675332039757,0.62525047434251,-14.3394444444444,-72.895,3500.0,5.3939573459715602,0.415805274857659,25.489168,39.61849,0.4452923055521492,0.6300886123562911,229.98234351004623
030304,APURIMAC,ANTABAMBA,JUAN ESPINOZA MEDRANO,SIERRA,1763.0,1575.0,188.0,0.46,0.6571428571428573,-14.4283333333333,-72.915,3316.0,3.3359006450370701,0.292207393223864,32.0526,20.76603,0.46,0.68586,250.3389
030305,APURIMAC,ANTABAMBA,OROPESA,SIERRA,2390.0,1728.0,662.0,0.437675332039757,0.62525047434251,-14.2605555555556,-72.5636111111111,3327.0,2.05063891807613,0.291758580376396,36.240723,28.91183,0.8,1.3152,480.04800000000006
030306,APURIMAC,ANTABAMBA,PACHACONAS,SIERRA,1091.0,1000.0,91.0,0.15,0.2142857142857143,-14.2233333333333,-73.0163888888889,3465.0,5.6895867331186896,0.3366410277442339,31.609307,15.44785,0.45,0.4293,156.6945
030307,APURIMAC,ANTABAMBA,SABAINO,SIERRA,1120.0,915.0,205.0,0.437675332039757,0.6252504743425099,-14.3133333333333,-72.9452777777778,3441.0,8.5528891872238102,0.2446402699820139,50.827642,29.8851,0.59,0.4932399999999999,180.03259999999997
030401,APURIMAC,AYMARAES,CHALHUANCA,SIERRA,5164.0,4444.0,720.0,0.39,0.5571428571428572,-14.2944444444444,-73.2447222222222,2929.0,12.7287956815785,0.5076215453766209,23.417227,3.388705,0.42,1.8753,684.4845
030402,APURIMAC,AYMARAES,CAPAYA,SIERRA,606.0,232.0,374.0,0.437675332039757,0.6252504743425101,-14.1177777777778,-73.3211111111111,3311.0,8.9131832797427695,0.30763028059379,41.689197,7.420581,0.4452923055521492,0.0930660918603991,33.9691235290457
030403,APURIMAC,AYMARAES,CARAYBAMBA,SIERRA,949.0,900.0,49.0,0.437675332039757,0.62525047434251,-14.3780555555556,-73.1608333333333,3324.0,5.4957217657826396,0.333377458483597,40.195551,9.526701,0.4452923055521492,0.3557885521361672,129.86282152970102
030404,APURIMAC,AYMARAES,CHAPIMARCA,SIERRA,1939.0,984.0,955.0,0.74,1.0571428571428572,-13.975,-73.065,3423.0,11.075132573091199,0.269659713247734,40.353115,26.03768,0.4452923055521492,0.4047707057469036,147.74130759761982
030405,APURIMAC,AYMARAES,COLCABAMBA,SIERRA,721.0,489.0,232.0,0.4203505822563048,0.6005008317947211,-14.0063888888889,-73.2541666666667,3174.0,8.9921671018276808,0.321297770350714,39.005857,9.944438,0.2,0.089,32.485
030406,APURIMAC,AYMARAES,COTARUSE,SIERRA,2598.0,812.0,1786.0,0.4203505822563048,0.600500831794721,-14.4158333333333,-73.205,3268.0,2.1682106261751102,0.3664074671664919,32.06848,6.92455,0.4452923055521492,0.3090328600531915,112.7969939194149
030407,APURIMAC,AYMARAES,IHUAYLLO,SIERRA,466.0,157.0,309.0,0.437675332039757,0.6252504743425101,-14.1330555555556,-73.2677777777778,3172.0,8.4373713815338096,0.351943281801439,39.315296,9.523298,0.4452923055521492,0.0636767996939573,23.242031888294424
030408,APURIMAC,AYMARAES,JUSTO APU SAHUARAURA,SIERRA,747.0,218.0,529.0,0.437675332039757,0.62525047434251,-14.1480555555556,-73.1738888888889,3133.0,8.5006145022531694,0.327890438234668,44.243394,29.08605,0.4452923055521492,0.0868319995826691,31.693679847674225
030409,APURIMAC,AYMARAES,LUCRE,SIERRA,1552.0,328.0,1224.0,0.437675332039757,0.62525047434251,-13.9497222222222,-73.2261111111111,2822.0,18.854091238233199,0.2729627860711479,55.45137,37.81167,0.4452923055521492,0.1264630147768103,46.15900039353579
030410,APURIMAC,AYMARAES,POCOHUANCA,SIERRA,1054.0,558.0,496.0,0.437675332039757,0.62525047434251,-14.2183333333333,-73.0869444444444,3374.0,15.384615384615399,0.310558941295349,39.414423,35.11481,0.4452923055521492,0.2333331681093262,85.16660635990407
030411,APURIMAC,AYMARAES,SAN JUAN DE CHACÑA,SIERRA,784.0,638.0,146.0,0.437675332039757,0.6252504743425099,-13.9241666666667,-73.1822222222222,2874.0,9.7643097643097594,0.297465625545412,33.518836,11.15515,0.4452923055521492,0.2591601218313508,94.59344446844304
030412,APURIMAC,AYMARAES,SAÑAYCA,SIERRA,1137.0,535.0,602.0,0.437675332039757,0.62525047434251,-14.2044444444444,-73.3469444444444,3373.0,2.73105967788644,0.333049169079079,32.06848,34.15905,0.4452923055521492,0.2190838143316574,79.96559223105496
030413,APURIMAC,AYMARAES,SORAYA,SIERRA,742.0,168.0,574.0,0.437675332039757,0.62525047434251,-14.1647222222222,-73.315,2884.0,17.998163452708901,0.2404852252788859,40.819858,11.60358,0.4452923055521492,0.0676844304439266,24.704817112033243
030414,APURIMAC,AYMARAES,TAPAIRIHUA,SIERRA,1926.0,215.0,1711.0,0.437675332039757,0.62525047434251,-14.1413888888889,-73.1402777777778,2839.0,15.409515666035499,0.2638647190787349,51.094893,17.30769,0.4452923055521492,0.0881678764993255,32.18127492225383
030415,APURIMAC,AYMARAES,TINTAY,SIERRA,2320.0,732.0,1588.0,0.437675332039757,0.6252504743425101,-13.9594444444444,-73.1852777777778,2824.0,21.826036022843802,0.266574632587879,31.980678,20.76566,0.4452923055521492,0.2840964909422712,103.69521919392898
030416,APURIMAC,AYMARAES,TORAYA,SIERRA,1301.0,423.0,878.0,0.437675332039757,0.6252504743425101,-14.0530555555556,-73.2938888888889,3167.0,8.9742848887604705,0.317626446319612,38.646567,15.90976,0.4452923055521492,0.1647581530542952,60.13672586481775
030417,APURIMAC,AYMARAES,YANACA,SIERRA,1006.0,576.0,430.0,0.437675332039757,0.62525047434251,-14.2252777777778,-73.16,3339.0,10.4062379668849,0.3539062886233519,36.525154,15.18967,0.4452923055521492,0.2351143373315347,85.81673312601019
030501,APURIMAC,COTABAMBAS,TAMBOBAMBA,SIERRA,10816.0,4558.0,6258.0,0.5,0.7142857142857142,-13.9461111111111,-72.1747222222222,3267.0,17.768577876853598,0.313037128475108,43.160874,27.74012,0.29,1.30935,477.91275
030502,APURIMAC,COTABAMBAS,COTABAMBAS,SIERRA,4089.0,1668.0,2421.0,0.437675332039757,0.62525047434251,-13.7455555555556,-72.355,3557.0,14.1613447403302,0.356865033049514,40.569905,11.65235,0.4452923055521492,0.7302793811055247,266.5519741035165
030503,APURIMAC,COTABAMBAS,COYLLURQUI,SIERRA,6860.0,989.0,5871.0,0.437675332039757,0.6252504743425101,-13.8369444444444,-72.4322222222222,3184.0,18.9879460556152,0.290156045489101,53.773145,35.10854,0.4452923055521492,0.429707074857824,156.84308232310576
030504,APURIMAC,COTABAMBAS,HAQUIRA,SIERRA,9840.0,5225.0,4615.0,0.437675332039757,0.6252504743425099,-14.2141666666667,-72.1888888888889,3698.0,21.6989862448997,0.352097849970754,45.178005,41.79606,0.4452923055521492,2.2491714353439054,820.9475739005255
030505,APURIMAC,COTABAMBAS,MARA,SIERRA,6171.0,1169.0,5002.0,0.437675332039757,0.6252504743425099,-14.0866666666667,-72.1019444444444,3792.0,27.3854663871169,0.289003375784156,41.746314,33.78617,0.59,0.6844,249.806
030506,APURIMAC,COTABAMBAS,CHALLHUAHUACHO,SIERRA,16776.0,7015.0,9761.0,0.8,1.142857142857143,-14.1186111111111,-72.2466666666667,3724.0,28.416219656332402,0.499163551389036,39.009247,42.59977,0.67,5.252800000000001,1917.272
030601,APURIMAC,CHINCHEROS,CHINCHEROS,SIERRA,5529.0,3245.0,2284.0,0.4,0.5714285714285715,-13.5183333333333,-73.7227777777778,2799.0,45.415407854984899,0.419216421729365,47.786392,11.94427,0.28,0.8593200000000001,313.65180000000004
030602,APURIMAC,CHINCHEROS,ANCO-HUALLO,SIERRA,10749.0,8128.0,2621.0,0.47,0.6714285714285715,-13.5297222222222,-73.6741666666667,3239.0,312.85347043701802,0.383682435446467,38.898972,20.16271,0.59,4.52471,1651.51915
030603,APURIMAC,CHINCHEROS,COCHARCAS,SIERRA,1772.0,466.0,1306.0,0.437675332039757,0.6252504743425099,-13.6105555555556,-73.7413888888889,3051.0,19.044585987261101,0.3377620797509259,53.928486,25.14075,0.4452923055521492,0.1865774760263505,68.10077874961794
030604,APURIMAC,CHINCHEROS,HUACCANA,SIERRA,6836.0,2546.0,4290.0,0.437675332039757,0.6252504743425101,-13.3880555555556,-73.6891666666667,3093.0,16.220452427348999,0.3687692793347879,39.165029,22.58581,0.23,0.52739,192.49735
030605,APURIMAC,CHINCHEROS,OCOBAMBA,SIERRA,7125.0,1745.0,5380.0,0.437675332039757,0.6252504743425099,-13.4825,-73.5602777777778,3039.0,130.171821305842,0.241310185459975,43.187387,18.30337,0.4452923055521492,0.6982183351057699,254.84969231360603
030606,APURIMAC,CHINCHEROS,ONGOY,SIERRA,2408.0,307.0,2101.0,0.437675332039757,0.62525047434251,-13.4027777777778,-73.6683333333333,2799.0,29.370629370629398,0.3586591509124669,42.968059,24.92321,0.4452923055521492,0.1197836301935281,43.72102502063777
030607,APURIMAC,CHINCHEROS,URANMARCA,SIERRA,2794.0,1052.0,1742.0,0.437675332039757,0.62525047434251,-13.6722222222222,-73.6694444444445,3115.0,20.426275801788499,0.258446171224023,52.890897,21.75107,0.56,0.5404000000000001,197.24600000000004
030608,APURIMAC,CHINCHEROS,RANRACANCHA,SIERRA,4209.0,983.0,3226.0,0.437675332039757,0.62525047434251,-13.5325,-73.6055555555555,3426.0,101.39263252470801,0.2675541447173919,53.886841,28.9256,0.4452923055521492,0.3931931058025477,143.51548361792993
030609,APURIMAC,CHINCHEROS,ROCCHACC,SIERRA,2810.0,892.0,1918.0,0.437675332039757,0.62525047434251,-13.4405555555556,-73.6,3042.0,48.700842696629202,0.293967375165236,44.772251,24.92321,0.4452923055521492,0.364249105941658,132.9509236687052
030610,APURIMAC,CHINCHEROS,EL PORVENIR,SIERRA,1788.0,1220.0,568.0,0.437675332039757,0.6252504743425101,-13.3966666666667,-73.5933333333333,3045.0,28.356761997091599,0.298502619831906,53.790238,24.92321,0.4452923055521492,0.5138673206071802,187.5615720216208
030611,APURIMAC,CHINCHEROS,LOS CHANKAS,SIERRA,1050.0,274.0,776.0,0.437675332039757,0.62525047434251,-13.435,-73.8219444444444,2058.0,9.0774855857122798,0.280398000545652,56.57085,22.58581,0.4452923055521492,0.1126589533046937,41.12051795621322
030701,APURIMAC,GRAU,CHUQUIBAMBILLA,SIERRA,5295.0,3143.0,2152.0,0.25,0.3571428571428571,-14.105,-72.7077777777778,3360.0,12.212716763005799,0.4082419425129509,36.550437,17.30423,0.31,0.92597,337.97905000000003
030702,APURIMAC,GRAU,CURPAHUASI,SIERRA,2003.0,411.0,1592.0,0.437675332039757,0.62525047434251,-14.0633333333333,-72.6708333333333,3490.0,8.3941108308908703,0.183996857873158,53.583463,19.19429,0.4452923055521492,0.1701016607209209,62.08710616313616
030703,APURIMAC,GRAU,GAMARRA,SIERRA,2791.0,283.0,2508.0,0.437675332039757,0.62525047434251,-13.8716666666667,-72.5083333333333,3489.0,10.122823592927499,0.1824877464520419,52.995689,25.05454,0.4452923055521492,0.1117683686935894,40.79545457316015
030704,APURIMAC,GRAU,HUAYLLATI,SIERRA,1385.0,349.0,1036.0,0.4203505822563048,0.600500831794721,-13.9280555555556,-72.4844444444445,3469.0,16.171557562076799,0.2296029124318879,46.964669,24.57211,0.4452923055521492,0.1398217839433748,51.03495113933181
030705,APURIMAC,GRAU,MAMARA,SIERRA,900.0,545.0,355.0,0.437675332039757,0.62525047434251,-14.2286111111111,-72.5908333333333,3619.0,13.3665609424558,0.3285074181560629,32.39691,13.51882,0.4452923055521492,0.2324425834982219,84.84154297685099
030706,APURIMAC,GRAU,MICAELA BASTIDAS,SIERRA,933.0,413.0,520.0,0.437675332039757,0.62525047434251,-14.1152777777778,-72.6141666666667,3528.0,9.4788451062284391,0.248528031337266,52.038908,19.80564,0.4452923055521492,0.1647581530542952,60.13672586481775
030707,APURIMAC,GRAU,PATAYPAMPA,SIERRA,814.0,406.0,408.0,0.437675332039757,0.62525047434251,-14.1775,-72.6725,3800.0,6.8088855326914599,0.175747538840506,51.920675,39.15252,0.4452923055521492,0.1647581530542952,60.13672586481775
030708,APURIMAC,GRAU,PROGRESO,SIERRA,3194.0,1173.0,2021.0,0.437675332039757,0.6252504743425099,-14.0722222222222,-72.4766666666667,3817.0,14.9652382261676,0.3077814730458329,49.28344,24.08082,0.24,0.28584,104.3316
030709,APURIMAC,GRAU,SAN ANTONIO,SIERRA,278.0,236.0,42.0,0.41,0.5857142857142856,-14.1694444444444,-72.6233333333333,3483.0,14.759535655058,0.3513217265088819,38.126225,14.43945,0.41,0.08774,32.0251
030710,APURIMAC,GRAU,SANTA ROSA,SIERRA,576.0,245.0,331.0,0.437675332039757,0.6252504743425099,-14.1397222222222,-72.6566666666667,3539.0,20.049778761061901,0.218165717372332,48.160119,9.09376,0.4452923055521492,0.0993001841381292,36.24456721041719
030711,APURIMAC,GRAU,TURPAY,SIERRA,652.0,591.0,61.0,0.13,0.1857142857142857,-14.2277777777778,-72.6225,3448.0,13.9090561711884,0.35196835974488,32.39691,12.38757,0.13,0.0711099999999999,25.95515
030712,APURIMAC,GRAU,VILCABAMBA,SIERRA,1321.0,1276.0,45.0,0.437675332039757,0.6252504743425099,-14.0777777777778,-72.6247222222222,2801.0,141.530740276035,0.4265243541762179,30.130696,2.9016,0.6,0.7686000000000001,280.53900000000004
030713,APURIMAC,GRAU,VIRUNDO,SIERRA,668.0,613.0,55.0,0.21,0.2999999999999999,-14.2502777777778,-72.6811111111111,3876.0,8.20889154364707,0.29612842529368,41.359506,16.11618,0.26,0.1391,50.7715
030714,APURIMAC,GRAU,CURASCO,SIERRA,1263.0,461.0,802.0,0.437675332039757,0.6252504743425101,-14.0619444444444,-72.5677777777778,3566.0,10.524432997066601,0.212786021251445,53.796328,40.95565,0.6,0.2562,93.513
040101,AREQUIPA,AREQUIPA,AREQUIPA,SIERRA,55033.0,55033.0,0.0,0.55,0.785714285714286,-16.3933333333333,-71.5288888888889,2429.0,33021.785714285703,0.762167135992239,0.715245,0.028471,0.54,29.37384,10721.4516
040102,AREQUIPA,AREQUIPA,ALTO SELVA ALEGRE,SIERRA,87291.0,87291.0,0.0,0.45,0.6428571428571429,-16.38,-71.5211111111111,2510.0,13422.0630372493,0.6644305982399789,5.226929,0.48435,0.46,42.2073,15405.6645
040103,AREQUIPA,AREQUIPA,CAYMA,SIERRA,100686.0,100670.0,16.0,0.46,0.6571428571428574,-16.3625,-71.5441666666667,2531.0,437.33912549226602,0.673855163600377,6.404694,0.525522,0.45,48.734550000000006,17788.110750000003
040104,AREQUIPA,AREQUIPA,CERRO COLORADO,SIERRA,217894.0,217615.0,279.0,0.37,0.5285714285714286,-16.3763888888889,-71.5608333333333,2441.0,1125.2601486563699,0.6411767862503929,9.087223,0.956414,0.37,89.18480000000001,32552.452000000005
040105,AREQUIPA,AREQUIPA,CHARACATO,SIERRA,15190.0,14495.0,695.0,0.39,0.5571428571428573,-16.4686111111111,-71.4844444444445,2506.0,137.720930232558,0.616646923579503,11.49163,1.254946,0.38,6.441,2350.965
040106,AREQUIPA,AREQUIPA,CHIGUATA,SIERRA,3080.0,2315.0,765.0,0.437675332039757,0.62525047434251,-16.4036111111111,-71.3916666666667,3006.0,10.153859508257201,0.519085592536276,17.804566,6.38718,0.3,0.7404,270.246
040107,AREQUIPA,AREQUIPA,JACOBO HUNTER,SIERRA,51442.0,51420.0,22.0,0.37,0.5285714285714286,-16.4413888888889,-71.5586111111111,2309.0,2736.9170348551802,0.663174584901959,4.337154,1.110182,0.48,25.69008,9376.8792
040108,AREQUIPA,AREQUIPA,LA JOYA,SIERRA,36807.0,32158.0,4649.0,0.45,0.6428571428571429,-16.4230555555556,-71.8183333333333,1640.0,49.480767509176097,0.6105481451420969,16.95343,1.85405,0.54,19.59984,7153.9416
040109,AREQUIPA,AREQUIPA,MARIANO MELGAR,SIERRA,63460.0,63460.0,0.0,0.48,0.6857142857142857,-16.4072222222222,-71.5055555555555,2459.0,2318.9741870600101,0.669505944790258,6.153251,0.704965,0.5,33.507,12230.054999999998
040110,AREQUIPA,AREQUIPA,MIRAFLORES,SIERRA,62586.0,62586.0,0.0,0.51,0.7285714285714288,-16.3947222222222,-71.5225,2450.0,2372.9079497907901,0.689308160995599,3.961676,0.549856,0.51,33.83289,12349.00485
040111,AREQUIPA,AREQUIPA,MOLLEBAYA,SIERRA,6172.0,5382.0,790.0,0.32,0.4571428571428572,-16.4872222222222,-71.4669444444445,2515.0,130.89887640449399,0.580001034740323,7.374991,7.094035,0.32,2.17536,794.0064
040112,AREQUIPA,AREQUIPA,PAUCARPATA,SIERRA,133175.0,133175.0,0.0,0.48,0.6857142857142858,-16.4327777777778,-71.5047222222222,2453.0,5052.4943675571303,0.649762834487291,6.192393,0.676199,0.57,78.12476999999998,28515.541049999996
040113,AREQUIPA,AREQUIPA,POCSI,SIERRA,458.0,250.0,208.0,0.437675332039757,0.62525047434251,-16.5177777777778,-71.3897222222222,3045.0,6.2384044526901699,0.4426969406562369,14.39765,8.117923,0.4452923055521492,0.1090966148602765,39.82026442400095
040114,AREQUIPA,AREQUIPA,POLOBAYA,SIERRA,836.0,347.0,489.0,0.437675332039757,0.62525047434251,-16.5658333333333,-71.3683333333333,3116.0,3.1317225606304202,0.475356345814185,17.682058,6.904941,0.4452923055521492,0.143384122387792,52.3352046715441
040115,AREQUIPA,AREQUIPA,QUEQUEÑA,SIERRA,6085.0,5946.0,139.0,0.39,0.5571428571428572,-16.5572222222222,-71.4513888888889,2561.0,60.177497852848497,0.603548562720571,11.49163,4.36982,0.4,3.0024,1095.876
040116,AREQUIPA,AREQUIPA,SABANDIA,SIERRA,4476.0,4463.0,13.0,0.37,0.5285714285714286,-16.4569444444444,-71.4947222222222,2441.0,148.81244881244899,0.64884921035073,11.49163,1.411776,0.39,1.84548,673.6002
040117,AREQUIPA,AREQUIPA,SACHACA,SIERRA,26163.0,26163.0,0.0,0.57,0.8142857142857143,-16.4244444444444,-71.5663888888889,2300.0,1279.3466015771701,0.685521468575291,6.565752,0.980855,0.57,16.60068,6059.2482
040118,AREQUIPA,AREQUIPA,SAN JUAN DE SIGUAS,COSTA,601.0,431.0,170.0,0.499650387386001,0.7137862676942873,-16.3461111111111,-72.1283333333333,1281.0,12.7639052620298,0.579634622459681,14.39765,3.135608,0.52,0.20124,73.4526
040119,AREQUIPA,AREQUIPA,SAN JUAN DE TARUCANI,SIERRA,1353.0,551.0,802.0,0.437675332039757,0.62525047434251,-16.1836111111111,-71.0619444444444,4217.0,0.74273930380333797,0.468528050564535,27.337288,43.89801,0.4452923055521492,0.2333331681093262,85.16660635990407
040120,AREQUIPA,AREQUIPA,SANTA ISABEL DE SIGUAS,COSTA,686.0,88.0,598.0,0.499650387386001,0.7137862676942873,-16.3208333333333,-72.0988888888889,1390.0,4.4260027662517301,0.5720725206664469,22.979894,4.588296,0.27,0.02268,8.2782
040121,AREQUIPA,AREQUIPA,SANTA RITA DE SIGUAS,COSTA,7187.0,6951.0,236.0,0.55,0.7857142857142858,-16.4936111111111,-72.0947222222222,1283.0,19.326777609682299,0.608449391663988,16.95343,1.609509,0.55,4.3483,1587.1295
040122,AREQUIPA,AREQUIPA,SOCABAYA,SIERRA,79147.0,78626.0,521.0,0.4,0.5714285714285715,-16.4675,-71.5286111111111,2352.0,3909.7103004291798,0.666751754339157,4.704118,0.834119,0.5,42.5395,15526.9175
040123,AREQUIPA,AREQUIPA,TIABAYA,SIERRA,16848.0,16346.0,502.0,0.52,0.7428571428571428,-16.4494444444444,-71.5916666666667,2218.0,662.77672359266296,0.636178124862218,7.44205,0.939562,0.52,8.85716,3232.8634
040124,AREQUIPA,AREQUIPA,UCHUMAYO,SIERRA,15689.0,14788.0,901.0,0.4,0.5714285714285715,-16.4252777777778,-71.6725,1976.0,86.470899005018893,0.668901326549114,6.330235,1.297306,0.42,6.91698,2524.6977
040125,AREQUIPA,AREQUIPA,VITOR,COSTA,4332.0,2066.0,2266.0,0.499650387386001,0.7137862676942873,-16.4658333333333,-71.9358333333333,1189.0,2.2293488824101102,0.6455852322566898,14.39765,2.894101,0.4881283256607997,1.187128088007065,433.3017521225787
040126,AREQUIPA,AREQUIPA,YANAHUARA,SIERRA,26099.0,26099.0,0.0,0.62,0.8857142857142859,-16.3819444444444,-71.5363888888889,2402.0,16662.272727272699,0.765343730068274,0.34531,0.054594,0.8,21.664800000000003,7907.652000000001
040127,AREQUIPA,AREQUIPA,YARABAMBA,SIERRA,1482.0,1442.0,40.0,0.4203505822563048,0.6005008317947211,-16.5466666666667,-71.4755555555556,2467.0,5.8025193010971101,0.6271558414142259,12.726926,2.531155,0.4452923055521492,0.7111318119667822,259.56311136787554
040128,AREQUIPA,AREQUIPA,YURA,SIERRA,39899.0,39299.0,600.0,0.39,0.5571428571428572,-16.2469444444444,-71.7063888888889,2495.0,15.7491378866643,0.600506074887516,14.126672,2.219145,0.39,17.528940000000002,6398.063100000001
040129,AREQUIPA,AREQUIPA,JOSE LUIS BUSTAMANTE Y RIVERO,SIERRA,82261.0,82261.0,0.0,0.45,0.642857142857143,-16.4266666666667,-71.5238888888889,2389.0,7899.4459833794999,0.745374405879039,1.433882,0.15408,0.45,37.71315,13765.29975
040201,AREQUIPA,CAMANA,CAMANA,COSTA,12855.0,12852.0,3.0,0.54,0.7714285714285716,-16.6247222222222,-72.7113888888889,20.0,1554.7557840617001,0.64347965848896,5.430922,0.585048,0.58,7.17866,2620.2109
040202,AREQUIPA,CAMANA,JOSE MARIA QUIMPER,COSTA,4645.0,4636.0,9.0,0.57,0.8142857142857145,-16.6019444444444,-72.7272222222222,35.0,310.58612440191399,0.6333206940025718,18.30842,3.086974,0.25,1.1995,437.8175
040203,AREQUIPA,CAMANA,MARIANO NICOLAS VALCARCEL,COSTA,8014.0,1031.0,6983.0,0.71,1.0142857142857142,-16.0313888888889,-73.1744444444444,362.0,7.6684476637859902,0.518390511147174,8.106226,0.292261,0.4881283256607997,0.8317706669260028,303.596293427991
040204,AREQUIPA,CAMANA,MARISCAL CACERES,COSTA,6371.0,5937.0,434.0,0.49,0.7000000000000002,-16.6197222222222,-72.7361111111111,18.0,13.2139959607119,0.6284906431913259,22.336496,1.988953,0.49,3.0683800000000003,1119.9587
040205,AREQUIPA,CAMANA,NICOLAS DE PIEROLA,COSTA,7583.0,7464.0,119.0,0.499650387386001,0.7137862676942873,-16.5730555555556,-72.7158333333333,71.0,20.824826459779501,0.644540858599547,18.30842,1.475964,0.4881283256607997,3.840105537973512,1401.6385213603317
040206,AREQUIPA,CAMANA,OCOÑA,COSTA,4082.0,3470.0,612.0,0.61,0.8714285714285713,-16.4316666666667,-73.105,16.0,3.2577042691546501,0.619300831077462,13.74691,1.589909,0.62,2.20658,805.4016999999999
040207,AREQUIPA,CAMANA,QUILCA,COSTA,1048.0,189.0,859.0,0.499650387386001,0.7137862676942873,-16.7169444444444,-72.4255555555555,82.0,1.22882981638805,0.5506134487544149,8.8229936,0.462876,0.4881283256607997,0.1366759311850239,49.88671488253373
040208,AREQUIPA,CAMANA,SAMUEL PASTOR,COSTA,16302.0,15881.0,421.0,0.61,0.8714285714285713,-16.6136111111111,-72.6991666666667,21.0,154.409171075838,0.6438160463426849,13.74691,1.480391,0.61,10.22055,3730.50075
040301,AREQUIPA,CARAVELI,CARAVELI,SIERRA,4198.0,4025.0,173.0,0.21,0.2999999999999999,-15.7725,-73.3658333333333,1811.0,5.0887752858399304,0.550943911736273,11.92252,6.210805,0.21,0.87318,318.7107
040302,AREQUIPA,CARAVELI,ACARI,COSTA,5081.0,3498.0,1583.0,0.7,1.0,-15.4355555555556,-74.6163888888889,171.0,5.7681960936424703,0.634185166590694,11.22,1.411353,0.7,2.6145,954.2925
040303,AREQUIPA,CARAVELI,ATICO,COSTA,5809.0,5002.0,807.0,0.18,0.2571428571428572,-16.2083333333333,-73.6236111111111,101.0,1.55137561025224,0.582004313903395,11.92252,0.319954,0.2,1.0838,395.58699999999993
040304,AREQUIPA,CARAVELI,ATIQUIPA,COSTA,493.0,103.0,390.0,0.4586851731599267,0.6552645330856097,-15.7961111111111,-74.3636111111111,330.0,1.5228426395939101,0.575966083832795,14.32448,1.97601,0.4881283256607997,0.0473484475890975,17.282183370020615
040305,AREQUIPA,CARAVELI,BELLA UNION,COSTA,3065.0,2750.0,315.0,0.62,0.8857142857142859,-15.4505555555556,-74.6583333333333,218.0,1.5978242393336699,0.679760092487755,11.92252,1.893557,0.6,1.563,570.495
040306,AREQUIPA,CARAVELI,CAHUACHO,SIERRA,628.0,161.0,467.0,0.437675332039757,0.62525047434251,-15.5027777777778,-73.4797222222222,3423.0,0.56440761985694998,0.386963199921115,41.516148,13.26259,0.4452923055521492,0.0690203073605831,25.192412186612845
040307,AREQUIPA,CARAVELI,CHALA,COSTA,9862.0,9509.0,353.0,0.57,0.8142857142857143,-15.8655555555556,-74.2475,21.0,20.5216977641524,0.65537110197434,11.92252,0.528791,0.45,4.7043,1717.0695
040308,AREQUIPA,CARAVELI,CHAPARRA,COSTA,3639.0,2339.0,1300.0,0.499650387386001,0.7137862676942873,-15.8052777777778,-73.9669444444445,611.0,1.74790760187077,0.663187781616206,11.22,0.609257,0.41,0.93521,341.35164999999995
040309,AREQUIPA,CARAVELI,HUANUHUANU,SIERRA,3144.0,77.0,3067.0,0.437675332039757,0.6252504743425101,-15.6588888888889,-74.0913888888889,972.0,2.6181335742110301,0.658242120114571,14.32448,4.719793,0.4452923055521492,0.0374045536663805,13.652662088228896
040310,AREQUIPA,CARAVELI,JAQUI,SIERRA,1585.0,1443.0,142.0,0.6,0.8571428571428571,-15.4791666666667,-74.4436111111111,271.0,3.8824665081345802,0.5345584283938108,14.32448,1.086542,0.65,0.93925,342.82625
040311,AREQUIPA,CARAVELI,LOMAS,COSTA,1548.0,1463.0,85.0,0.32,0.4571428571428571,-15.5697222222222,-74.8513888888888,26.0,2.9114203666887599,0.5140293355498678,14.32448,0.053373,0.36,0.55368,202.0932
040312,AREQUIPA,CARAVELI,QUICACHA,SIERRA,1903.0,906.0,997.0,0.437675332039757,0.6252504743425099,-15.625,-73.7983333333333,1836.0,1.86089544266611,0.458185671436929,16.892371,4.892656,0.4452923055521492,0.4092236288024251,149.36662451288518
040313,AREQUIPA,CARAVELI,YAUCA,COSTA,2006.0,1664.0,342.0,0.33,0.4714285714285715,-15.6619444444444,-74.5272222222222,31.0,3.3848642818623098,0.550686610107959,7.668367,0.230942,0.33,0.5742,209.58300000000003
040401,AREQUIPA,CASTILLA,APLAO,COSTA,8961.0,7000.0,1961.0,0.49,0.7,-16.0761111111111,-72.4922222222222,625.0,15.606837072683,0.602457653125966,13.35676,3.617176,0.49,3.46283,1263.93295
040402,AREQUIPA,CASTILLA,ANDAGUA,SIERRA,1031.0,756.0,275.0,0.33,0.4714285714285715,-15.4988888888889,-72.3561111111111,3594.0,2.27981861297167,0.504954060375225,40.965186,13.62169,0.33,0.23727,86.60355
040403,AREQUIPA,CASTILLA,AYO,SIERRA,239.0,190.0,49.0,0.437675332039757,0.6252504743425101,-15.6827777777778,-72.2719444444444,2003.0,1.1464463213098799,0.464132894184596,19.31141,1.500315,0.38,0.0657399999999999,23.9951
040404,AREQUIPA,CASTILLA,CHACHAS,SIERRA,1664.0,565.0,1099.0,0.437675332039757,0.62525047434251,-15.5013888888889,-72.2705555555555,3117.0,1.7597795865568,0.426814748526659,38.67712,54.30486,0.4452923055521492,0.2409031373037127,87.92964511585515
040405,AREQUIPA,CASTILLA,CHILCAYMARCA,SIERRA,1018.0,642.0,376.0,0.437675332039757,0.62525047434251,-15.2861111111111,-72.3766666666667,3867.0,6.3902519711087802,0.493340230510439,39.311256,8.955372,0.4452923055521492,0.3027987677754614,110.52155023804345
040406,AREQUIPA,CASTILLA,CHOCO,SIERRA,694.0,271.0,423.0,0.437675332039757,0.6252504743425099,-15.5766666666667,-72.1288888888889,2418.0,1.1610805789921801,0.278306742040941,39.958151,40.69218,0.4452923055521492,0.1082060302491722,39.49520104094788
040407,AREQUIPA,CASTILLA,HUANCARQUI,COSTA,1574.0,1328.0,246.0,0.46,0.6571428571428571,-16.0961111111111,-72.4722222222222,620.0,2.2746220369563899,0.574815634214587,12.598816,0.538086,0.46,0.62928,229.6872
040408,AREQUIPA,CASTILLA,MACHAGUAY,SIERRA,484.0,226.0,258.0,0.437675332039757,0.62525047434251,-15.6502777777778,-72.5061111111111,3131.0,2.7016080035643402,0.4048037327556959,19.31141,9.261827,0.4452923055521492,0.0854961226660126,31.20608477309462
040409,AREQUIPA,CASTILLA,ORCOPAMPA,SIERRA,8542.0,7955.0,587.0,0.65,0.9285714285714286,-15.2625,-72.3419444444444,3818.0,7.4478512362466702,0.5856107003873569,15.696346,3.300849,0.65,5.2507,1916.5055
040410,AREQUIPA,CASTILLA,PAMPACOLCA,SIERRA,1944.0,1345.0,599.0,0.37,0.5285714285714286,-15.7133333333333,-72.5738888888889,2922.0,11.701349968322001,0.424236651300731,20.922234,7.373532,0.6,0.7158,261.267
040411,AREQUIPA,CASTILLA,TIPAN,SIERRA,440.0,130.0,310.0,0.437675332039757,0.62525047434251,-15.7230555555556,-72.5019444444444,1939.0,7.8710124826629704,0.485008279386968,25.7727,3.954051,0.4452923055521492,0.0547709535829143,19.99139805776374
040412,AREQUIPA,CASTILLA,UÑON,SIERRA,206.0,119.0,87.0,0.437675332039757,0.62525047434251,-15.7286111111111,-72.4322222222222,2727.0,0.74428316438217801,0.5248571674372429,25.7727,21.17116,0.4452923055521492,0.0512086151384971,18.69114452555146
040413,AREQUIPA,CASTILLA,URACA,COSTA,6638.0,4240.0,2398.0,0.499650387386001,0.7137862676942873,-16.2238888888889,-72.4697222222222,452.0,9.9757645377751007,0.620865760883693,13.35676,1.06181,0.39,1.60914,587.3361
040414,AREQUIPA,CASTILLA,VIRACO,SIERRA,1549.0,1076.0,473.0,0.55,0.785714285714286,-15.6583333333333,-72.525,3210.0,9.6950354609929104,0.491623023352984,25.7727,8.610193,0.55,0.55825,203.76125
040501,AREQUIPA,CAYLLOMA,CHIVAY,SIERRA,5948.0,5788.0,160.0,0.87,1.242857142857143,-15.6402777777778,-71.6036111111111,3683.0,28.469913563829799,0.564936226993982,16.312763,3.101896,0.8,4.5608,1664.6920000000002
040502,AREQUIPA,CAYLLOMA,ACHOMA,SIERRA,840.0,784.0,56.0,0.437675332039757,0.62525047434251,-15.66,-71.7036111111111,3524.0,3.1229354068201398,0.3711713047271579,25.34294,9.271326,0.36,0.27468,100.2582
040503,AREQUIPA,CAYLLOMA,CABANACONDE,SIERRA,2149.0,2029.0,120.0,0.437675332039757,0.62525047434251,-15.62,-71.9819444444445,3295.0,5.2003039843665197,0.4512227472509859,33.87431,4.158779,0.4452923055521492,0.8674294112155867,316.6117350936892
040504,AREQUIPA,CAYLLOMA,CALLALLI,SIERRA,1427.0,885.0,542.0,0.437675332039757,0.62525047434251,-15.5063888888889,-71.4447222222222,3887.0,1.3581576998181899,0.4697700630958849,29.56721,16.92398,0.4452923055521492,0.3660302751638666,133.60105043481133
040505,AREQUIPA,CAYLLOMA,CAYLLOMA,SIERRA,3718.0,3343.0,375.0,0.87,1.2428571428571429,-15.1888888888889,-71.7733333333333,4361.0,2.8739159439626398,0.537091180109318,40.761881,17.92502,0.87,2.87274,1048.5501
040506,AREQUIPA,CAYLLOMA,COPORAQUE,SIERRA,1147.0,784.0,363.0,0.437675332039757,0.62525047434251,-15.6272222222222,-71.6461111111111,3600.0,10.3143418467583,0.46874685977482,25.34294,8.635908,0.4452923055521492,0.3455468291084678,126.12459262459076
040507,AREQUIPA,CAYLLOMA,HUAMBO,SIERRA,678.0,454.0,224.0,0.437675332039757,0.6252504743425101,-15.7294444444444,-72.1097222222222,3309.0,1.2737499822893501,0.404080616914857,29.062691,12.6622,0.4452923055521492,0.1959286144429456,71.51394427167516
040508,AREQUIPA,CAYLLOMA,HUANCA,SIERRA,1003.0,565.0,438.0,0.437675332039757,0.62525047434251,-16.0336111111111,-71.8780555555555,3073.0,3.86286941405052,0.463321612717333,35.870925,5.259933,0.4452923055521492,0.2453560603592342,89.55496203112048
040509,AREQUIPA,CAYLLOMA,ICHUPAMPA,SIERRA,574.0,556.0,18.0,0.437675332039757,0.6252504743425101,-15.65,-71.6866666666667,3422.0,11.683802910936,0.4715204773385889,28.86934,6.534282,0.4452923055521492,0.2462466449703385,89.88002541417356
040510,AREQUIPA,CAYLLOMA,LARI,SIERRA,881.0,825.0,56.0,0.24,0.3428571428571429,-15.6183333333333,-71.7725,3373.0,3.3175355450236999,0.425703932304385,29.56721,7.517293,0.24,0.18312,66.8388
040511,AREQUIPA,CAYLLOMA,LLUTA,SIERRA,723.0,408.0,315.0,0.437675332039757,0.62525047434251,-16.0155555555556,-72.0138888888889,3031.0,1.1822644032418499,0.4253985234578129,28.967038,12.22588,0.4452923055521492,0.1754451683875468,64.03748646145459
040512,AREQUIPA,CAYLLOMA,MACA,SIERRA,704.0,693.0,11.0,0.56,0.8000000000000002,-15.6413888888889,-71.7683333333333,3287.0,4.27729910321787,0.414889454042208,29.56721,4.708722,0.56,0.37352,136.3348
040513,AREQUIPA,CAYLLOMA,MADRIGAL,SIERRA,664.0,656.0,8.0,0.46,0.6571428571428573,-15.6083333333333,-71.8075,3300.0,5.1845836716846803,0.39757846955842,29.56721,10.04177,0.45,0.29205,106.59825
040514,AREQUIPA,CAYLLOMA,SAN ANTONIO DE CHUCA,SIERRA,901.0,418.0,483.0,0.4203505822563048,0.6005008317947212,-15.8388888888889,-71.0905555555556,4470.0,0.77582660144847104,0.4498224071382829,28.86934,30.9048,0.4452923055521492,0.1803433837486204,65.82533506824645
040515,AREQUIPA,CAYLLOMA,SIBAYO,SIERRA,687.0,546.0,141.0,0.46,0.6571428571428573,-15.4861111111111,-71.4569444444444,3836.0,3.2409187847428602,0.504201394400792,33.87431,12.7728,0.46,0.2484,90.666
040516,AREQUIPA,CAYLLOMA,TAPAY,SIERRA,799.0,66.0,733.0,0.437675332039757,0.6252504743425099,-15.5775,-71.9397222222222,3011.0,2.2133898184068399,0.5250847186173488,43.075724,27.59769,0.4452923055521492,0.0333969229164111,12.189876864490085
040517,AREQUIPA,CAYLLOMA,TISCO,SIERRA,1507.0,700.0,807.0,0.437675332039757,0.6252504743425101,-15.3469444444444,-71.4463888888889,4195.0,1.2601901703782601,0.460394023976111,47.846854,21.90935,0.4452923055521492,0.3121499061920566,113.93471576010069
040518,AREQUIPA,CAYLLOMA,TUTI,SIERRA,617.0,520.0,97.0,0.437675332039757,0.62525047434251,-15.5330555555556,-71.5530555555556,3831.0,3.9646120137252501,0.491938314222685,29.56721,4.610515,0.4452923055521492,0.2195291066372095,80.1281239225815
040519,AREQUIPA,CAYLLOMA,YANQUE,SIERRA,2173.0,1799.0,374.0,0.4203505822563048,0.6005008317947211,-15.6483333333333,-71.6608333333333,3468.0,2.3868372151761701,0.532576194546999,24.803464,9.982077,0.4452923055521492,0.7930655961883778,289.4689426087579
040520,AREQUIPA,CAYLLOMA,MAJES,COSTA,68071.0,56270.0,11801.0,0.5,0.7142857142857144,-16.3533333333333,-72.2472222222222,1392.0,43.683109853610503,0.6077843615696789,12.596769,4.236023,0.53,32.99515,12043.22975
040601,AREQUIPA,CONDESUYOS,CHUQUIBAMBA,COSTA,3380.0,2857.0,523.0,0.499650387386001,0.7137862676942873,-15.8394444444444,-72.6516666666667,2916.0,2.9393485466598701,0.575067718302262,14.327612,5.819207,0.4881283256607997,1.384820059899689,505.4593218633864
040602,AREQUIPA,CONDESUYOS,ANDARAY,SIERRA,685.0,225.0,460.0,0.46,0.6571428571428571,-15.7972222222222,-72.8608333333333,3047.0,0.76808721506442001,0.625008753994256,23.37544,13.0295,0.47,0.10622,38.7703
040603,AREQUIPA,CONDESUYOS,CAYARANI,SIERRA,3307.0,446.0,2861.0,0.437675332039757,0.62525047434251,-14.6719444444444,-72.0219444444444,3951.0,2.1967943711622402,0.571761810909098,42.889416,41.75383,0.38,0.17214,62.831100000000006
040604,AREQUIPA,CONDESUYOS,CHICHAS,SIERRA,684.0,326.0,358.0,0.437675332039757,0.62525047434251,-15.5477777777778,-72.9186111111111,2174.0,1.7926356589147301,0.5424780701561989,38.946115,36.75712,0.64,0.20352,74.2848
040605,AREQUIPA,CONDESUYOS,IRAY,COSTA,607.0,355.0,252.0,0.499650387386001,0.7137862676942873,-15.8536111111111,-72.63,2469.0,3.1136418706081899,0.455970758391162,23.37544,11.88425,0.4881283256607997,0.1693805290042975,61.82389308656859
040606,AREQUIPA,CONDESUYOS,RIO GRANDE,SIERRA,3450.0,1658.0,1792.0,0.437675332039757,0.6252504743425099,-15.94,-73.1311111111111,484.0,4.8911807082732999,0.653716630374654,14.61039,2.940344,0.4452923055521492,0.7561063348275494,275.9788122120555
040607,AREQUIPA,CONDESUYOS,SALAMANCA,SIERRA,448.0,246.0,202.0,0.437675332039757,0.62525047434251,-15.5044444444444,-72.8344444444444,3226.0,0.71856287425149701,0.324431664043942,27.146444,23.75056,0.4452923055521492,0.0921755072492948,33.64406014599263
040608,AREQUIPA,CONDESUYOS,YANAQUIHUA,SIERRA,4034.0,548.0,3486.0,0.437675332039757,0.62525047434251,-15.7755555555556,-72.8763888888889,3006.0,3.6525490270275398,0.582786854071272,14.61039,5.284761,0.4452923055521492,0.2404578449981605,87.7671134243286
040701,AREQUIPA,ISLAY,MOLLENDO,COSTA,26230.0,26008.0,222.0,0.57,0.8142857142857143,-17.0291666666667,-72.0163888888889,73.0,29.2622003892468,0.6456305778571249,6.391753,0.578221,0.63,16.77123,6121.49895
040702,AREQUIPA,ISLAY,COCACHACRA,COSTA,8430.0,7541.0,889.0,0.4,0.5714285714285714,-17.0911111111111,-71.7738888888889,114.0,6.5128565479908396,0.6449493635682249,12.38612,1.09892,0.39,2.8977000000000004,1057.6605000000002
040703,AREQUIPA,ISLAY,DEAN VALDIVIA,COSTA,7055.0,6815.0,240.0,0.47,0.6714285714285714,-17.145,-71.8266666666667,16.0,54.721062052505999,0.61639083938292,17.831239,2.053012,0.79,5.541060000000001,2022.4869000000003
040704,AREQUIPA,ISLAY,ISLAY,COSTA,5165.0,5165.0,0.0,0.46,0.6571428571428573,-17.0008333333333,-72.0975,110.0,14.0445046641305,0.5784035125051519,12.38612,0.612825,0.48,2.52912,923.1288
040705,AREQUIPA,ISLAY,MEJIA,COSTA,1230.0,867.0,363.0,0.68,0.9714285714285716,-17.1011111111111,-71.9075,9.0,14.9335185552689,0.6803071451955959,4.033851,2.349779,0.51,0.45696,166.7904
040706,AREQUIPA,ISLAY,PUNTA DE BOMBON,COSTA,6470.0,6407.0,63.0,0.52,0.7428571428571429,-17.1561111111111,-71.7847222222222,138.0,9.6881496881496894,0.6064020802559489,12.38612,1.979815,0.52,3.3212400000000004,1212.2526000000005
040801,AREQUIPA,LA UNION,COTAHUASI,SIERRA,2984.0,2170.0,814.0,0.22,0.3142857142857143,-15.2127777777778,-72.88944444444449,2696.0,16.606606606606601,0.505488815217738,18.665816,8.404705,0.39,0.85176,310.8924
040802,AREQUIPA,LA UNION,ALCA,SIERRA,1875.0,1752.0,123.0,0.46,0.6571428571428574,-15.1341666666667,-72.765,2759.0,11.1984282907662,0.2729064249599499,46.382311,15.20965,0.46,0.7801600000000001,284.75840000000005
040803,AREQUIPA,LA UNION,CHARCANA,SIERRA,591.0,375.0,216.0,0.437675332039757,0.62525047434251,-15.2405555555556,-73.0705555555556,3432.0,4.1386821564712299,0.3825683436243649,39.303624,27.24153,0.4452923055521492,0.1652034453598473,60.29925755634429
040804,AREQUIPA,LA UNION,HUAYNACOTAS,SIERRA,1907.0,869.0,1038.0,0.437675332039757,0.62525047434251,-15.1747222222222,-72.8497222222222,2612.0,2.5787013209812999,0.344836409706256,42.179079,26.99059,0.4452923055521492,0.3700379059138359,135.06383565855012
040805,AREQUIPA,LA UNION,PAMPAMARCA,SIERRA,1129.0,412.0,717.0,0.437675332039757,0.62525047434251,-15.1825,-72.9052777777778,2649.0,2.2143523786389201,0.199384777799182,39.978632,31.80925,0.4452923055521492,0.1767810453042032,64.52508153603418
040806,AREQUIPA,LA UNION,PUYCA,SIERRA,2384.0,998.0,1386.0,0.437675332039757,0.6252504743425099,-15.0591666666667,-72.6916666666667,3675.0,2.1422861710631498,0.183998102989392,52.170944,37.72531,0.4452923055521492,0.4323788286911369,157.81827247226497
040807,AREQUIPA,LA UNION,QUECHUALLA,SIERRA,278.0,85.0,193.0,0.437675332039757,0.6252504743425099,-15.2738888888889,-73.0222222222222,1964.0,2.9486160294861601,0.349683135219967,28.88604,51.67739,0.4452923055521492,0.0391857228885891,14.302788854335033
040808,AREQUIPA,LA UNION,SAYLA,SIERRA,313.0,145.0,168.0,0.437675332039757,0.62525047434251,-15.32,-73.2219444444444,3544.0,6.6716754320060101,0.425322531276596,33.14391,20.31035,0.4452923055521492,0.0578879997217794,21.12911989844948
040809,AREQUIPA,LA UNION,TAURIA,SIERRA,315.0,228.0,87.0,0.437675332039757,0.6252504743425099,-15.3541666666667,-73.2325,2850.0,1.1217745010804601,0.385946808834681,28.88604,27.00149,0.2,0.0448,16.352000000000004
040810,AREQUIPA,LA UNION,TOMEPAMPA,SIERRA,675.0,298.0,377.0,0.437675332039757,0.6252504743425099,-15.1730555555556,-72.8302777777778,2644.0,8.1350892098555594,0.3732096958921299,26.542994,8.066977,0.4452923055521492,0.1260177224712582,45.99646870200925
040811,AREQUIPA,LA UNION,TORO,SIERRA,538.0,228.0,310.0,0.437675332039757,0.6252504743425099,-15.2644444444444,-72.9283333333333,2987.0,1.6094420600858399,0.305803986564452,33.14391,39.66553,0.4452923055521492,0.0908396303326384,33.15646507141303
050101,AYACUCHO,HUAMANGA,AYACUCHO,SIERRA,108794.0,106055.0,2739.0,0.5,0.7142857142857143,-13.1602777777778,-74.2252777777778,2797.0,1353.11033569967,0.550625263307005,15.054646,3.066979,0.53,58.91586,21504.2889
050102,AYACUCHO,HUAMANGA,ACOCRO,SIERRA,8573.0,1472.0,7101.0,0.437675332039757,0.62525047434251,-13.2186111111111,-74.0419444444445,3251.0,23.426084965074999,0.2511977866304729,51.536513,32.43147,0.4452923055521492,0.7538798732997887,275.16615375442285
050103,AYACUCHO,HUAMANGA,ACOS VINCHOS,SIERRA,4844.0,707.0,4137.0,0.4203505822563048,0.6005008317947211,-13.1130555555556,-74.1,2874.0,37.565361561025398,0.255008869306073,45.268869,38.4245,0.4,0.3224,117.676
050104,AYACUCHO,HUAMANGA,CARMEN ALTO,SIERRA,30973.0,30227.0,746.0,0.67,0.9571428571428574,-13.1794444444444,-74.2205555555555,2921.0,1613.1278538812801,0.530512143156053,26.660474,7.384453,0.67,21.23498,7750.7677
050105,AYACUCHO,HUAMANGA,CHIARA,SIERRA,6512.0,2558.0,3954.0,0.2,0.2857142857142857,-13.2727777777778,-74.2058333333333,3540.0,15.2141418080198,0.324731233048541,51.697462,24.62138,0.2,0.5738000000000001,209.43700000000004
050106,AYACUCHO,HUAMANGA,OCROS,SIERRA,6018.0,1174.0,4844.0,0.437675332039757,0.62525047434251,-13.3905555555556,-73.9155555555556,3153.0,21.891883042467501,0.230127652425477,52.501663,24.05802,0.4452923055521492,0.5953558125232234,217.30487157097656
050107,AYACUCHO,HUAMANGA,PACAYCASA,SIERRA,3477.0,1633.0,1844.0,0.437675332039757,0.6252504743425101,-13.0575,-74.2158333333333,2571.0,64.9859943977591,0.360971461516416,31.561665,24.86248,0.4452923055521492,0.8041979038271815,293.53223489692124
050108,AYACUCHO,HUAMANGA,QUINUA,SIERRA,5676.0,2236.0,3440.0,0.437675332039757,0.62525047434251,-13.0491666666667,-74.1391666666667,3301.0,56.556041505874298,0.304726407891632,37.988189,21.60576,0.22,0.54868,200.2682
050109,AYACUCHO,HUAMANGA,SAN JOSE DE TICLLAS,SIERRA,1558.0,136.0,1422.0,0.3,0.4285714285714285,-13.1322222222222,-74.3330555555555,3282.0,32.620580731381402,0.2971307923406379,53.852984,60.57925,0.4,0.0624,22.776
050110,AYACUCHO,HUAMANGA,SAN JUAN BAUTISTA,SIERRA,52764.0,52694.0,70.0,0.65,0.9285714285714286,-13.1666666666667,-74.2236111111111,2786.0,3525.6089532587198,0.5434028420964149,18.759879,4.135635,0.52,28.53136,10413.9464
050111,AYACUCHO,HUAMANGA,SANTIAGO DE PISCHA,SIERRA,1598.0,733.0,865.0,0.437675332039757,0.62525047434251,-13.0855555555556,-74.3933333333333,3210.0,18.662860906795501,0.3159422293967559,46.909459,24.26999,0.4452923055521492,0.3615773521083452,131.975733519546
050112,AYACUCHO,HUAMANGA,SOCOS,SIERRA,6674.0,989.0,5685.0,0.4,0.5714285714285715,-13.215,-74.2894444444444,3368.0,50.586050829755102,0.2405484316751649,60.55301,48.11389,0.34,0.38454,140.3571
050113,AYACUCHO,HUAMANGA,TAMBILLO,SIERRA,5835.0,258.0,5577.0,0.38,0.5428571428571428,-13.1947222222222,-74.1105555555555,3111.0,44.423415780199697,0.255767705045581,37.996694,27.8415,0.4452923055521492,0.1340329839711969,48.92203914948688
050114,AYACUCHO,HUAMANGA,VINCHOS,SIERRA,15780.0,590.0,15190.0,0.2,0.2857142857142857,-13.2416666666667,-74.3541666666667,3155.0,21.330275229357799,0.185977609283795,58.013396,40.95485,0.48,0.3307199999999999,120.7128
050115,AYACUCHO,HUAMANGA,JESUS NAZARENO,SIERRA,20517.0,19385.0,1132.0,0.53,0.7571428571428571,-13.1541666666667,-74.2125,2817.0,1292.80397022332,0.57624731718604,16.283852,1.659035,0.57,11.655929999999998,4254.414449999999
050116,AYACUCHO,HUAMANGA,ANDRES AVELINO CACERES DORREGARAY,SIERRA,30725.0,26859.0,3866.0,0.7,1.0,-13.1627777777778,-74.2138888888889,2775.0,1976.6163793103401,0.4899437684165859,13.243211,4.033983,0.7,19.817,7233.205
050201,AYACUCHO,CANGALLO,CANGALLO,SIERRA,5929.0,2328.0,3601.0,0.31,0.4428571428571429,-13.6291666666667,-74.1438888888889,2574.0,34.161988773055299,0.40128281347799,35.00305,19.5545,0.43,0.96535,352.35275
050202,AYACUCHO,CANGALLO,CHUSCHI,SIERRA,9080.0,3283.0,5797.0,0.44,0.6285714285714287,-13.585,-74.3516666666667,3157.0,19.6875822309404,0.318270304561851,49.686077,45.22311,0.46,1.5502,565.823
050203,AYACUCHO,CANGALLO,LOS MOROCHUCOS,SIERRA,8227.0,2866.0,5361.0,0.33,0.4714285714285715,-13.5575,-74.195,3346.0,36.975752310244097,0.34067993051272,45.977186,18.57728,0.33,0.95172,347.3778
050204,AYACUCHO,CANGALLO,MARIA PARADO DE BELLIDO,SIERRA,2088.0,433.0,1655.0,0.437675332039757,0.62525047434251,-13.6047222222222,-74.2363888888889,3245.0,18.593665298536401,0.254005827295047,58.648859,31.24922,0.4452923055521492,0.1785622145264118,65.17520830214032
050205,AYACUCHO,CANGALLO,PARAS,SIERRA,4347.0,1418.0,2929.0,0.437675332039757,0.62525047434251,-13.5525,-74.6277777777777,3354.0,7.4782344219290602,0.258777281796821,63.946171,46.44986,0.4452923055521492,0.6078239970786836,221.85575893371956
050206,AYACUCHO,CANGALLO,TOTOS,SIERRA,3079.0,1413.0,1666.0,0.437675332039757,0.62525047434251,-13.5675,-74.5227777777777,3333.0,34.632418069087699,0.279803706664133,49.872178,44.54348,0.42,0.55272,201.7428
050301,AYACUCHO,HUANCA SANCOS,SANCOS,SIERRA,3217.0,3019.0,198.0,0.39,0.5571428571428572,-13.9197222222222,-74.3341666666667,3433.0,2.5626114600294598,0.437809130099488,34.644506,9.448906,0.4,1.1792,430.408
050302,AYACUCHO,HUANCA SANCOS,CARAPO,SIERRA,1836.0,1582.0,254.0,0.39,0.5571428571428572,-13.8375,-74.3155555555555,3246.0,9.9486202038617702,0.359679244557686,51.580689,38.11372,0.4,0.5856,213.744
050303,AYACUCHO,HUANCA SANCOS,SACSAMARCA,SIERRA,1346.0,775.0,571.0,0.4203505822563048,0.6005008317947211,-13.9427777777778,-74.3127777777778,3463.0,2.5348052835683399,0.3620538134133429,45.793638,20.50829,0.4452923055521492,0.3263992599697254,119.13572988894975
050304,AYACUCHO,HUANCA SANCOS,SANTIAGO DE LUCANAMARCA,SIERRA,2126.0,1035.0,1091.0,0.363,0.5185714285714286,-13.8438888888889,-74.3722222222222,3512.0,4.2597150062285403,0.312277486351176,43.949016,41.73274,0.4452923055521492,0.441729967107732,161.2314379943222
050401,AYACUCHO,HUANTA,HUANTA,SIERRA,42825.0,35902.0,6923.0,0.58,0.8285714285714287,-12.9394444444444,-74.2480555555556,2685.0,244.169940045483,0.449340638207475,36.194279,15.45203,0.58,21.58992,7880.320799999999
050402,AYACUCHO,HUANTA,AYAHUANCO,SIERRA,1139.0,438.0,701.0,0.437675332039757,0.62525047434251,-12.5938888888889,-74.3308333333333,2699.0,7.9693846721944297,0.256590258999743,53.055271,36.7706,0.53,0.19822,72.3503
050403,AYACUCHO,HUANTA,HUAMANGUILLA,SIERRA,4287.0,1844.0,2443.0,0.437675332039757,0.6252504743425101,-13.0111111111111,-74.1730555555555,3300.0,52.702844547076701,0.3182118584685479,49.542142,33.47161,0.4452923055521492,0.7659027655496966,279.55450942563925
050404,AYACUCHO,HUANTA,IGUAIN,SIERRA,2865.0,767.0,2098.0,0.437675332039757,0.6252504743425099,-12.9925,-74.2088888888889,3063.0,63.9973958333333,0.360495718120657,52.217517,35.99754,0.4452923055521492,0.3370862753029769,123.0364904855866
050405,AYACUCHO,HUANTA,LURICOCHA,SIERRA,6157.0,2181.0,3976.0,0.4203505822563048,0.600500831794721,-12.8997222222222,-74.2736111111111,2598.0,59.443248231313397,0.353696206691125,43.564533,34.8339,0.4452923055521492,1.000126518270127,365.0461791685964
050406,AYACUCHO,HUANTA,SANTILLANA,SIERRA,3985.0,1308.0,2677.0,0.437675332039757,0.6252504743425101,-12.7663888888889,-74.2530555555555,3265.0,17.208555195288099,0.246427207322711,59.937555,53.47808,0.39,0.47112,171.9588
050407,AYACUCHO,HUANTA,SIVIA,SIERRA,11836.0,4304.0,7532.0,0.437675332039757,0.62525047434251,-12.5119444444444,-73.8588888888889,561.0,10.596856253322199,0.386658125978319,45.787749,20.98298,0.55,2.277,831.105
050408,AYACUCHO,HUANTA,LLOCHEGUA,SIERRA,11371.0,5222.0,6149.0,0.47,0.6714285714285714,-12.41,-73.9063888888889,540.0,21.883928190695499,0.41187367489574,32.096351,14.33618,0.4452923055521492,2.38676675775952,871.1698665822247
050409,AYACUCHO,HUANTA,CANAYRE,SIERRA,4233.0,2152.0,2081.0,0.437675332039757,0.62525047434251,-12.2822222222222,-74.0230555555556,528.0,10.883158281907701,0.371225410334866,43.483245,19.77083,0.67,1.57316,574.2034
050410,AYACUCHO,HUANTA,UCHURACCAY,SIERRA,3763.0,444.0,3319.0,0.5,0.7142857142857143,-12.7613888888889,-74.1455555555555,3898.0,12.854668975622801,0.141929870287826,81.261671,45.92439,0.32,0.13184,48.12160000000001
050411,AYACUCHO,HUANTA,PUCACOLPA,SIERRA,2453.0,483.0,1970.0,0.4203505822563048,0.6005008317947212,-12.4205555555556,-74.4891666666667,3493.0,5.4584919759456296,0.198213850928273,78.161251,57.88503,0.4452923055521492,0.1772263376097553,64.6876132275607
050412,AYACUCHO,HUANTA,CHACA,SIERRA,2230.0,949.0,1281.0,0.437675332039757,0.62525047434251,-12.7841666666667,-74.2058333333333,3400.0,17.740639562911799,0.120244062047101,72.722171,53.47808,0.4452923055521492,0.4034348288302471,147.2537125230402
050501,AYACUCHO,LA MAR,SAN MIGUEL,SIERRA,11373.0,4821.0,6552.0,0.93,1.328571428571429,-13.0127777777778,-73.9811111111111,2696.0,31.1129553594828,0.332044817446198,48.595298,27.60037,0.44,1.78112,650.1088
050502,AYACUCHO,LA MAR,ANCO,SIERRA,8300.0,2379.0,5921.0,0.47,0.6714285714285714,-13.0602777777778,-73.7069444444444,3213.0,13.035896669406901,0.329762165397951,45.927716,25.26773,0.4452923055521492,0.4194653518301245,153.10485341799546
050503,AYACUCHO,LA MAR,AYNA,SIERRA,10067.0,7268.0,2799.0,0.59,0.842857142857143,-12.6241666666667,-73.7894444444444,627.0,35.007400777942202,0.415629567747043,38.938658,15.6159,0.59,4.22735,1542.98275
050504,AYACUCHO,LA MAR,CHILCAS,SIERRA,1633.0,222.0,1411.0,0.437675332039757,0.62525047434251,-13.1711111111111,-73.9063888888889,3192.0,13.5202452420488,0.277632172402524,44.042213,36.03852,0.4452923055521492,0.0886131688048776,32.34380661378035
050505,AYACUCHO,LA MAR,CHUNGUI,SIERRA,4505.0,604.0,3901.0,0.437675332039757,0.62525047434251,-13.2222222222222,-73.6216666666667,3506.0,4.9750697589314301,0.202410044737131,62.395542,45.30511,0.5,0.294,107.31
050506,AYACUCHO,LA MAR,LUIS CARRANZA,SIERRA,1361.0,177.0,1184.0,0.437675332039757,0.62525047434251,-13.2288888888889,-73.8944444444444,2962.0,10.4681978798587,0.203487166058236,63.62024,27.29943,0.4452923055521492,0.0810431996104911,29.580767857829272
050507,AYACUCHO,LA MAR,SANTA ROSA,SIERRA,12633.0,9038.0,3595.0,0.46,0.6571428571428574,-12.6877777777778,-73.7358333333333,729.0,32.351606233294603,0.411984636052569,31.925593,11.76779,0.55,5.05175,1843.88875
050508,AYACUCHO,LA MAR,TAMBO,SIERRA,9850.0,6048.0,3802.0,0.437675332039757,0.62525047434251,-12.9480555555556,-74.0208333333333,3237.0,45.994519151105699,0.2421150794024629,54.039499,37.19038,0.4452923055521492,2.2478355584272496,820.4599788259461
050509,AYACUCHO,LA MAR,SAMUGARI,SIERRA,10847.0,5986.0,4861.0,0.6,0.8571428571428572,-12.7683333333333,-73.6555555555555,754.0,24.374758033294601,0.370171326722866,42.323311,13.3294,0.4452923055521492,2.4112578345648883,880.1091096161842
050510,AYACUCHO,LA MAR,ANCHIHUAY,SIERRA,4429.0,1028.0,3401.0,0.72,1.0285714285714285,-12.8636111111111,-73.5825,769.0,16.264196714080899,0.243633660335541,64.817398,25.58353,0.53,0.5199300000000001,189.77445000000003
050511,AYACUCHO,LA MAR,ORONCCOY,SIERRA,1098.0,179.0,919.0,0.437675332039757,0.62525047434251,-13.3808333333333,-73.4361111111111,3719.0,S.I.,0.2844931668772049,70.349495,45.30511,0.4452923055521492,0.0756996919438653,27.630387559510854
050601,AYACUCHO,LUCANAS,PUQUIO,SIERRA,14572.0,13632.0,940.0,0.49,0.7,-14.6941666666667,-74.1244444444444,3234.0,16.951167434183901,0.4950731249259909,34.786636,8.31986,0.49,6.65567,2429.31955
050602,AYACUCHO,LUCANAS,AUCARA,SIERRA,2788.0,2023.0,765.0,0.44,0.6285714285714286,-14.2811111111111,-73.9752777777778,3236.0,2.6895109074609,0.3839876600367039,49.507817,28.18716,0.44,0.79948,291.8102
050603,AYACUCHO,LUCANAS,CABANA,SIERRA,2068.0,2022.0,46.0,0.21,0.3,-14.2883333333333,-73.9672222222222,3298.0,2.7196860563310299,0.4624821767606789,42.702162,11.67135,0.21,0.38136,139.1964
050604,AYACUCHO,LUCANAS,CARMEN SALCEDO,SIERRA,1637.0,1553.0,84.0,0.36,0.5142857142857143,-14.3877777777778,-73.9619444444445,3478.0,2.5503525735759802,0.4276006247522939,35.0453,9.685107,0.37,0.4884,178.266
050605,AYACUCHO,LUCANAS,CHAVIÑA,SIERRA,2312.0,1428.0,884.0,0.437675332039757,0.62525047434251,-14.9794444444444,-73.8375,3338.0,5.6628830589591299,0.4202404187818309,32.446012,35.33347,0.4452923055521492,0.6278621508285304,229.1696850524136
050606,AYACUCHO,LUCANAS,CHIPAO,SIERRA,2551.0,1533.0,1018.0,0.53,0.7571428571428571,-14.3658333333333,-73.8761111111111,3440.0,2.3506525781765499,0.326923899212096,39.271149,39.30516,0.4452923055521492,0.6158392585786223,224.78132938119717
050607,AYACUCHO,LUCANAS,HUAC-HUAS,SIERRA,1627.0,530.0,1097.0,0.437675332039757,0.62525047434251,-14.1316666666667,-74.9422222222222,3189.0,4.6497350394209596,0.3764140619097849,48.577225,15.15547,0.4452923055521492,0.2106232605261666,76.8774900920508
050608,AYACUCHO,LUCANAS,LARAMATE,SIERRA,1702.0,815.0,887.0,0.437675332039757,0.62525047434251,-14.2861111111111,-74.8425,3078.0,2.0091870363536901,0.349125903784613,46.321004,13.62815,0.4452923055521492,0.3508903367750936,128.07497292290918
050609,AYACUCHO,LUCANAS,LEONCIO PRADO,SIERRA,1133.0,497.0,636.0,0.437675332039757,0.62525047434251,-14.7288888888889,-74.6702777777778,2696.0,0.91495823842065305,0.361236442711079,38.9161,9.121028,0.4452923055521492,0.2048344605539886,74.76457810220585
050610,AYACUCHO,LUCANAS,LLAUTA,SIERRA,913.0,457.0,456.0,0.437675332039757,0.62525047434251,-14.2436111111111,-74.9202777777778,2666.0,2.3357603667517202,0.460853268139767,27.398913,16.58323,0.4452923055521492,0.1856868914152462,67.77571536656488
050611,AYACUCHO,LUCANAS,LUCANAS,SIERRA,2790.0,1590.0,1200.0,0.437675332039757,0.62525047434251,-14.6225,-74.2330555555556,3385.0,2.5303123289489,0.376528826026978,41.481291,25.67252,0.4452923055521492,0.6581420276060765,240.22184007621797
050612,AYACUCHO,LUCANAS,OCAÑA,SIERRA,2334.0,924.0,1410.0,0.437675332039757,0.62525047434251,-14.3988888888889,-74.8227777777777,2650.0,2.9963694657928199,0.403624171148039,50.275966,27.46771,0.4452923055521492,0.3758267058860139,137.1767476483951
050613,AYACUCHO,LUCANAS,OTOCA,SIERRA,1932.0,500.0,1432.0,0.437675332039757,0.62525047434251,-14.49,-74.6866666666667,1883.0,2.2840877534018298,0.4381417939413099,43.895774,21.9558,0.4452923055521492,0.2008268298040193,73.30179287846704
050614,AYACUCHO,LUCANAS,SAISA,SIERRA,854.0,463.0,391.0,0.437675332039757,0.62525047434251,-14.9402777777778,-74.4172222222222,3070.0,0.67133583874274005,0.5329271301685689,50.023129,11.45715,0.4452923055521492,0.20305329133178,74.1144513360997
050615,AYACUCHO,LUCANAS,SAN CRISTOBAL,SIERRA,1842.0,1174.0,668.0,0.4203505822563048,0.6005008317947211,-14.7430555555556,-74.2222222222222,3587.0,5.65551387081132,0.2361607964080869,54.556409,31.48581,0.4452923055521492,0.5120861513849716,186.91144525551465
050616,AYACUCHO,LUCANAS,SAN JUAN,SIERRA,1012.0,837.0,175.0,0.43,0.6142857142857142,-14.6516666666667,-74.1991666666667,3290.0,15.653734021081,0.482569863831011,40.744316,14.51365,0.43,0.3457199999999999,126.1878
050617,AYACUCHO,LUCANAS,SAN PEDRO,SIERRA,2722.0,1394.0,1328.0,0.437675332039757,0.6252504743425101,-14.7669444444444,-74.0977777777778,3115.0,4.6942144250576403,0.2798451898325209,49.01561,35.98177,0.4452923055521492,0.59045759716215,215.51702296418475
050618,AYACUCHO,LUCANAS,SAN PEDRO DE PALCO,SIERRA,941.0,384.0,557.0,0.437675332039757,0.6252504743425101,-14.4119444444444,-74.6513888888889,2538.0,2.3798325651396901,0.287747712166572,35.0453,22.85217,0.4452923055521492,0.1531805531099393,55.910901885127856
050619,AYACUCHO,LUCANAS,SANCOS,SIERRA,4947.0,2389.0,2558.0,0.437675332039757,0.62525047434251,-15.0627777777778,-73.9522222222222,2826.0,2.05474498149086,0.484296612167306,42.278768,15.07671,0.4452923055521492,1.029070518131017,375.6107391178211
050620,AYACUCHO,LUCANAS,SANTA ANA DE HUAYCAHUACHO,SIERRA,846.0,836.0,10.0,0.8,1.142857142857143,-14.2263888888889,-73.9566666666667,2984.0,10.6458621370729,0.3765185882441129,29.714467,29.98177,0.38,0.32262,117.7563
050621,AYACUCHO,LUCANAS,SANTA LUCIA,SIERRA,1434.0,1061.0,373.0,0.437675332039757,0.62525047434251,-14.9783333333333,-74.5238888888889,2252.0,0.87426653845399105,0.4428140299494789,39.630727,13.99192,0.4452923055521492,0.4902668284129163,178.94739237071445
050701,AYACUCHO,PARINACOCHAS,CORACORA,SIERRA,13733.0,11072.0,2661.0,0.46,0.6571428571428571,-15.0169444444444,-73.7813888888889,3166.0,8.7236764064855894,0.435592689132404,37.181469,15.56557,0.46,4.917400000000001,1794.8510000000003
050702,AYACUCHO,PARINACOCHAS,CHUMPI,SIERRA,2248.0,1658.0,590.0,0.437675332039757,0.6252504743425099,-15.0944444444444,-73.7480555555556,3226.0,6.6803166803166798,0.325360218201439,37.010343,30.31733,0.4452923055521492,0.6759537198281625,246.7231077372793
050703,AYACUCHO,PARINACOCHAS,CORONEL CASTAÑEDA,SIERRA,1884.0,485.0,1399.0,0.437675332039757,0.6252504743425101,-14.8072222222222,-73.2822222222222,3622.0,0.93317930760622403,0.513623210304806,55.840313,49.0346,0.4452923055521492,0.2355596296370869,85.97926481753673
050704,AYACUCHO,PARINACOCHAS,PACAPAUSA,SIERRA,599.0,291.0,308.0,0.437675332039757,0.6252504743425101,-14.9502777777778,-73.3677777777778,2821.0,5.5024255024255,0.327540004395636,29.416076,20.83854,0.4452923055521492,0.1059795687214115,38.6825425833152
050705,AYACUCHO,PARINACOCHAS,PULLO,SIERRA,6984.0,5877.0,1107.0,0.437675332039757,0.6252504743425099,-15.21,-73.8266666666667,3037.0,3.0051077230308398,0.4559974426459469,37.805466,18.68214,0.37,2.38169,869.3168499999999
050706,AYACUCHO,PARINACOCHAS,PUYUSCA,SIERRA,2154.0,1137.0,1017.0,0.437675332039757,0.6252504743425101,-15.2469444444444,-73.5694444444444,3307.0,3.31216553692472,0.3278136237994199,32.122544,27.07587,0.37,0.4051499999999999,147.87974999999997
050707,AYACUCHO,PARINACOCHAS,SAN FRANCISCO DE RAVACAYCO,SIERRA,532.0,223.0,309.0,0.437675332039757,0.62525047434251,-14.9969444444444,-73.3511111111111,2833.0,10.397676049283801,0.3735868267382079,39.325269,36.62527,0.4452923055521492,0.092620799554847,33.806591837519164
050708,AYACUCHO,PARINACOCHAS,UPAHUACHO,SIERRA,1145.0,162.0,983.0,0.437675332039757,0.62525047434251,-14.9072222222222,-73.3975,3341.0,2.6849408359581202,0.2683870703500699,58.999703,31.70152,0.52,0.07332,26.761800000000004
050801,AYACUCHO,PAUCAR DEL SARA SARA,PAUSA,SIERRA,3372.0,2802.0,570.0,0.5,0.7142857142857143,-15.2786111111111,-73.3441666666667,2536.0,11.1417744460005,0.519541519943789,23.525361,7.852957,0.5,1.4175,517.3875
050802,AYACUCHO,PAUCAR DEL SARA SARA,COLTA,SIERRA,463.0,301.0,162.0,0.437675332039757,0.6252504743425099,-15.1627777777778,-73.2938888888889,3267.0,1.7454650366042801,0.3439745311780699,39.918399,27.08732,0.4452923055521492,0.1157759994435588,42.25823979689896
050803,AYACUCHO,PAUCAR DEL SARA SARA,CORCULLA,SIERRA,456.0,301.0,155.0,0.437675332039757,0.6252504743425099,-15.2627777777778,-73.2002777777778,3503.0,4.5028335909325099,0.3349156737899299,37.40018,24.00731,0.4452923055521492,0.1260177224712582,45.99646870200925
050804,AYACUCHO,PAUCAR DEL SARA SARA,LAMPA,SIERRA,2031.0,1630.0,401.0,0.437675332039757,0.62525047434251,-15.185,-73.3491666666667,2809.0,6.6954569010191696,0.395362727825013,32.14853,17.7483,0.4452923055521492,0.6821878121058926,248.9985514186508
050805,AYACUCHO,PAUCAR DEL SARA SARA,MARCABAMBA,SIERRA,636.0,527.0,109.0,0.19,0.2714285714285714,-15.1497222222222,-73.3416666666667,2615.0,4.3907614461764499,0.475850762099625,19.857407,7.947107,0.19,0.09367,34.189550000000004
050806,AYACUCHO,PAUCAR DEL SARA SARA,OYOLO,SIERRA,1610.0,661.0,949.0,0.437675332039757,0.6252504743425099,-15.18,-73.1852777777778,3410.0,1.4558667528318701,0.414593432754131,39.685743,39.80114,0.4452923055521492,0.3228369215253082,117.83547635673747
050807,AYACUCHO,PAUCAR DEL SARA SARA,PARARCA,SIERRA,412.0,244.0,168.0,0.437675332039757,0.6252504743425099,-15.2175,-73.4647222222222,3047.0,8.0469694353306807,0.3860926504306749,32.14853,19.3893,0.4452923055521492,0.0948472610826077,34.61925029515184
050808,AYACUCHO,PAUCAR DEL SARA SARA,SAN JAVIER DE ALPABAMBA,SIERRA,290.0,95.0,195.0,0.437675332039757,0.6252504743425101,-15.0566666666667,-73.3222222222222,2628.0,6.3745019920318704,0.349504113393866,37.40018,18.28748,0.4452923055521492,0.0369592613608283,13.490130396702362
050809,AYACUCHO,PAUCAR DEL SARA SARA,SAN JOSE DE USHUA,SIERRA,242.0,158.0,84.0,0.437675332039757,0.6252504743425101,-15.225,-73.2266666666667,3034.0,11.8869013271783,0.407864756534954,30.29507,27.93903,0.4452923055521492,0.0752543996383132,27.467855867984326
050810,AYACUCHO,PAUCAR DEL SARA SARA,SARA SARA,SIERRA,505.0,456.0,49.0,0.437675332039757,0.6252504743425099,-15.2452777777778,-73.4530555555556,3305.0,7.20030158331239,0.389614507118693,30.29507,25.79834,0.4452923055521492,0.1767810453042032,64.52508153603418
050901,AYACUCHO,SUCRE,QUEROBAMBA,SIERRA,2618.0,2279.0,339.0,0.32,0.4571428571428571,-14.0116666666667,-73.8386111111111,3516.0,9.4612733538907996,0.4666425080552499,32.838765,20.18349,0.32,0.7203200000000001,262.9168
050902,AYACUCHO,SUCRE,BELEN,SIERRA,325.0,266.0,59.0,0.437675332039757,0.62525047434251,-13.8088888888889,-73.7575,3223.0,7.1394114809454896,0.4190728358949479,53.497967,18.50754,0.4452923055521492,0.1068701533325158,39.007605966368274
050903,AYACUCHO,SUCRE,CHALCOS,SIERRA,481.0,226.0,255.0,0.4203505822563048,0.600500831794721,-13.8480555555556,-73.7541666666667,3677.0,9.8750641793599208,0.373474317830647,58.364017,25.89143,0.4452923055521492,0.0917302149437427,33.4815284544661
050904,AYACUCHO,SUCRE,CHILCAYOC,SIERRA,497.0,277.0,220.0,0.437675332039757,0.62525047434251,-13.8830555555556,-73.7272222222222,3404.0,18.814277071990301,0.323917763593345,50.765457,33.12294,0.4452923055521492,0.1157759994435588,42.25823979689896
050905,AYACUCHO,SUCRE,HUACAÑA,SIERRA,365.0,268.0,97.0,0.437675332039757,0.6252504743425101,-14.1722222222222,-73.8863888888889,3186.0,3.2245912755217399,0.448875108614995,43.526738,23.96932,0.4452923055521492,0.1077607379436201,39.33266934942134
050906,AYACUCHO,SUCRE,MORCOLLA,SIERRA,1274.0,921.0,353.0,0.11,0.1571428571428571,-14.1086111111111,-73.8719444444444,3504.0,4.9284578696343404,0.325651108793004,64.442539,32.51203,0.11,0.09625,35.13125
050907,AYACUCHO,SUCRE,PAICO,SIERRA,544.0,486.0,58.0,0.437675332039757,0.6252504743425099,-14.0383333333333,-73.6422222222222,3111.0,8.4871311989956109,0.342982344659134,46.972272,28.39646,0.4452923055521492,0.1932568606096327,70.53875412251595
050908,AYACUCHO,SUCRE,SAN PEDRO DE LARCAY,SIERRA,829.0,436.0,393.0,0.437675332039757,0.62525047434251,-14.1686111111111,-73.5727777777777,3395.0,2.89289515270745,0.324530752237215,47.117162,50.39487,0.4452923055521492,0.1874680606374548,68.42584213267101
050909,AYACUCHO,SUCRE,SAN SALVADOR DE QUIJE,SIERRA,982.0,237.0,745.0,0.437675332039757,0.62525047434251,-13.9683333333333,-73.7347222222222,3222.0,9.1336513862960604,0.3143419223692819,45.354617,37.04939,0.4452923055521492,0.095737845693712,34.94431367820491
050910,AYACUCHO,SUCRE,SANTIAGO DE PAUCARAY,SIERRA,590.0,493.0,97.0,0.78,1.1142857142857143,-14.0444444444444,-73.6375,3251.0,11.141260973663201,0.3443912958057939,54.993232,33.0426,0.78,0.35022,127.8303
050911,AYACUCHO,SUCRE,SORAS,SIERRA,1038.0,915.0,123.0,0.437675332039757,0.6252504743425099,-14.1144444444444,-73.6044444444444,3432.0,2.6482666145207698,0.3750139000613729,42.283405,41.0598,0.4452923055521492,0.3905213519692348,142.5402934687707
051001,AYACUCHO,VICTOR FAJARDO,HUANCAPI,SIERRA,1923.0,1768.0,155.0,0.32,0.4571428571428572,-13.7522222222222,-74.0666666666667,3105.0,9.1336467427803907,0.50695959906762,32.611348,18.06002,0.33,0.5550600000000001,202.59690000000003
051002,AYACUCHO,VICTOR FAJARDO,ALCAMENCA,SIERRA,1474.0,1245.0,229.0,0.39,0.5571428571428572,-13.6572222222222,-74.1472222222222,3173.0,14.898888977699601,0.290565080737537,52.052896,33.03137,0.2,0.2214,80.811
051003,AYACUCHO,VICTOR FAJARDO,APONGO,SIERRA,602.0,436.0,166.0,0.2,0.2857142857142857,-14.0133333333333,-73.9322222222222,3078.0,5.0880055950576999,0.382300196788594,53.484127,17.15028,0.4452923055521492,0.1687657838042645,61.59951108855656
051004,AYACUCHO,VICTOR FAJARDO,ASQUIPATA,SIERRA,484.0,157.0,327.0,0.437675332039757,0.6252504743425101,-14.0547222222222,-73.9094444444444,3332.0,6.6035067873303204,0.435936738353615,44.9478,21.32696,0.4452923055521492,0.0712467688883438,26.00507064424552
051005,AYACUCHO,VICTOR FAJARDO,CANARIA,SIERRA,4045.0,3348.0,697.0,0.39,0.5571428571428572,-13.9230555555556,-73.9047222222222,3043.0,11.319539184477801,0.505707397006043,50.85634,19.50138,0.38,1.2711,463.9515
051006,AYACUCHO,VICTOR FAJARDO,CAYARA,SIERRA,1158.0,827.0,331.0,0.4,0.5714285714285716,-13.7952777777778,-73.9886111111111,3207.0,18.1660649819495,0.330134173205676,59.034564,29.16664,0.39,0.31434,114.7341
051007,AYACUCHO,VICTOR FAJARDO,COLCA,SIERRA,1039.0,614.0,425.0,0.437675332039757,0.62525047434251,-13.7125,-74.0338888888889,3003.0,18.75808538163,0.332558597457341,42.320098,34.63213,0.4452923055521492,0.2671753833312895,97.51901491592068
051008,AYACUCHO,VICTOR FAJARDO,HUAMANQUIQUIA,SIERRA,1124.0,500.0,624.0,0.437675332039757,0.62525047434251,-13.7291666666667,-74.2722222222222,3390.0,18.104856676073101,0.263179849278575,63.468119,28.66587,0.4452923055521492,0.2204196912483138,80.45318730563456
051009,AYACUCHO,VICTOR FAJARDO,HUANCARAYLLA,SIERRA,1283.0,1266.0,17.0,0.39,0.5571428571428573,-13.7188888888889,-74.1025,3246.0,10.369206598586,0.3919725642613359,36.235036,21.24137,0.39,0.45747,166.97655
051010,AYACUCHO,VICTOR FAJARDO,HUAYA,SIERRA,2070.0,1842.0,228.0,0.23,0.3285714285714286,-13.85,-73.9508333333333,3423.0,13.9061825802873,0.32917386857808,55.917583,46.26695,0.22,0.36894,134.6631
051011,AYACUCHO,VICTOR FAJARDO,SARHUA,SIERRA,2661.0,2250.0,411.0,0.38,0.5428571428571428,-13.6727777777778,-74.3202777777778,3184.0,8.4579514391381192,0.2584010205918519,70.736082,44.54359,0.38,0.8341000000000001,304.4465
051012,AYACUCHO,VICTOR FAJARDO,VILCANCHOS,SIERRA,2447.0,778.0,1669.0,0.437675332039757,0.62525047434251,-13.6113888888889,-74.5325,3011.0,6.4167368716652602,0.264738295334461,58.111649,47.05287,0.46,0.3519,128.44350000000003
051101,AYACUCHO,VILCAS HUAMAN,VILCAS HUAMAN,SIERRA,6663.0,2561.0,4102.0,0.437675332039757,0.6252504743425099,-13.6525,-73.9538888888889,3494.0,35.298999492830497,0.329249042890353,46.946494,25.78297,0.46,1.1375800000000005,415.2167000000001
051102,AYACUCHO,VILCAS HUAMAN,ACCOMARCA,SIERRA,887.0,690.0,197.0,0.437675332039757,0.6252504743425099,-13.8005555555556,-73.9041666666667,3387.0,15.989324275142501,0.2372402907441069,41.373965,43.16797,0.36,0.2286,83.439
051103,AYACUCHO,VILCAS HUAMAN,CARHUANCA,SIERRA,837.0,508.0,329.0,0.437675332039757,0.62525047434251,-13.7425,-73.7872222222222,2980.0,17.237743806009501,0.328352946802896,47.288156,28.52883,0.4452923055521492,0.2137403066650316,78.01521193273655
051104,AYACUCHO,VILCAS HUAMAN,CONCEPCION,SIERRA,1642.0,253.0,1389.0,0.437675332039757,0.62525047434251,-13.5325,-73.8752777777778,3061.0,12.407571036599499,0.2089981927930089,55.226955,35.98515,0.4452923055521492,0.1028625225825464,37.54482074262947
051105,AYACUCHO,VILCAS HUAMAN,HUAMBALPA,SIERRA,1342.0,576.0,766.0,0.437675332039757,0.62525047434251,-13.7502777777778,-73.9316666666667,3294.0,13.498275404616599,0.326261592279862,27.591488,25.64112,0.4452923055521492,0.2342237527204305,85.49166974295713
051106,AYACUCHO,VILCAS HUAMAN,INDEPENDENCIA,SIERRA,1144.0,426.0,718.0,0.437675332039757,0.62525047434251,-13.8527777777778,-73.8772222222222,3606.0,16.885553470919302,0.2550146536013819,40.654191,30.99414,0.4452923055521492,0.1749998760819946,63.87495476992804
051107,AYACUCHO,VILCAS HUAMAN,SAURAMA,SIERRA,1075.0,237.0,838.0,0.437675332039757,0.62525047434251,-13.6955555555556,-73.7594444444444,3574.0,13.3473462953232,0.2311024064248959,57.615286,31.57771,0.4452923055521492,0.1006360610547857,36.73216228499679
051108,AYACUCHO,VILCAS HUAMAN,VISCHONGO,SIERRA,3965.0,1726.0,2239.0,0.437675332039757,0.6252504743425101,-13.5891666666667,-73.9952777777778,3150.0,16.573065050024201,0.3421303129037229,39.958274,28.91333,0.4452923055521492,0.7574422117442058,276.4664072866351
060101,CAJAMARCA,CAJAMARCA,CAJAMARCA,SIERRA,240461.0,197800.0,42661.0,0.51,0.7285714285714286,-7.15472222222222,-78.5108333333333,2731.0,644.31206563202204,0.607017527674158,19.74874,4.944411,0.57,114.48336,41786.4264
060102,CAJAMARCA,CAJAMARCA,ASUNCION,SIERRA,8137.0,1115.0,7022.0,0.35,0.5000000000000001,-7.32472222222222,-78.5186111111111,2254.0,48.582167665810204,0.234301628820936,58.25357,46.22379,0.35,0.32445,118.42425
060103,CAJAMARCA,CAJAMARCA,CHETILLA,SIERRA,3880.0,317.0,3563.0,0.437675332039757,0.62525047434251,-7.14694444444445,-78.6733333333333,2802.0,63.713822017852301,0.116449282558357,74.378962,70.6261,0.4452923055521492,0.1273535993879146,46.48406377658885
060104,CAJAMARCA,CAJAMARCA,COSPAN,SIERRA,7222.0,729.0,6493.0,0.437675332039757,0.62525047434251,-7.42722222222222,-78.5422222222222,2471.0,14.738989602534,0.191374119008747,73.630185,51.61699,0.4452923055521492,0.2912211678311056,106.29572625835354
060105,CAJAMARCA,CAJAMARCA,ENCAÑADA,SIERRA,20310.0,1383.0,18927.0,0.437675332039757,0.62525047434251,-7.08694444444444,-78.3444444444444,3087.0,51.067615658363003,0.2787832446449399,74.909599,42.69971,0.4452923055521492,0.5370225204958919,196.01321998100056
060106,CAJAMARCA,CAJAMARCA,JESUS,SIERRA,16483.0,3202.0,13281.0,0.412,0.5885714285714286,-7.24861111111111,-78.3791666666666,2568.0,66.715213981626704,0.312241647270176,70.501191,43.52251,0.4452923055521492,1.3434468858508342,490.3581133355545
060107,CAJAMARCA,CAJAMARCA,LLACANORA,SIERRA,6508.0,753.0,5755.0,0.4203505822563048,0.600500831794721,-7.19361111111111,-78.4266666666667,2621.0,126.042088223391,0.3658867820676109,63.634096,25.31559,0.4452923055521492,0.3179387061642345,116.0476277499456
060108,CAJAMARCA,CAJAMARCA,LOS BAÑOS DEL INCA,SIERRA,51608.0,21275.0,30333.0,0.45,0.6428571428571429,-7.16361111111111,-78.4644444444445,2685.0,164.352387843705,0.487318279535978,36.669142,16.76536,0.44,9.48112,3460.6088000000004
060109,CAJAMARCA,CAJAMARCA,MAGDALENA,SIERRA,8851.0,2958.0,5893.0,0.39,0.5571428571428572,-7.25083333333333,-78.6597222222222,1298.0,52.001114309592303,0.3499131122933449,54.524421,27.22916,0.38,1.03702,378.5123
060110,CAJAMARCA,CAJAMARCA,MATARA,SIERRA,3795.0,795.0,3000.0,0.437675332039757,0.62525047434251,-7.25472222222222,-78.2597222222222,2834.0,79.410780046869704,0.3412504330954619,50.188485,35.11569,0.4452923055521492,0.3246180907475167,118.4856031228436
060111,CAJAMARCA,CAJAMARCA,NAMORA,SIERRA,10253.0,1759.0,8494.0,2.0,2.857142857142857,-7.20277777777778,-78.3247222222222,2765.0,69.444905639493101,0.272322187843734,67.78289,35.94716,0.39,0.6423300000000001,234.45045
060112,CAJAMARCA,CAJAMARCA,SAN JUAN,SIERRA,4560.0,989.0,3571.0,0.437675332039757,0.6252504743425101,-7.29166666666667,-78.4975,2336.0,85.845535457938595,0.2871763458712909,54.57969,60.41476,0.4452923055521492,0.4016536596080386,146.60358575693408
060201,CAJAMARCA,CAJABAMBA,CAJABAMBA,SIERRA,33715.0,19192.0,14523.0,0.4,0.5714285714285715,-7.62305555555555,-78.0461111111111,2687.0,203.89515835456899,0.438436187535285,28.787015,36.49493,0.54,10.3221,3767.5665
060202,CAJAMARCA,CAJABAMBA,CACHACHI,SIERRA,25479.0,944.0,24535.0,0.4203505822563048,0.6005008317947212,-7.44888888888889,-78.2688888888889,3224.0,32.677477126253301,0.2948350537014909,76.856871,54.01931,0.29,0.2552,93.148
060203,CAJAMARCA,CAJABAMBA,CONDEBAMBA,SIERRA,15143.0,1249.0,13894.0,0.402,0.5742857142857143,-7.57361111111111,-78.0697222222222,2829.0,69.755620723362696,0.2517980913588909,55.504548,32.43587,0.5,0.595,217.175
060204,CAJAMARCA,CAJABAMBA,SITACOCHA,SIERRA,8097.0,2454.0,5643.0,0.41,0.5857142857142857,-7.51944444444445,-77.9694444444445,3209.0,16.432179543682398,0.257407821092545,72.224726,47.4208,0.42,0.94752,345.8448
060301,CAJAMARCA,CELENDIN,CELENDIN,SIERRA,28761.0,20212.0,8549.0,0.43,0.6142857142857144,-6.86694444444444,-78.1430555555555,2629.0,70.092909535452307,0.4626426475820469,35.147289,23.91799,0.6,11.961,4365.765
060302,CAJAMARCA,CELENDIN,CHUMUCH,SIERRA,2732.0,185.0,2547.0,0.437675332039757,0.62525047434251,-6.60277777777778,-78.2002777777778,2202.0,17.2847682119205,0.137595947784613,65.131207,57.87238,0.4452923055521492,0.0690203073605831,25.192412186612845
060303,CAJAMARCA,CELENDIN,CORTEGANA,SIERRA,7406.0,478.0,6928.0,0.437675332039757,0.62525047434251,-6.51305555555555,-78.3288888888889,2352.0,37.825211092537799,0.1902973186920919,72.264025,50.45723,0.4452923055521492,0.1803433837486204,65.82533506824645
060304,CAJAMARCA,CELENDIN,HUASMIN,SIERRA,11069.0,1203.0,9866.0,0.4203505822563048,0.6005008317947211,-6.8375,-78.2447222222222,2543.0,31.069714285714301,0.196968014064723,76.131443,53.15882,0.42,0.41958,153.1467
060305,CAJAMARCA,CELENDIN,JORGE CHAVEZ,SIERRA,468.0,192.0,276.0,0.437675332039757,0.6252504743425101,-6.94111111111111,-78.0916666666667,2646.0,15.354330708661401,0.372644690434531,48.892668,23.93738,0.4452923055521492,0.074809107332761,27.30532417645779
060306,CAJAMARCA,CELENDIN,JOSE GALVEZ,SIERRA,2762.0,385.0,2377.0,0.437675332039757,0.62525047434251,-6.92555555555555,-78.1327777777777,2618.0,57.076366143768297,0.4099225962391719,47.788223,16.89658,0.4452923055521492,0.1487276300544178,54.285584969862505
060307,CAJAMARCA,CELENDIN,MIGUEL IGLESIAS,SIERRA,3993.0,346.0,3647.0,0.437675332039757,0.6252504743425101,-6.65027777777778,-78.2325,2813.0,22.00822975438,0.1608063274622159,75.803568,40.23896,0.4452923055521492,0.1273535993879146,46.48406377658885
060308,CAJAMARCA,CELENDIN,OXAMARCA,SIERRA,5874.0,590.0,5284.0,0.437675332039757,0.6252504743425101,-7.04222222222222,-78.0683333333333,2836.0,25.471762614522099,0.184400166425672,80.998207,36.49691,0.29,0.14558,53.1367
060309,CAJAMARCA,CELENDIN,SOROCHUCO,SIERRA,7683.0,657.0,7026.0,0.53,0.7571428571428572,-6.91194444444445,-78.2552777777778,2663.0,65.662863192565595,0.243053644302323,66.234164,56.71386,0.56,0.2996,109.354
060310,CAJAMARCA,CELENDIN,SUCRE,SIERRA,5491.0,1071.0,4420.0,0.437675332039757,0.6252504743425099,-6.94277777777778,-78.1352777777778,2632.0,21.794966418185801,0.3487472001511889,53.907275,28.00743,0.4452923055521492,0.4136765518579466,150.9919414281505
060311,CAJAMARCA,CELENDIN,UTCO,SIERRA,1097.0,59.0,1038.0,0.437675332039757,0.6252504743425099,-6.89638888888889,-78.0633333333333,2225.0,15.696001587459101,0.1967586046551569,66.829214,35.3758,0.4452923055521492,0.0218193229720553,7.964052884800188
060312,CAJAMARCA,CELENDIN,LA LIBERTAD DE PALLAN,SIERRA,6946.0,927.0,6019.0,0.51,0.7285714285714286,-6.72388888888889,-78.2825,2952.0,43.7286110054864,0.194576257385796,68.677194,64.45201,0.4452923055521492,0.3526715059973022,128.7250996890153
060401,CAJAMARCA,CHOTA,CHOTA,SIERRA,50847.0,22951.0,27896.0,0.38,0.5428571428571429,-6.55972222222222,-78.6469444444445,2430.0,212.93982808022901,0.470087577919496,48.08033,12.10598,0.38,8.59142,3135.8683
060402,CAJAMARCA,CHOTA,ANGUIA,SIERRA,3290.0,388.0,2902.0,0.437675332039757,0.6252504743425099,-6.34194444444444,-78.6052777777778,2620.0,31.761645394683399,0.193132022910809,78.712226,44.38836,0.4452923055521492,0.1518446761932828,55.42330681054825
060403,CAJAMARCA,CHOTA,CHADIN,SIERRA,3669.0,724.0,2945.0,0.437675332039757,0.62525047434251,-6.47138888888889,-78.4194444444445,2429.0,69.0816173154968,0.260290293008414,66.695063,27.05153,0.4452923055521492,0.2956740908866271,107.9210431736189
060404,CAJAMARCA,CHOTA,CHIGUIRIP,SIERRA,3704.0,313.0,3391.0,0.437675332039757,0.62525047434251,-6.42833333333333,-78.7213888888889,2652.0,91.232503888024894,0.210555556833342,69.123626,52.04752,0.4452923055521492,0.1233459686379453,45.02127855285005
060405,CAJAMARCA,CHOTA,CHIMBAN,SIERRA,2274.0,536.0,1738.0,0.437675332039757,0.6252504743425101,-6.25166666666667,-78.4788888888889,1668.0,14.5082667470727,0.2589946186041199,57.313483,48.65219,0.4452923055521492,0.2043891682484364,74.6020464106793
060406,CAJAMARCA,CHOTA,CHOROPAMPA,SIERRA,2377.0,311.0,2066.0,0.437675332039757,0.62525047434251,-6.37111111111111,-78.4119444444445,2215.0,18.788973716417001,0.2753109216938339,57.256073,60.99729,0.4452923055521492,0.1197836301935281,43.72102502063777
060407,CAJAMARCA,CHOTA,COCHABAMBA,SIERRA,5899.0,1431.0,4468.0,0.437675332039757,0.62525047434251,-6.47388888888889,-78.8858333333333,1688.0,49.434658872394401,0.3011301347839699,64.00383,47.60839,0.4452923055521492,0.5846687971899719,213.40411097433972
060408,CAJAMARCA,CHOTA,CONCHAN,SIERRA,5986.0,503.0,5483.0,0.437675332039757,0.62525047434251,-6.44472222222222,-78.6558333333333,2321.0,35.554569161626802,0.231963532277391,70.238875,35.13582,0.4452923055521492,0.2061703374706451,75.25217317678546
060409,CAJAMARCA,CHOTA,HUAMBOS,SIERRA,8660.0,1448.0,7212.0,0.437675332039757,0.62525047434251,-6.45277777777778,-78.9611111111111,2292.0,38.509471585244299,0.2654992518529379,69.520731,32.80781,0.4452923055521492,0.593574643301015,216.6547448048705
060410,CAJAMARCA,CHOTA,LAJAS,SIERRA,11681.0,2102.0,9579.0,0.437675332039757,0.62525047434251,-6.56055555555555,-78.7347222222222,2151.0,122.08233247742901,0.33057999407609,71.060172,28.85769,0.4452923055521492,0.8638670727711695,315.31148156147685
060411,CAJAMARCA,CHOTA,LLAMA,SIERRA,7444.0,3051.0,4393.0,0.437675332039757,0.62525047434251,-6.51444444444444,-79.1202777777778,2112.0,12.973289691679801,0.419870526450055,46.883478,32.25202,0.4452923055521492,1.274426578490251,465.1657011489417
060412,CAJAMARCA,CHOTA,MIRACOSTA,SIERRA,3333.0,198.0,3135.0,0.437675332039757,0.6252504743425099,-6.40444444444445,-79.2836111111111,2983.0,9.8727417065601806,0.2146302290203709,73.618957,69.67486,0.4452923055521492,0.0801526149993868,29.25570447477621
060413,CAJAMARCA,CHOTA,PACCHA,SIERRA,4666.0,1183.0,3483.0,0.437675332039757,0.6252504743425099,-6.4975,-78.4236111111111,2130.0,60.114930296903303,0.296654836749948,56.236061,41.69113,0.4452923055521492,0.4862591976629469,177.4846071469756
060414,CAJAMARCA,CHOTA,PION,SIERRA,1248.0,615.0,633.0,0.437675332039757,0.6252504743425101,-6.17777777777778,-78.4825,1834.0,11.6483516483516,0.320366435638667,39.457441,40.41676,0.4452923055521492,0.2480278141925471,90.53015218027969
060415,CAJAMARCA,CHOTA,QUEROCOTO,SIERRA,8863.0,1440.0,7423.0,0.39,0.5571428571428572,-6.35972222222222,-79.0344444444444,2445.0,30.438104095393101,0.376093830975545,55.079391,19.78146,0.4452923055521492,0.5984728586620885,218.44259341166236
060416,CAJAMARCA,CHOTA,SAN JUAN DE LICUPIS,SIERRA,988.0,170.0,818.0,0.437675332039757,0.6252504743425099,-6.42416666666667,-79.2422222222222,3031.0,6.04360762889615,0.297781563959302,64.294574,51.49271,0.4452923055521492,0.0694655996661352,25.354943878139377
060417,CAJAMARCA,CHOTA,TACABAMBA,SIERRA,16850.0,3001.0,13849.0,0.437675332039757,0.6252504743425101,-6.39277777777778,-78.6113888888889,2077.0,90.797452229299395,0.275743478430081,61.694068,34.81333,0.51,1.40097,511.35405
060418,CAJAMARCA,CHOTA,TOCMOCHE,COSTA,890.0,211.0,679.0,0.499650387386001,0.7137862676942872,-6.41277777777778,-79.3608333333333,1313.0,5.0139401025272097,0.304735002979167,65.383911,32.18928,0.4881283256607997,0.0951850235038559,34.74253357890742
060419,CAJAMARCA,CHOTA,CHALAMARCA,SIERRA,9744.0,979.0,8765.0,0.437675332039757,0.6252504743425099,-6.50305555555555,-78.4797222222222,2667.0,63.825525759430299,0.277596469773957,59.971932,32.51447,0.39,0.351,128.11499999999998
060501,CAJAMARCA,CONTUMAZA,CONTUMAZA,SIERRA,8111.0,3353.0,4758.0,0.46,0.6571428571428573,-7.36666666666667,-78.8052777777778,2695.0,22.432175951769601,0.3525993018381439,48.92452,31.29377,0.4,1.276,465.74
060502,CAJAMARCA,CONTUMAZA,CHILETE,SIERRA,2783.0,2109.0,674.0,0.41,0.5857142857142857,-7.22138888888889,-78.8397222222222,883.0,23.391070628639699,0.5294503947944679,26.729719,17.37027,0.42,0.8395799999999999,306.4467
060503,CAJAMARCA,CONTUMAZA,CUPISNIQUE,SIERRA,1415.0,191.0,1224.0,0.437675332039757,0.6252504743425099,-7.34888888888889,-79.0297222222222,1904.0,5.6995003568879401,0.273443900947794,63.711821,47.37156,0.4452923055521492,0.0783714457771782,28.605577708670065
060504,CAJAMARCA,CONTUMAZA,GUZMANGO,SIERRA,2854.0,252.0,2602.0,0.437675332039757,0.6252504743425099,-7.38388888888889,-78.8961111111111,2568.0,59.643143544506799,0.257316792253276,67.344987,41.92041,0.4452923055521492,0.1064248610269636,38.845074274841735
060505,CAJAMARCA,CONTUMAZA,SAN BENITO,SIERRA,3605.0,533.0,3072.0,0.437675332039757,0.62525047434251,-7.425,-78.9275,1386.0,6.8769910595005701,0.382390266313539,53.088797,18.73191,0.4452923055521492,0.2279896604427004,83.21622606158564
060506,CAJAMARCA,CONTUMAZA,SANTA CRUZ DE TOLED,SIERRA,1054.0,156.0,898.0,0.437675332039757,0.6252504743425099,-7.34444444444444,-78.8366666666667,2426.0,19.851231985123199,0.24045905927351,68.006417,54.41644,0.35,0.0510999999999999,18.6515
060507,CAJAMARCA,CONTUMAZA,TANTARICA,SIERRA,2643.0,1673.0,970.0,0.437675332039757,0.6252504743425099,-7.30055555555555,-78.9330555555556,2780.0,17.488309953239799,0.4095613714220309,51.352498,35.36024,0.4452923055521492,0.734287011855494,268.0147593272553
060508,CAJAMARCA,CONTUMAZA,YONAN,COSTA,7051.0,4542.0,2509.0,0.36,0.5142857142857143,-7.25305555555555,-79.1311111111111,453.0,12.1589767016903,0.5563774842369659,26.361603,7.24426,0.51,2.21136,807.1464
060601,CAJAMARCA,CUTERVO,CUTERVO,SIERRA,51440.0,20574.0,30866.0,0.53,0.7571428571428571,-6.37722222222222,-78.8180555555555,2665.0,133.60409216851801,0.39888119354965,46.552723,23.26975,0.48,9.501119999999998,3467.9087999999992
060602,CAJAMARCA,CUTERVO,CALLAYUC,SIERRA,9694.0,580.0,9114.0,0.4203505822563048,0.6005008317947212,-6.18111111111111,-78.9105555555556,1558.0,32.121499762695798,0.3376083017713409,75.643123,35.61353,0.48,0.2592,94.608
060603,CAJAMARCA,CUTERVO,CHOROS,SIERRA,3308.0,354.0,2954.0,0.437675332039757,0.62525047434251,-5.9,-78.6938888888889,474.0,13.3268341998845,0.393494281322402,59.848048,45.66194,0.4452923055521492,0.1473917531377613,53.7979898952829
060604,CAJAMARCA,CUTERVO,CUJILLO,SIERRA,2595.0,374.0,2221.0,0.437675332039757,0.62525047434251,-6.10694444444444,-78.5738888888889,1598.0,26.760304782888099,0.311970210839353,76.62892,47.40616,0.4452923055521492,0.1545164300265957,56.39849695970745
060605,CAJAMARCA,CUTERVO,LA RAMADA,SIERRA,4032.0,595.0,3437.0,0.437675332039757,0.6252504743425101,-6.25333333333333,-78.5755555555555,2131.0,148.13346547737001,0.2740881011497859,73.322219,59.52782,0.4452923055521492,0.2435748911370256,88.90483526501436
060606,CAJAMARCA,CUTERVO,PIMPINGOS,SIERRA,5202.0,572.0,4630.0,0.437675332039757,0.6252504743425101,-6.06194444444444,-78.7586111111111,1757.0,33.503547624166799,0.276385531903431,60.36662,41.71957,0.4452923055521492,0.2319972911926697,84.67901128532445
060607,CAJAMARCA,CUTERVO,QUEROCOTILLO,SIERRA,13646.0,1548.0,12098.0,0.437675332039757,0.62525047434251,-6.27361111111111,-79.0377777777778,2003.0,21.8175297661742,0.274225313514711,69.150117,56.38014,0.77,1.0818500000000002,394.8752500000001
060608,CAJAMARCA,CUTERVO,SAN ANDRES DE CUTERVO,SIERRA,4353.0,1090.0,3263.0,0.437675332039757,0.62525047434251,-6.23888888888889,-78.7127777777778,2090.0,38.725637181409297,0.34536181517959,56.361401,36.64004,0.4452923055521492,0.4430658440243885,161.7190330689018
060609,CAJAMARCA,CUTERVO,SAN JUAN DE CUTERVO,SIERRA,1878.0,486.0,1392.0,0.437675332039757,0.6252504743425099,-6.16305555555555,-78.5980555555555,1645.0,41.876129456218202,0.3765506993360699,64.692878,34.69833,0.4452923055521492,0.2008268298040193,73.30179287846704
060610,CAJAMARCA,CUTERVO,SAN LUIS DE LUCMA,SIERRA,3067.0,462.0,2605.0,0.437675332039757,0.62525047434251,-6.29388888888889,-78.6036111111111,1916.0,31.939128850009102,0.291987208869314,55.112222,46.35741,0.4452923055521492,0.1843510144985897,67.28812029198527
060611,CAJAMARCA,CUTERVO,SANTA CRUZ,SIERRA,2713.0,360.0,2353.0,0.437675332039757,0.6252504743425101,-6.095,-78.8527777777777,1708.0,26.375,0.319556903325725,68.561045,49.80612,0.4452923055521492,0.1465011685266571,53.47292651222984
060612,CAJAMARCA,CUTERVO,SANTO DOMINGO DE LA CAPILLA,SIERRA,5052.0,814.0,4238.0,0.437675332039757,0.62525047434251,-6.24472222222222,-78.8552777777778,1761.0,58.5887796414112,0.27098286260304,66.84112,47.63655,0.4452923055521492,0.3397580291362898,124.0116806347458
060613,CAJAMARCA,CUTERVO,SANTO TOMAS,SIERRA,7660.0,1790.0,5870.0,0.437675332039757,0.62525047434251,-6.15138888888889,-78.6819444444445,2167.0,29.0654840670935,0.356592195034307,70.070425,57.28386,0.27,0.45495,166.05675
060614,CAJAMARCA,CUTERVO,SOCOTA,SIERRA,9279.0,2682.0,6597.0,0.437675332039757,0.6252504743425099,-6.31527777777778,-78.6994444444445,1847.0,77.697841726618705,0.334464667320305,54.88722,38.73522,0.4452923055521492,1.1078872562137472,404.3788485180177
060615,CAJAMARCA,CUTERVO,TORIBIO CASANOVA,SIERRA,1129.0,342.0,787.0,0.437675332039757,0.6252504743425101,-6.00416666666667,-78.6983333333333,1464.0,34.440344403444001,0.3064819755892079,38.007366,37.59187,0.4452923055521492,0.1371500301100619,50.059760990172606
060701,CAJAMARCA,HUALGAYOC,BAMBAMARCA,SIERRA,65077.0,17979.0,47098.0,0.31,0.4428571428571428,-6.67972222222222,-78.5188888888889,2556.0,175.26917453143699,0.348487155802294,51.920921,24.52376,0.64,10.90496,3980.3104
060702,CAJAMARCA,HUALGAYOC,CHUGUR,SIERRA,3003.0,322.0,2681.0,0.437675332039757,0.62525047434251,-6.67083333333333,-78.7383333333333,2765.0,39.367469879518097,0.3762084913439129,60.037625,24.37871,0.59,0.1734599999999999,63.31289999999999
060703,CAJAMARCA,HUALGAYOC,HUALGAYOC,SIERRA,16298.0,3155.0,13143.0,0.437675332039757,0.62525047434251,-6.76472222222222,-78.6080555555555,3530.0,75.098377326789603,0.45264911176588,50.226876,29.59355,0.4452923055521492,1.3381033781842084,488.4077330372361
060801,CAJAMARCA,JAEN,JAEN,SIERRA,104361.0,88814.0,15547.0,0.53,0.7571428571428572,-5.70888888888889,-78.8091666666667,728.0,217.65844578873899,0.580323994682938,21.682199,4.367402,0.57,51.40088999999999,18761.32485
060802,CAJAMARCA,JAEN,BELLAVISTA,SIERRA,16313.0,7698.0,8615.0,0.52,0.7428571428571429,-5.66777777777778,-78.6772222222222,438.0,20.097639423353101,0.482352510115578,53.206402,13.52848,0.25,1.823,665.395
060803,CAJAMARCA,JAEN,CHONTALI,SELVA,10374.0,1782.0,8592.0,0.5413538747534213,0.7733626782191735,-5.64611111111111,-79.0883333333333,1636.0,27.499708318749299,0.329492632296973,60.476934,13.9597,0.58,0.9454,345.071
060804,CAJAMARCA,JAEN,COLASAY,SELVA,10639.0,1903.0,8736.0,0.5413538747534213,0.7733626782191734,-5.97861111111111,-79.0686111111111,1800.0,17.842143177524399,0.318668137159173,54.653779,38.12902,0.5188473382439173,0.8768520016322202,320.0509805957604
060805,CAJAMARCA,JAEN,HUABAL,SELVA,8887.0,1029.0,7858.0,0.5413538747534213,0.7733626782191735,-5.6125,-78.8997222222222,1380.0,129.23534514809799,0.369278464282696,68.72443,37.12538,0.5188473382439173,0.489273039964014,178.58465958686511
060806,CAJAMARCA,JAEN,LAS PIRIAS,SIERRA,4621.0,794.0,3827.0,0.437675332039757,0.62525047434251,-5.62722222222222,-78.8527777777777,1620.0,107.51531203443101,0.322475110702148,42.393313,44.26865,0.4452923055521492,0.3241727984419646,118.32307143131708
060807,CAJAMARCA,JAEN,POMAHUACA,SIERRA,9211.0,1771.0,7440.0,0.36,0.5142857142857142,-5.93138888888889,-79.2294444444444,1097.0,14.4718886462882,0.3266895658234559,54.820963,46.62722,0.31,0.50344,183.7556
060808,CAJAMARCA,JAEN,PUCARA,SIERRA,6873.0,4174.0,2699.0,0.57,0.8142857142857142,-6.04138888888889,-79.1283333333333,909.0,37.819392426134002,0.50890642606929,43.505236,12.58534,0.57,2.27316,829.7034
060809,CAJAMARCA,JAEN,SALLIQUE,SIERRA,7536.0,919.0,6617.0,0.504,0.7200000000000001,-5.65805555555555,-79.3152777777778,1701.0,22.586857097007101,0.2192904464146359,76.842495,42.37612,0.56,0.4620000000000001,168.63000000000002
060810,CAJAMARCA,JAEN,SAN FELIPE,SIERRA,4809.0,492.0,4317.0,0.437675332039757,0.62525047434251,-5.77027777777778,-79.3138888888889,1861.0,22.004775137970199,0.2977865336126829,67.282958,52.30151,0.4452923055521492,0.1879133529430069,68.58837382419755
060811,CAJAMARCA,JAEN,SAN JOSE DEL ALTO,SELVA,7959.0,582.0,7377.0,0.5413538747534213,0.7733626782191734,-5.465,-79.0177777777778,1399.0,13.943952941918599,0.322602343342685,48.61103,15.41932,0.55,0.2937,107.20050000000002
060812,CAJAMARCA,JAEN,SANTA ROSA,SIERRA,10498.0,2704.0,7794.0,0.437675332039757,0.62525047434251,-5.43416666666667,-78.5666666666667,1238.0,43.376944837340901,0.389750233348217,57.406823,18.33372,0.4452923055521492,1.0553427641585935,385.2001089178866
060901,CAJAMARCA,SAN IGNACIO,SAN IGNACIO,SIERRA,39506.0,13917.0,25589.0,0.51,0.7285714285714286,-5.14611111111111,-79.0047222222222,1295.0,106.756049020635,0.4391812721167059,42.295658,24.15745,0.51,7.13949,2605.91385
060902,CAJAMARCA,SAN IGNACIO,CHIRINOS,SIERRA,15773.0,2814.0,12959.0,0.64,0.9142857142857144,-5.30583333333333,-78.8983333333333,1850.0,48.086158392770898,0.38929409054572,37.292403,30.91077,0.64,1.7721600000000002,646.8384000000001
060903,CAJAMARCA,SAN IGNACIO,HUARANGO,SELVA,18766.0,4616.0,14150.0,0.56,0.8000000000000002,-5.27222222222222,-78.7758333333333,776.0,25.0230389765273,0.3305425214530349,57.175184,24.86532,0.56,2.39456,874.0144000000001
060904,CAJAMARCA,SAN IGNACIO,LA COIPA,SELVA,21032.0,2365.0,18667.0,0.5413538747534213,0.7733626782191737,-5.39277777777778,-78.9063888888889,1507.0,62.378685952830402,0.31642065760109,57.233712,23.76278,0.5188473382439173,1.1907546412697902,434.6254440634734
060905,CAJAMARCA,SAN IGNACIO,NAMBALLE,SELVA,9970.0,1212.0,8758.0,0.5413538747534213,0.7733626782191735,-5.00416666666667,-79.0872222222222,713.0,16.6719416436828,0.3151477911505989,68.827543,48.04354,0.56,0.6361600000000001,232.1984
060906,CAJAMARCA,SAN IGNACIO,SAN JOSE DE LOURDES,SELVA,19757.0,2904.0,16853.0,0.54,0.7714285714285716,-5.10305555555555,-78.9141666666667,1134.0,13.9443601416287,0.3230196073497659,48.337739,23.06691,0.54,1.5130800000000002,552.2742000000001
060907,CAJAMARCA,SAN IGNACIO,TABACONAS,SELVA,19776.0,633.0,19143.0,0.5413538747534213,0.7733626782191735,-5.31611111111111,-79.2833333333333,1897.0,27.077724489412599,0.2961204715105619,66.409842,53.10703,0.74,0.45288,165.3012
061001,CAJAMARCA,SAN MARCOS,PEDRO GALVEZ,SIERRA,21494.0,10104.0,11390.0,0.55,0.785714285714286,-7.33583333333333,-78.17,2280.0,87.098936081092404,0.4160404978708169,42.119928,16.80338,0.51,5.08011,1854.24015
061002,CAJAMARCA,SAN MARCOS,CHANCAY,SIERRA,3088.0,544.0,2544.0,0.25,0.3571428571428571,-7.38805555555555,-78.1233333333333,2699.0,59.789644012944997,0.208427235281547,64.269365,38.97913,0.3,0.15,54.75
061003,CAJAMARCA,SAN MARCOS,EDUARDO VILLANUEVA,SIERRA,2975.0,1759.0,1216.0,0.437675332039757,0.6252504743425099,-7.46444444444444,-78.13,2026.0,47.647711072390301,0.3318764044436889,52.284391,18.8855,0.4452923055521492,0.8099867037993594,295.6451468867662
061004,CAJAMARCA,SAN MARCOS,GREGORIO PITA,SIERRA,5284.0,545.0,4739.0,0.437675332039757,0.62525047434251,-7.27361111111111,-78.16,2722.0,31.084065598421098,0.224821766293327,60.854865,35.89377,0.4452923055521492,0.2092873836095101,76.3898950174712
061005,CAJAMARCA,SAN MARCOS,ICHOCAN,SIERRA,1987.0,598.0,1389.0,0.437675332039757,0.6252504743425099,-7.36888888888889,-78.1297222222222,2616.0,30.232558139534898,0.341790486101192,49.22889,26.4474,0.4452923055521492,0.2466919372758906,90.0425571057001
061006,CAJAMARCA,SAN MARCOS,JOSE MANUEL QUIROZ,SIERRA,3670.0,486.0,3184.0,0.437675332039757,0.6252504743425099,-7.34944444444444,-78.0477777777778,2781.0,37.549818055796202,0.225231067979831,68.553706,59.94817,0.4452923055521492,0.1950380298318413,71.1888808886221
061007,CAJAMARCA,SAN MARCOS,JOSE SABOGAL,SIERRA,13135.0,1195.0,11940.0,0.437675332039757,0.62525047434251,-7.25111111111111,-78.0366666666667,3331.0,28.904107284077298,0.244698723932696,77.012854,72.33602,0.48,0.53376,194.8224
061101,CAJAMARCA,SAN MIGUEL,SAN MIGUEL,SIERRA,14167.0,4368.0,9799.0,0.47,0.6714285714285715,-7.0,-78.85,2612.0,35.933851083473598,0.39796515127567,44.088526,25.95262,0.42,1.72536,629.7564
061102,CAJAMARCA,SAN MIGUEL,BOLIVAR,SIERRA,1336.0,559.0,777.0,0.437675332039757,0.62525047434251,-6.97694444444445,-79.1780555555555,940.0,17.867544637203999,0.405919059583635,39.510324,32.86779,0.4452923055521492,0.2270990758315961,82.89116267853258
061103,CAJAMARCA,SAN MIGUEL,CALQUIS,SIERRA,4295.0,102.0,4193.0,0.437675332039757,0.62525047434251,-6.98027777777778,-78.85,2877.0,14.283185840708001,0.327142204489962,66.217462,37.62207,0.4452923055521492,0.0431933536385584,15.765574078073843
061104,CAJAMARCA,SAN MIGUEL,CATILLUC,SIERRA,2855.0,448.0,2407.0,0.437675332039757,0.6252504743425099,-6.80166666666667,-78.7791666666667,2870.0,18.007196796918599,0.232916389572601,60.111856,56.70992,0.2,0.0824,30.076
061105,CAJAMARCA,SAN MIGUEL,EL PRADO,SIERRA,1680.0,270.0,1410.0,0.437675332039757,0.62525047434251,-7.03361111111111,-79.0108333333333,2857.0,46.136618141097401,0.3186034858525079,65.660317,35.50896,0.4452923055521492,0.1108777840824851,40.47039119010708
061106,CAJAMARCA,SAN MIGUEL,LA FLORIDA,SIERRA,2193.0,589.0,1604.0,0.437675332039757,0.6252504743425101,-6.86861111111111,-79.1258333333333,993.0,48.2471873471384,0.440699917441751,47.899904,45.22272,0.4452923055521492,0.2431295988314734,88.7423035734878
061107,CAJAMARCA,SAN MIGUEL,LLAPA,SIERRA,4633.0,785.0,3848.0,0.437675332039757,0.62525047434251,-6.98083333333333,-78.8075,2952.0,39.056376243593597,0.3630943182971669,45.02843,26.53024,0.4452923055521492,0.3201651676919952,116.86028620757828
061108,CAJAMARCA,SAN MIGUEL,NANCHOC,COSTA,1373.0,328.0,1045.0,0.499650387386001,0.7137862676942873,-6.95944444444445,-79.2425,402.0,3.7861481027469801,0.466463628499575,44.737705,25.69312,0.4881283256607997,0.1537604225831519,56.122554242850455
061109,CAJAMARCA,SAN MIGUEL,NIEPOS,SIERRA,3359.0,818.0,2541.0,0.437675332039757,0.6252504743425101,-6.92666666666667,-79.13,2457.0,23.464249748237702,0.329735817966925,55.93133,37.14543,0.36,0.26136,95.3964
061110,CAJAMARCA,SAN MIGUEL,SAN GREGORIO,COSTA,2293.0,385.0,1908.0,0.499650387386001,0.7137862676942873,-7.05694444444445,-79.0952777777778,1857.0,7.8136666125629004,0.435679211139962,59.474771,21.34045,0.4881283256607997,0.1762143255635486,64.31822883069528
061111,CAJAMARCA,SAN MIGUEL,SAN SILVESTRE DE COCHAN,SIERRA,3781.0,209.0,3572.0,0.437675332039757,0.6252504743425099,-6.9775,-78.7738888888889,2940.0,34.348883148457702,0.3002862681098639,70.109398,22.66437,0.4452923055521492,0.083714953443804,30.55595800698848
061112,CAJAMARCA,SAN MIGUEL,TONGOD,SIERRA,2644.0,647.0,1997.0,0.437675332039757,0.6252504743425101,-6.7575,-78.825,2628.0,19.5985111965343,0.345877906551809,52.260988,60.62688,0.4452923055521492,0.2391219680815041,87.27951834974901
061113,CAJAMARCA,SAN MIGUEL,UNION AGUA BLANCA,SIERRA,3173.0,985.0,2188.0,0.437675332039757,0.6252504743425101,-7.04666666666667,-79.0605555555556,2918.0,19.835769611554401,0.3727239092994569,59.348225,46.53727,0.4452923055521492,0.4056612903580079,148.0663709806729
061201,CAJAMARCA,SAN PABLO,SAN PABLO,SIERRA,13457.0,3502.0,9955.0,0.49,0.7,-7.11861111111111,-78.8233333333333,2391.0,76.086297493936996,0.3334181514351879,65.448793,41.5227,0.49,1.62974,594.8551
061202,CAJAMARCA,SAN PABLO,SAN BERNARDINO,SIERRA,4590.0,207.0,4383.0,0.437675332039757,0.6252504743425099,-7.16805555555555,-78.8291666666667,1375.0,29.912637625658199,0.273718730285198,72.013642,23.79395,0.48,0.09264,33.8136
061203,CAJAMARCA,SAN PABLO,SAN LUIS,SIERRA,953.0,200.0,753.0,0.437675332039757,0.62525047434251,-7.15694444444444,-78.8680555555555,1394.0,36.823694029850699,0.307104814358861,64.587335,20.3312,0.4452923055521492,0.0761449842494175,27.792919251037397
061204,CAJAMARCA,SAN PABLO,TUMBADEN,SIERRA,3677.0,187.0,3490.0,0.437675332039757,0.62525047434251,-7.02527777777778,-78.7397222222222,3041.0,17.256118319022601,0.2741996735144119,68.919693,36.64162,0.4452923055521492,0.0783714457771782,28.605577708670065
061301,CAJAMARCA,SANTA CRUZ,SANTA CRUZ,SIERRA,9799.0,5299.0,4500.0,0.56,0.8000000000000002,-6.62583333333333,-78.9441666666667,2036.0,92.664130328748399,0.4697910459427849,35.080272,20.2298,0.55,2.7786000000000004,1014.1890000000002
061302,CAJAMARCA,SANTA CRUZ,ANDABAMBA,SIERRA,1343.0,243.0,1100.0,0.437675332039757,0.6252504743425099,-6.66277777777778,-78.8169444444444,2550.0,240.34165571616299,0.329023509521557,61.171385,49.73394,0.4452923055521492,0.0952925533881599,34.781781986678375
061303,CAJAMARCA,SANTA CRUZ,CATACHE,SIERRA,9852.0,1555.0,8297.0,0.437675332039757,0.6252504743425101,-6.67361111111111,-79.0327777777778,1363.0,15.746273557029401,0.4107408298364629,59.404102,31.56273,0.4452923055521492,0.6554702737727637,239.24664992705877
061304,CAJAMARCA,SANTA CRUZ,CHANCAYBAÑOS,SIERRA,3505.0,354.0,3151.0,0.437675332039757,0.62525047434251,-6.57611111111111,-78.8675,1641.0,36.4711762745751,0.29764063751537,64.317897,35.58273,0.4452923055521492,0.1438294146933442,52.49773636307064
061305,CAJAMARCA,SANTA CRUZ,LA ESPERANZA,SIERRA,2391.0,208.0,2183.0,0.437675332039757,0.6252504743425099,-6.5925,-78.8958333333333,1727.0,47.554438860971501,0.264096695997779,54.658908,26.9136,0.4452923055521492,0.0823790765271476,30.068362932408878
061306,CAJAMARCA,SANTA CRUZ,NINABAMBA,SIERRA,2067.0,273.0,1794.0,0.437675332039757,0.62525047434251,-6.64972222222222,-78.7875,2196.0,48.617588274483701,0.340735192623844,56.222331,41.52763,0.4452923055521492,0.1033078148880986,37.70735243415599
061307,CAJAMARCA,SANTA CRUZ,PULAN,SIERRA,3962.0,486.0,3476.0,0.437675332039757,0.6252504743425099,-6.73888888888889,-78.9202777777778,2084.0,30.3655167983555,0.329126200360638,57.064055,45.53993,0.4452923055521492,0.1923662759985284,70.21369073946289
061308,CAJAMARCA,SANTA CRUZ,SAUCEPAMPA,SIERRA,1442.0,175.0,1267.0,0.437675332039757,0.6252504743425101,-6.69138888888889,-78.9161111111111,1931.0,69.727675744141905,0.2520922951813849,54.713495,46.60231,0.4452923055521492,0.0667938458328223,24.37975372898017
061309,CAJAMARCA,SANTA CRUZ,SEXI,SIERRA,443.0,220.0,223.0,0.437675332039757,0.62525047434251,-6.56416666666667,-79.0513888888889,2478.0,2.6494529994296698,0.525202598783361,48.725971,22.82859,0.4452923055521492,0.0912849226381905,33.31899676293956
061310,CAJAMARCA,SANTA CRUZ,UTICYACU,SIERRA,1284.0,143.0,1141.0,0.437675332039757,0.6252504743425101,-6.60666666666667,-78.7938888888889,2346.0,34.854771784232298,0.2536389127171829,70.027283,47.59391,0.4452923055521492,0.0556615381940186,20.31646144081681
061311,CAJAMARCA,SANTA CRUZ,YAUYUCAN,SIERRA,2911.0,805.0,2106.0,0.437675332039757,0.6252504743425099,-6.67722222222222,-78.8186111111111,2502.0,98.049194232400396,0.351856318996009,62.478178,28.84455,0.4452923055521492,0.3255086753586211,118.8106665058967
070101,CALLAO,CALLAO,CALLAO,COSTA,503234.0,503234.0,0.0,0.53,0.7571428571428571,-12.0630555555556,-77.1469444444445,27.0,11572.289156626501,0.6762005080600119,14.174308,0.783336,0.64,338.17920000000004,123435.408
070102,CALLAO,CALLAO,BELLAVISTA,COSTA,80139.0,80139.0,0.0,0.62,0.8857142857142857,-12.0625,-77.1291666666666,13.0,20216.885964912301,0.728519895274477,4.514266,0.05399,0.57,46.41396,16941.0954
070103,CALLAO,CALLAO,CARMEN DE LA LEGUA REYNOSO,COSTA,45963.0,45963.0,0.0,0.67,0.9571428571428574,-12.0394444444444,-77.0902777777778,82.0,27323.584905660398,0.67640650914095,11.838163,0.329016,0.8,37.6568,13744.732000000002
070104,CALLAO,CALLAO,LA PERLA,COSTA,64142.0,64142.0,0.0,0.6,0.8571428571428572,-12.0658333333333,-77.1080555555555,37.0,26569.4545454545,0.739658089783038,3.118283,0.046436,0.8,51.689600000000006,18866.704
070105,CALLAO,CALLAO,LA PUNTA,COSTA,3963.0,3963.0,0.0,0.66,0.942857142857143,-12.0727777777778,-77.1633333333333,29.0,420.83786724700798,0.752697140908791,1.942411,0.0,0.59,2.27858,831.6817
070106,CALLAO,CALLAO,VENTANILLA,COSTA,357035.0,357035.0,0.0,0.55,0.785714285714286,-11.8772222222222,-77.1277777777777,43.0,4981.9819819819804,0.6003157057624199,26.066656,2.013668,0.54,211.44456,77177.26440000001
070107,CALLAO,CALLAO,MI PERU,COSTA,51036.0,51036.0,0.0,0.46,0.6571428571428571,-11.855,-77.125,118.0,16019.841269841299,0.643710033361639,23.941494,1.231299,0.46,25.16476,9185.1374
080101,CUSCO,CUSCO,CUSCO,SIERRA,117821.0,115567.0,2254.0,0.45,0.6428571428571429,-13.5191666666667,-71.9766666666667,3439.0,1176.2003097573599,0.6590839276578129,8.214426,0.190626,0.46,53.09366000000001,19379.185900000004
080102,CUSCO,CUSCO,CCORCA,SIERRA,2408.0,754.0,1654.0,0.437675332039757,0.62525047434251,-13.5847222222222,-72.0591666666667,3675.0,16.588884174798501,0.2349175362492149,39.390077,17.36021,0.4452923055521492,0.2596054141369029,94.75597615996958
080103,CUSCO,CUSCO,POROY,SIERRA,11418.0,7224.0,4194.0,0.47,0.6714285714285713,-13.4944444444444,-72.0447222222222,3508.0,519.78609625668503,0.527441230440149,21.672473,2.457601,0.47,5.568089999999999,2032.3528499999995
080104,CUSCO,CUSCO,SAN JERONIMO,SIERRA,66405.0,64801.0,1604.0,0.48,0.6857142857142857,-13.5444444444444,-71.8836111111111,3289.0,498.79040061931499,0.6549025615332809,11.983353,0.443086,0.5,36.5385,13336.5525
080105,CUSCO,CUSCO,SAN SEBASTIAN,SIERRA,128607.0,127043.0,1564.0,0.57,0.8142857142857143,-13.5302777777778,-71.9369444444445,3301.0,1116.7151162790699,0.680629279615715,7.710494,0.322568,0.57,79.29668999999998,28943.291849999998
080106,CUSCO,CUSCO,SANTIAGO,SIERRA,102400.0,100659.0,1741.0,0.54,0.7714285714285714,-13.5258333333333,-71.9830555555556,3464.0,1618.53126792886,0.634895493929792,8.301604,0.261993,0.54,55.81764,20373.4386
080107,CUSCO,CUSCO,SAYLLA,SIERRA,7702.0,5126.0,2576.0,0.4,0.5714285714285716,-13.57,-71.8277777777778,3179.0,210.00704721635,0.519684873829918,25.397937,0.862284,0.49,2.83465,1034.64725
080108,CUSCO,CUSCO,WANCHAQ,SIERRA,61408.0,61408.0,0.0,0.39,0.5571428571428573,-13.5213888888889,-71.9666666666667,3424.0,13399.5297805643,0.7389014524656409,1.376287,0.005545,0.4,24.5896,8975.204
080201,CUSCO,ACOMAYO,ACOMAYO,SIERRA,4678.0,2897.0,1781.0,0.39,0.5571428571428572,-13.9194444444444,-71.6836111111111,3235.0,38.323777164295301,0.348008687080651,42.064069,14.09353,0.39,1.06275,387.90375
080202,CUSCO,ACOMAYO,ACOPIA,SIERRA,3010.0,2019.0,991.0,0.437675332039757,0.62525047434251,-14.0575,-71.4933333333333,3724.0,29.917139119058,0.286884869396871,35.42542,11.85935,0.4452923055521492,0.9003810418264457,328.6390802666527
080203,CUSCO,ACOMAYO,ACOS,SIERRA,2367.0,1399.0,968.0,0.37,0.5285714285714286,-13.9511111111111,-71.7380555555555,3106.0,18.509632860777899,0.285454377650509,36.10735,22.5743,0.3,0.399,145.63500000000002
080204,CUSCO,ACOMAYO,MOSOC LLACTA,SIERRA,1118.0,619.0,499.0,0.437675332039757,0.62525047434251,-14.1202777777778,-71.4730555555555,3820.0,27.356110983719301,0.236249984936573,35.42542,6.205207,0.4452923055521492,0.238676675775952,87.11698665822249
080205,CUSCO,ACOMAYO,POMACANCHI,SIERRA,7661.0,5056.0,2605.0,0.437675332039757,0.6252504743425101,-14.0336111111111,-71.5741666666667,3709.0,31.514007838583201,0.2943299404713369,45.198174,12.2387,0.45,2.1735,793.3275000000001
080206,CUSCO,ACOMAYO,RONDOCAN,SIERRA,1982.0,1223.0,759.0,0.437675332039757,0.62525047434251,-13.7794444444444,-71.7819444444445,3394.0,15.941626900455001,0.2348160541689799,27.856699,18.94164,0.4452923055521492,0.4871497822740512,177.8096705300287
080207,CUSCO,ACOMAYO,SANGARARA,SIERRA,3435.0,2632.0,803.0,0.437675332039757,0.6252504743425101,-13.9472222222222,-71.6033333333333,3788.0,48.154298122365603,0.2839733004600619,40.846186,15.77689,0.23,0.58236,212.5614
080301,CUSCO,ANTA,ANTA,SIERRA,24667.0,12215.0,12452.0,0.6,0.8571428571428572,-13.4577777777778,-72.1475,3363.0,111.04748741237999,0.446163000396248,25.636171,5.157056,0.62,7.74938,2828.5237
080302,CUSCO,ANTA,ANCAHUASI,SIERRA,7711.0,3471.0,4240.0,0.437675332039757,0.62525047434251,-13.4572222222222,-72.3008333333333,3479.0,66.167664670658695,0.281117396089188,36.079741,5.933564,0.4452923055521492,1.4961821466552214,546.1064835291559
080303,CUSCO,ANTA,CACHIMAYO,SIERRA,2681.0,1829.0,852.0,0.437675332039757,0.6252504743425101,-13.4777777777778,-72.0688888888889,3454.0,63.632162661737503,0.550183952624744,10.934872,4.963776,0.26,0.48542,177.1783
080304,CUSCO,ANTA,CHINCHAYPUJIO,SIERRA,4370.0,1074.0,3296.0,0.437675332039757,0.6252504743425101,-13.6297222222222,-72.2330555555556,3106.0,15.0468533975114,0.221263491726049,47.088974,9.188263,0.4452923055521492,0.4372770440522106,159.60612107905686
080305,CUSCO,ANTA,HUAROCONDO,SIERRA,4722.0,2340.0,2382.0,0.437675332039757,0.6252504743425099,-13.4158333333333,-72.2075,3353.0,28.1865103665471,0.334837165852164,29.627914,7.127308,0.4452923055521492,0.9515896569649428,347.3302247922041
080306,CUSCO,ANTA,LIMATAMBO,SIERRA,7868.0,1892.0,5976.0,0.437675332039757,0.6252504743425101,-13.4797222222222,-72.4427777777778,2633.0,17.4939561725025,0.340181661797722,36.174095,6.902243,0.8,1.3624,497.276
080307,CUSCO,ANTA,MOLLEPATA,SIERRA,3450.0,1704.0,1746.0,0.437675332039757,0.62525047434251,-13.5091666666667,-72.5277777777778,2864.0,12.3910292463442,0.4039638292503099,28.091778,5.469984,0.4452923055521492,0.7449740271887456,271.91551992389213
080308,CUSCO,ANTA,PUCYURA,SIERRA,3199.0,1912.0,1287.0,0.437675332039757,0.62525047434251,-13.4788888888889,-72.1111111111111,3384.0,110.99337748344399,0.428173280241723,24.26189,3.722998,0.56,1.00632,367.3068
080309,CUSCO,ANTA,ZURITE,SIERRA,3760.0,2096.0,1664.0,0.4203505822563048,0.600500831794721,-13.4558333333333,-72.2558333333333,3424.0,80.852283584941702,0.429914756045985,24.26189,3.51418,0.4452923055521492,0.8941469495487157,326.3636365852812
080401,CUSCO,CALCA,CALCA,SIERRA,23082.0,14530.0,8552.0,0.61,0.8714285714285712,-13.3211111111111,-71.9555555555555,2955.0,80.553679945982495,0.456295889463394,24.15572,4.044552,0.67,9.68552,3535.2148
080402,CUSCO,CALCA,COYA,SIERRA,3652.0,2993.0,659.0,0.51,0.7285714285714284,-13.3863888888889,-71.8983333333333,2970.0,55.648887022259501,0.3605938794641179,29.860187,10.70333,0.51,1.48971,543.74415
080403,CUSCO,CALCA,LAMAY,SIERRA,5920.0,3059.0,2861.0,0.36,0.5142857142857143,-13.3644444444444,-71.9208333333333,2960.0,70.9297389089365,0.337324387110544,39.946301,8.132252,0.36,1.06668,389.3382
080404,CUSCO,CALCA,LARES,SIERRA,6472.0,2391.0,4081.0,0.62,0.8857142857142857,-13.1041666666667,-72.0447222222222,3193.0,15.280886090353899,0.23101383291668,50.998653,15.02481,0.62,1.3609,496.7285
080405,CUSCO,CALCA,PISAC,SIERRA,11425.0,5018.0,6407.0,0.48,0.6857142857142857,-13.4205555555556,-71.8505555555555,2986.0,77.322091062394605,0.4168644219609219,36.319639,8.313149,0.48,2.35632,860.0568
080406,CUSCO,CALCA,SAN SALVADOR,SIERRA,6097.0,1499.0,4598.0,0.437675332039757,0.62525047434251,-13.4919444444444,-71.7786111111111,3012.0,49.176231748262701,0.302625954487348,39.915003,17.26712,0.29,0.4141199999999999,151.15379999999996
080407,CUSCO,CALCA,TARAY,SIERRA,4832.0,2165.0,2667.0,0.437675332039757,0.6252504743425101,-13.4277777777778,-71.8669444444444,2991.0,90.405355150613602,0.3854606520670679,41.532127,4.574834,0.4452923055521492,0.9315515032150962,340.0162986735101
080408,CUSCO,CALCA,YANATILE,SELVA,9591.0,2544.0,7047.0,0.59,0.842857142857143,-12.6816666666667,-72.2772222222222,1148.0,3.3241680652627701,0.345828595162539,34.576892,3.746622,0.59,1.3546399999999998,494.4436
080501,CUSCO,CANAS,YANAOCA,SIERRA,9302.0,3965.0,5337.0,0.46,0.6571428571428574,-14.2166666666667,-71.4322222222222,3925.0,35.321022630303403,0.288275099370678,50.118466,13.61752,0.2,0.7442000000000001,271.63300000000004
080502,CUSCO,CANAS,CHECCA,SIERRA,5523.0,445.0,5078.0,0.4203505822563048,0.6005008317947211,-14.4733333333333,-71.3947222222222,3834.0,13.2841035413689,0.154886738650299,55.855767,10.38128,0.24,0.0962399999999999,35.127599999999994
080503,CUSCO,CANAS,KUNTURKANKI,SIERRA,5204.0,1555.0,3649.0,0.437675332039757,0.6252504743425101,-14.5347222222222,-71.3069444444444,3961.0,16.090273531991802,0.2860092739262279,45.783716,10.64164,0.25,0.3595,131.2175
080504,CUSCO,CANAS,LANGUI,SIERRA,2142.0,347.0,1795.0,0.437675332039757,0.62525047434251,-14.4322222222222,-71.2727777777777,3967.0,16.205237840726902,0.3335583800255639,40.854791,4.849003,0.4452923055521492,0.1367047378045098,49.89722929864608
080505,CUSCO,CANAS,LAYO,SIERRA,5600.0,692.0,4908.0,0.52,0.7428571428571431,-14.4941666666667,-71.1555555555555,3997.0,14.444493547816901,0.220350612586471,53.118603,7.736331,0.4452923055521492,0.277417106358989,101.25724382103098
080506,CUSCO,CANAS,PAMPAMARCA,SIERRA,1903.0,1219.0,684.0,0.437675332039757,0.62525047434251,-14.1475,-71.4602777777778,3820.0,65.195586760280804,0.2991005536829929,36.375307,7.958089,0.27,0.3132,114.318
080507,CUSCO,CANAS,QUEHUE,SIERRA,2704.0,352.0,2352.0,0.437675332039757,0.6252504743425101,-14.3802777777778,-71.4555555555555,3794.0,24.125191691063701,0.2118988310969459,55.119197,18.51735,0.4452923055521492,0.1389311993322705,50.709887756278754
080508,CUSCO,CANAS,TUPAC AMARU,SIERRA,2646.0,453.0,2193.0,0.437675332039757,0.6252504743425099,-14.1638888888889,-71.4761111111111,3809.0,28.045157456922201,0.2514154750223249,45.967309,17.75831,0.4452923055521492,0.182124552970829,66.4754618343526
080601,CUSCO,CANCHIS,SICUANI,SIERRA,63931.0,51537.0,12394.0,0.48,0.6857142857142857,-14.2380555555556,-71.2308333333333,3593.0,102.721867839227,0.526564382492377,23.505524,2.965697,0.47,24.31075,8873.42375
080602,CUSCO,CANCHIS,CHECACUPE,SIERRA,5191.0,2413.0,2778.0,0.318,0.4542857142857143,-14.0252777777778,-71.4538888888889,3459.0,5.6840617661117703,0.340910756484197,40.281875,4.618709,0.2,0.4594,167.681
080603,CUSCO,CANCHIS,COMBAPATA,SIERRA,5038.0,2183.0,2855.0,1.48,2.1142857142857148,-14.1019444444444,-71.43,3500.0,30.323287671232901,0.371723952884626,33.396703,8.040551,0.4452923055521492,0.907060426409728,331.0770556395507
080604,CUSCO,CANCHIS,MARANGANI,SIERRA,10453.0,3311.0,7142.0,0.36,0.5142857142857143,-14.3566666666667,-71.1686111111111,3720.0,27.137408991101399,0.3688068892893829,39.282183,4.132623,0.37,1.12147,409.33655
080605,CUSCO,CANCHIS,PITUMARCA,SIERRA,8257.0,4484.0,3773.0,0.71,1.0142857142857145,-13.9802777777778,-71.4175,3587.0,7.6829464717146596,0.327982833132942,45.515751,15.55128,0.41,1.79785,656.21525
080606,CUSCO,CANCHIS,SAN PABLO,SIERRA,4515.0,1752.0,2763.0,0.26,0.3714285714285714,-14.2022222222222,-71.315,3501.0,10.577033164141501,0.342999095503702,34.451396,7.865291,0.5,0.801,292.365
080607,CUSCO,CANCHIS,SAN PEDRO,SIERRA,2821.0,1610.0,1211.0,0.6,0.8571428571428571,-14.1861111111111,-71.3430555555556,3515.0,60.662902932070701,0.4107458749971459,17.962187,1.519319,0.65,0.98605,359.90825
080608,CUSCO,CANCHIS,TINTA,SIERRA,5479.0,2827.0,2652.0,0.38,0.5428571428571428,-14.1452777777778,-71.4072222222222,3496.0,76.520972414661799,0.4337173562104639,31.785968,3.413745,0.45,1.2015,438.5475
080701,CUSCO,CHUMBIVILCAS,SANTO TOMAS,SIERRA,22958.0,12020.0,10938.0,0.93,1.328571428571429,-14.4533333333333,-72.0822222222222,3676.0,12.4365930730531,0.3393237449409189,44.452513,7.952641,0.32,3.6352,1326.8480000000002
080702,CUSCO,CHUMBIVILCAS,CAPACMARCA,SIERRA,4158.0,778.0,3380.0,0.437675332039757,0.62525047434251,-14.0072222222222,-72.0025,3563.0,18.921305323571602,0.2529718795051619,45.157507,30.04057,0.4452923055521492,0.3157122446364738,115.23496929231294
080703,CUSCO,CHUMBIVILCAS,CHAMACA,SIERRA,6596.0,1604.0,4992.0,0.578,0.8257142857142856,-14.3025,-71.8522222222222,3779.0,11.716281760334599,0.2889521169082139,48.960748,16.936,0.4452923055521492,0.6465644276617206,235.996016096528
080704,CUSCO,CHUMBIVILCAS,COLQUEMARCA,SIERRA,7228.0,1414.0,5814.0,0.437675332039757,0.6252504743425101,-14.2852777777778,-72.04,3606.0,22.839217780150801,0.358206323946813,49.167442,10.36562,0.4452923055521492,0.5646306434401253,206.09018485564573
080705,CUSCO,CHUMBIVILCAS,LIVITACA,SIERRA,12704.0,2727.0,9977.0,0.437675332039757,0.6252504743425101,-14.3127777777778,-71.6897222222222,3774.0,17.5666051173833,0.3019380525213359,57.047768,15.52351,0.4,1.0352,377.84800000000007
080706,CUSCO,CHUMBIVILCAS,LLUSCO,SIERRA,4462.0,904.0,3558.0,0.437675332039757,0.62525047434251,-14.3375,-72.1136111111111,3522.0,22.0911800139497,0.258470755755902,50.032727,22.58383,0.4452923055521492,0.3482185829417807,127.09978277374996
080707,CUSCO,CHUMBIVILCAS,QUIÑOTA,SIERRA,4036.0,890.0,3146.0,0.437675332039757,0.62525047434251,-14.3111111111111,-72.1386111111111,3607.0,22.2845510065596,0.241153624867591,54.520153,22.68296,0.39,0.31941,116.58465
080708,CUSCO,CHUMBIVILCAS,VELILLE,SIERRA,8423.0,2988.0,5435.0,0.447,0.6385714285714287,-14.5086111111111,-71.8811111111111,3766.0,12.0434966439406,0.4670263153502929,38.744463,8.131877,0.41,1.17301,428.14865
080801,CUSCO,ESPINAR,ESPINAR,SIERRA,38252.0,32882.0,5370.0,0.49,0.6999999999999998,-14.7930555555556,-71.4133333333333,3976.0,43.986199149482502,0.5530526554563339,25.869896,2.524913,0.53,17.432760000000002,6362.9574
080802,CUSCO,ESPINAR,CONDOROMA,SIERRA,896.0,472.0,424.0,0.437675332039757,0.6252504743425099,-15.3005555555556,-71.1383333333333,4679.0,2.0882032102228498,0.422208108999989,23.973386,12.37577,0.4452923055521492,0.1683204914987124,61.43697939703004
080803,CUSCO,ESPINAR,COPORAQUE,SIERRA,10236.0,945.0,9291.0,0.32,0.4571428571428572,-14.8002777777778,-71.5316666666667,3970.0,9.5694360993569703,0.289549900338187,41.621305,4.349066,0.68,0.42976,156.8624
080804,CUSCO,ESPINAR,OCORURO,SIERRA,1035.0,145.0,890.0,0.437675332039757,0.62525047434251,-15.0519444444444,-71.1291666666666,4104.0,4.3041200622964704,0.3491291336434079,34.29943,10.00098,0.8,0.08,29.2
080805,CUSCO,ESPINAR,PALLPATA,SIERRA,5130.0,2430.0,2700.0,0.38,0.5428571428571428,-14.8902777777778,-71.21,4027.0,8.1146696748246594,0.394735729882275,29.903014,13.02901,0.27,0.54675,199.56375
080806,CUSCO,ESPINAR,PICHIGUA,SIERRA,2896.0,468.0,2428.0,0.4203505822563048,0.6005008317947211,-14.6780555555556,-71.4063888888889,3902.0,16.473888350187,0.3581804768350789,44.958713,13.37816,0.4452923055521492,0.1505087992766264,54.93571173596865
080807,CUSCO,ESPINAR,SUYCKUTAMBO,SIERRA,1640.0,336.0,1304.0,0.437675332039757,0.62525047434251,-15.0086111111111,-71.6433333333333,4124.0,4.61257724686795,0.3196132767331579,42.367723,9.653538,0.36,0.08244,30.0906
080808,CUSCO,ESPINAR,ALTO PICHIGUA,SIERRA,2023.0,330.0,1693.0,0.437675332039757,0.6252504743425099,-14.7769444444444,-71.2508333333333,3999.0,8.0156428742451293,0.336571339035106,34.29943,5.861529,0.5,0.121,44.165
080901,CUSCO,LA CONVENCION,SANTA ANA,SELVA,30330.0,25585.0,4745.0,0.57,0.8142857142857143,-12.8627777777778,-72.6933333333333,1086.0,115.673344462994,0.5803892132127199,8.292162,0.419487,0.62,15.05174,5493.8851
080902,CUSCO,LA CONVENCION,ECHARATE,SELVA,26006.0,3927.0,22079.0,0.71,1.0142857142857142,-12.7680555555556,-72.5761111111111,1059.0,2.4000940660029801,0.4297325556987849,23.265437,3.74786,0.71,2.25141,821.76465
080903,CUSCO,LA CONVENCION,HUAYOPATA,SELVA,5525.0,2778.0,2747.0,0.5413538747534213,0.7733626782191734,-13.0047222222222,-72.5544444444444,1597.0,11.205679172550701,0.470694494329956,23.866263,4.820166,0.42,1.04748,382.3302
080904,CUSCO,LA CONVENCION,MARANURA,SELVA,5336.0,1581.0,3755.0,0.5413538747534213,0.7733626782191735,-12.9627777777778,-72.6647222222222,1141.0,49.128409846972701,0.418354241197786,14.833678,1.379606,0.5188473382439173,0.6781334710847999,247.518716945952
080905,CUSCO,LA CONVENCION,OCOBAMBA,SELVA,6025.0,317.0,5708.0,0.5413538747534213,0.7733626782191734,-12.8716666666667,-72.4472222222222,1479.0,7.1694433543814604,0.307545483128695,36.066762,2.64532,0.5188473382439173,0.1364568499581502,49.80675023472483
080906,CUSCO,LA CONVENCION,QUELLOUNO,SELVA,15187.0,2286.0,12901.0,0.65,0.9285714285714288,-12.6366666666667,-72.5572222222222,784.0,17.889655862344899,0.3224274496902619,21.80408,2.440907,0.5188473382439173,1.0138276989286144,370.04711010894425
080907,CUSCO,LA CONVENCION,KIMBIRI,SELVA,18702.0,11312.0,7390.0,0.51,0.7285714285714286,-12.62,-73.7891666666667,590.0,22.152171272731302,0.400052442503672,25.02031,5.469489,0.58,4.824439999999999,1760.9205999999997
080908,CUSCO,LA CONVENCION,SANTA TERESA,SELVA,6969.0,1881.0,5088.0,0.22,0.3142857142857143,-13.1305555555556,-72.5938888888889,1572.0,6.1885435473522401,0.4183383728297809,21.80408,1.554868,0.39,0.63843,233.02695000000003
080909,CUSCO,LA CONVENCION,VILCABAMBA,SELVA,10359.0,416.0,9943.0,0.26,0.3714285714285714,-13.0630555555556,-72.9344444444445,2656.0,3.9579855733595299,0.3248653336818009,38.185101,4.126162,0.38,0.1291999999999999,47.158
080910,CUSCO,LA CONVENCION,PICHARI,SELVA,26160.0,18864.0,7296.0,0.66,0.942857142857143,-12.5194444444444,-73.8291666666667,596.0,40.2765418577589,0.477638533690023,30.628854,6.229603,0.65,11.4621,4183.6665
080911,CUSCO,LA CONVENCION,INKAWASI,SELVA,4979.0,781.0,4198.0,0.549,0.7842857142857145,-13.29,-73.2655555555556,1771.0,4.4306267870920903,0.3023505203472789,45.476716,2.429842,0.5188473382439173,0.3580046633883029,130.67170213673054
080912,CUSCO,LA CONVENCION,VILLA VIRGEN,SELVA,2365.0,1343.0,1022.0,0.5413538747534213,0.7733626782191735,-13.0027777777778,-73.5127777777778,742.0,3.3021279314972198,0.421802166059903,42.797205,5.046737,0.5188473382439173,0.6625680509374823,241.83733859218103
080913,CUSCO,LA CONVENCION,VILLA KINTIARINA,SELVA,2350.0,622.0,1728.0,0.41,0.5857142857142857,-12.9188888888889,-73.5283333333333,704.0,12.689956331877699,0.319906625124869,41.338265,5.469489,0.38,0.21166,77.2559
080914,CUSCO,LA CONVENCION,MEGANTONI,SELVA,7553.0,490.0,7063.0,0.4,0.5714285714285715,-11.7202777777778,-72.9463888888889,355.0,S.I.,0.5822178086421739,33.569166,5.469489,0.54,0.22032,80.41680000000001
081001,CUSCO,PARURO,PARURO,SIERRA,3479.0,1903.0,1576.0,0.61,0.8714285714285716,-13.7616666666667,-71.8477777777778,3086.0,23.784382740190299,0.378819140391896,30.3188,16.47831,0.21,0.3830399999999999,139.8096
081002,CUSCO,PARURO,ACCHA,SIERRA,3179.0,1498.0,1681.0,0.437675332039757,0.6252504743425101,-13.9711111111111,-71.8313888888889,3601.0,15.7548518896833,0.3006261173720279,45.511449,12.24604,0.4452923055521492,0.6122769201342052,223.4810758489849
081003,CUSCO,PARURO,CCAPI,SIERRA,3175.0,798.0,2377.0,0.928,1.3257142857142858,-13.8530555555556,-72.0825,3227.0,12.5727937882634,0.224419009133423,39.17017,11.04797,0.4452923055521492,0.3197198753864431,116.69775451605176
081004,CUSCO,PARURO,COLCHA,SIERRA,974.0,941.0,33.0,0.437675332039757,0.6252504743425099,-13.8519444444444,-71.8033333333333,2827.0,9.0941563080440098,0.2301788730858599,30.3188,5.871896,0.4452923055521492,0.3927478134969956,143.3529519264034
081005,CUSCO,PARURO,HUANOQUITE,SIERRA,5116.0,1912.0,3204.0,0.437675332039757,0.62525047434251,-13.6819444444444,-72.0180555555555,3391.0,17.572448782639899,0.1493166157235739,40.246822,20.68873,0.4452923055521492,0.7926203038828257,289.30641091723135
081006,CUSCO,PARURO,OMACHA,SIERRA,5891.0,1965.0,3926.0,0.57,0.8142857142857143,-14.0694444444444,-71.7380555555555,3887.0,16.067948923683598,0.1821965950680649,61.454993,12.21507,0.4452923055521492,0.8095414114938072,295.48261519523965
081007,CUSCO,PARURO,PACCARITAMBO,SIERRA,2118.0,776.0,1342.0,0.437675332039757,0.6252504743425099,-13.7563888888889,-71.9566666666667,3602.0,17.894958277820599,0.2980836729142479,39.17017,16.11926,0.4452923055521492,0.3174934138586824,115.88509605841908
081008,CUSCO,PARURO,PILLPINTO,SIERRA,1054.0,983.0,71.0,0.35,0.4999999999999999,-13.9536111111111,-71.7605555555556,2869.0,15.7967900922533,0.2846760996175319,21.347982,4.231704,0.6,0.5604,204.546
081009,CUSCO,PARURO,YAURISQUE,SIERRA,1978.0,534.0,1444.0,0.437675332039757,0.62525047434251,-13.6652777777778,-71.9205555555556,3324.0,35.825991189427299,0.266863712711282,30.3188,9.547196,0.4452923055521492,0.2110685528317187,77.04002178357734
081101,CUSCO,PAUCARTAMBO,PAUCARTAMBO,SIERRA,13323.0,4262.0,9061.0,0.68,0.9714285714285716,-13.3177777777778,-71.5966666666667,2917.0,14.0841155268108,0.246622692793857,46.231595,25.13837,0.48,1.96848,718.4952
081102,CUSCO,PAUCARTAMBO,CAICAY,SIERRA,3005.0,639.0,2366.0,0.437675332039757,0.6252504743425099,-13.5972222222222,-71.6966666666667,3128.0,32.008670520231199,0.2453332454181,49.619293,18.00847,0.4452923055521492,0.2756359371367803,100.60711705492484
081103,CUSCO,PAUCARTAMBO,CHALLABAMBA,SIERRA,9468.0,1286.0,8182.0,0.437675332039757,0.6252504743425099,-13.215,-71.6486111111111,2845.0,14.7329082726104,0.1907527082763199,51.647583,25.45424,0.44,0.5192,189.508
081104,CUSCO,PAUCARTAMBO,COLQUEPATA,SIERRA,8973.0,1660.0,7313.0,0.437675332039757,0.6252504743425099,-13.3602777777778,-71.6736111111111,3690.0,22.329370509750301,0.174744979145562,51.250954,21.12023,0.33,0.50292,183.5658
081105,CUSCO,PAUCARTAMBO,HUANCARANI,SIERRA,7788.0,2005.0,5783.0,0.396,0.5657142857142858,-13.5033333333333,-71.6544444444445,3871.0,54.319966928482799,0.254172276705633,45.705457,17.77802,0.41,0.7871999999999999,287.328
081106,CUSCO,PAUCARTAMBO,KOSÑIPATA,SELVA,4885.0,2014.0,2871.0,0.5413538747534213,0.7733626782191734,-12.9094444444444,-71.4033333333333,544.0,1.5062685547083601,0.36121215661506,30.984116,5.537683,0.5188473382439173,0.997224584104809,363.98697319825527
081201,CUSCO,QUISPICANCHI,URCOS,SIERRA,11984.0,7582.0,4402.0,0.53,0.7571428571428572,-13.6877777777778,-71.6252777777778,3179.0,106.676568882287,0.462918474068167,27.845377,4.234782,0.52,3.86932,1412.3018
081202,CUSCO,QUISPICANCHI,ANDAHUAYLILLAS,SIERRA,6760.0,4779.0,1981.0,0.26,0.3714285714285714,-13.6733333333333,-71.6777777777777,3139.0,79.633569739952705,0.447967623605044,29.921494,4.866667,0.2,0.9808,357.992
081203,CUSCO,QUISPICANCHI,CAMANTI,SELVA,2556.0,1979.0,577.0,0.42,0.6,-13.2313888888889,-70.7544444444444,647.0,0.89230313739200595,0.456269323491559,15.06989,3.166111,0.42,0.83874,306.1401
081204,CUSCO,QUISPICANCHI,CCARHUAYO,SIERRA,3136.0,826.0,2310.0,0.38,0.5428571428571428,-13.5952777777778,-71.3997222222222,3481.0,12.2303991844277,0.176846283470696,51.690891,21.49133,0.38,0.2869,104.7185
081205,CUSCO,QUISPICANCHI,CCATCA,SIERRA,15039.0,3841.0,11198.0,0.27,0.3857142857142858,-13.6052777777778,-71.5636111111111,3714.0,49.151826335629799,0.2069338210823639,61.35074,24.14072,0.3,1.0437,380.9505
081206,CUSCO,QUISPICANCHI,CUSIPATA,SIERRA,4673.0,1374.0,3299.0,0.437675332039757,0.6252504743425099,-13.9069444444444,-71.5025,3332.0,21.392573479014601,0.281799646675757,38.297788,12.39266,0.38,0.46968,171.4332
081207,CUSCO,QUISPICANCHI,HUARO,SIERRA,4919.0,3231.0,1688.0,0.38,0.5428571428571428,-13.6902777777778,-71.6402777777778,3168.0,44.589762890477999,0.4283714433870919,33.176199,12.82278,0.5,1.571,573.415
081208,CUSCO,QUISPICANCHI,LUCRE,SIERRA,5103.0,4371.0,732.0,0.35,0.5,-13.6338888888889,-71.7366666666667,3117.0,41.4379525172588,0.447547225637269,19.07511,5.135687,0.35,1.5911,580.7515
081209,CUSCO,QUISPICANCHI,MARCAPATA,SIERRA,4917.0,722.0,4195.0,0.4203505822563048,0.6005008317947211,-13.5916666666667,-70.975,3111.0,3.2886824534483501,0.204970605254953,57.584146,30.91814,0.43,0.2795,102.0175
081210,CUSCO,QUISPICANCHI,OCONGATE,SIERRA,18147.0,4657.0,13490.0,0.39,0.5571428571428572,-13.6266666666667,-71.3883333333333,3549.0,20.124703461885701,0.270143346092238,53.548677,12.306,0.56,2.4556000000000004,896.2940000000002
081211,CUSCO,QUISPICANCHI,OROPESA,SIERRA,11054.0,9866.0,1188.0,0.38,0.5428571428571428,-13.5944444444444,-71.7630555555556,3139.0,127.404621171413,0.5065580412535499,19.07511,1.973179,0.46,4.97812,1817.0138
081212,CUSCO,QUISPICANCHI,QUIQUIJANA,SIERRA,11739.0,3737.0,8002.0,0.46,0.6571428571428573,-13.8225,-71.5425,3211.0,34.2089221390967,0.2662629803896219,47.828509,23.45794,0.46,1.5962,582.613
081301,CUSCO,URUBAMBA,URUBAMBA,SIERRA,23222.0,15744.0,7478.0,0.52,0.7428571428571429,-13.3055555555556,-72.1161111111111,2885.0,200.576863111943,0.596122551108486,21.066471,1.855886,0.7,11.27,4113.55
081302,CUSCO,URUBAMBA,CHINCHERO,SIERRA,12043.0,4501.0,7542.0,0.2,0.2857142857142857,-13.3919444444444,-72.0488888888889,3759.0,136.089669028233,0.393922275634064,24.33862,2.704216,0.27,1.20015,438.05475
081303,CUSCO,URUBAMBA,HUAYLLABAMBA,SIERRA,6192.0,2174.0,4018.0,0.437675332039757,0.6252504743425101,-13.3380555555556,-72.065,2890.0,56.894700888064797,0.47468396282801,24.33862,1.891217,0.57,1.21125,442.10625
081304,CUSCO,URUBAMBA,MACHUPICCHU,SIERRA,5671.0,4707.0,964.0,0.6,0.8571428571428571,-13.1541666666667,-72.5255555555555,2092.0,33.119658119658098,0.729356965896056,23.51616,1.591013,0.59,2.76474,1009.1301
081305,CUSCO,URUBAMBA,MARAS,SIERRA,6729.0,1704.0,5025.0,0.37,0.5285714285714286,-13.3325,-72.1563888888889,3381.0,58.255593477436499,0.3091216969737359,33.774139,3.512809,0.37,0.59274,216.35010000000003
081306,CUSCO,URUBAMBA,OLLANTAYTAMBO,SIERRA,11642.0,3796.0,7846.0,0.59,0.842857142857143,-13.2588888888889,-72.2633333333333,2871.0,18.656774697383799,0.443691026581424,30.320912,5.285777,0.59,2.15527,786.67355
081307,CUSCO,URUBAMBA,YUCAY,SIERRA,3378.0,3299.0,79.0,0.41,0.5857142857142857,-13.3216666666667,-72.0838888888889,2878.0,46.889613150063802,0.6467436323237579,14.017021,1.375342,0.39,1.30494,476.3031
090101,HUANCAVELICA,HUANCAVELICA,HUANCAVELICA,SIERRA,42674.0,38252.0,4422.0,0.338269999501632,0.4832428564309029,-12.7869444444444,-74.9713888888889,3746.0,85.537833106399503,0.611557767984601,17.073401,1.447841,0.63,23.60232,8614.8468
090102,HUANCAVELICA,HUANCAVELICA,ACOBAMBILLA,SIERRA,2027.0,362.0,1665.0,0.437675332039757,0.62525047434251,-12.6644444444444,-75.3241666666667,3839.0,3.4655554383373799,0.29867897964522,38.095811,9.190457,0.46,0.1127,41.1355
090103,HUANCAVELICA,HUANCAVELICA,ACORIA,SIERRA,18013.0,4419.0,13594.0,0.35,0.5,-12.6425,-74.8616666666667,3207.0,46.034386096056799,0.2663454843382839,48.284489,19.19904,0.35,1.08605,396.40825
090104,HUANCAVELICA,HUANCAVELICA,CONAYCA,SIERRA,879.0,652.0,227.0,0.584017589590353,0.834310842271933,-12.52,-75.0066666666667,3709.0,26.144482667372301,0.3002034941078969,35.232549,10.34598,0.42,0.2326799999999999,84.92819999999999
090105,HUANCAVELICA,HUANCAVELICA,CUENCA,SIERRA,1130.0,289.0,841.0,0.437675332039757,0.6252504743425099,-12.4330555555556,-75.0388888888889,3186.0,41.452736318408,0.180869092868488,51.273128,29.49189,0.4452923055521492,0.0908396303326384,33.15646507141303
090106,HUANCAVELICA,HUANCAVELICA,HUACHOCOLPA,SIERRA,1893.0,1165.0,728.0,0.2,0.2857142857142857,-13.0319444444444,-74.9469444444445,4020.0,7.6959676460092803,0.488230635263319,40.05058,16.43007,0.4452923055521492,0.4114500903301859,150.17928297051787
090107,HUANCAVELICA,HUANCAVELICA,HUAYLLAHUARA,SIERRA,681.0,467.0,214.0,0.437675332039757,0.6252504743425099,-12.4091666666667,-75.1783333333333,3901.0,19.432989690721602,0.26131512206932,25.765432,5.148121,0.43,0.17157,62.62305
090108,HUANCAVELICA,HUANCAVELICA,IZCUCHACA,SIERRA,916.0,566.0,350.0,0.437675332039757,0.62525047434251,-12.5,-74.9977777777778,2930.0,100.820344544709,0.438209933592246,20.41227,3.252902,0.4452923055521492,0.2235367373871789,81.5909091463203
090109,HUANCAVELICA,HUANCAVELICA,LARIA,SIERRA,747.0,350.0,397.0,0.437675332039757,0.6252504743425101,-12.5611111111111,-75.0369444444444,3893.0,12.7469725940089,0.232527813165602,35.103963,15.39702,0.4452923055521492,0.1202289224990802,43.8835567121643
090110,HUANCAVELICA,HUANCAVELICA,MANTA,SIERRA,962.0,220.0,742.0,0.437675332039757,0.62525047434251,-12.6205555555556,-75.2111111111111,3735.0,6.96120410016868,0.3217395555973239,55.702492,15.0177,0.4452923055521492,0.0699108919716874,25.517475569665905
090111,HUANCAVELICA,HUANCAVELICA,MARISCAL CACERES,SIERRA,514.0,443.0,71.0,0.4203505822563048,0.6005008317947211,-12.5344444444444,-74.9325,2852.0,188.63232682060399,0.4078532663928899,20.41227,5.04286,0.4452923055521492,0.173218706859786,63.22482800382191
090112,HUANCAVELICA,HUANCAVELICA,MOYA,SIERRA,966.0,333.0,633.0,0.4203505822563048,0.600500831794721,-12.4233333333333,-75.1538888888889,3148.0,13.7436224489796,0.3497186404341299,37.983127,23.03054,0.4452923055521492,0.104643691804755,38.1949475087356
090113,HUANCAVELICA,HUANCAVELICA,NUEVO OCCORO,SIERRA,1769.0,476.0,1293.0,0.437675332039757,0.62525047434251,-12.595,-75.0197222222222,3939.0,10.3847608243524,0.2615487865245699,40.05058,12.87862,0.37,0.13246,48.3479
090114,HUANCAVELICA,HUANCAVELICA,PALCA,SIERRA,2005.0,582.0,1423.0,0.437675332039757,0.6252504743425101,-12.6569444444444,-74.9802777777778,3714.0,36.903021442495103,0.2860203009712389,46.056613,13.8448,0.29,0.1212199999999999,44.24529999999999
090115,HUANCAVELICA,HUANCAVELICA,PILCHACA,SIERRA,528.0,344.0,184.0,0.4203505822563048,0.600500831794721,-12.4013888888889,-75.0838888888889,3604.0,15.9413544333256,0.2971614362637879,52.020667,17.85055,0.4452923055521492,0.1335876916656447,48.75950745796034
090116,HUANCAVELICA,HUANCAVELICA,VILCA,SIERRA,1922.0,155.0,1767.0,0.437675332039757,0.6252504743425099,-12.4772222222222,-75.1833333333333,3280.0,7.5780463242698897,0.2262367303746669,53.814208,10.23085,0.4452923055521492,0.0480915689996321,17.553422684865723
090117,HUANCAVELICA,HUANCAVELICA,YAULI,SIERRA,20557.0,5332.0,15225.0,0.47,0.6714285714285715,-12.7691666666667,-74.8508333333333,3424.0,85.543260815203794,0.190910504180335,58.776266,11.07295,0.55,2.18515,797.5797500000001
090118,HUANCAVELICA,HUANCAVELICA,ASCENSION,SIERRA,17963.0,17071.0,892.0,0.47,0.6714285714285715,-12.7852777777778,-74.9769444444444,3711.0,30.494632611512099,0.5870282334318049,16.825292,2.341115,0.47,8.8172,3218.278
090119,HUANCAVELICA,HUANCAVELICA,HUANDO,SIERRA,6619.0,1940.0,4679.0,0.48,0.6857142857142857,-12.5641666666667,-74.9477777777778,3610.0,39.860752965446103,0.2801642166208029,33.074807,15.25643,0.52,0.7852,286.598
090201,HUANCAVELICA,ACOBAMBA,ACOBAMBA,SIERRA,9652.0,6016.0,3636.0,0.3949071439069455,0.564153062724208,-12.8430555555556,-74.5691666666667,3449.0,85.677125670622701,0.4494097725993659,23.839498,9.221211,0.47,2.66349,972.17385
090202,HUANCAVELICA,ACOBAMBA,ANDABAMBA,SIERRA,3287.0,931.0,2356.0,0.412,0.5885714285714285,-12.6936111111111,-74.6233333333333,3499.0,50.665852168601099,0.1970301566868999,49.432298,22.15389,0.4452923055521492,0.3517809213861979,128.40003630596223
090203,HUANCAVELICA,ACOBAMBA,ANTA,SIERRA,4718.0,1614.0,3104.0,0.437675332039757,0.62525047434251,-12.8122222222222,-74.6383333333333,3618.0,75.021891418563897,0.1393873091163629,52.585169,23.71978,0.23,0.30199,110.22635
090204,HUANCAVELICA,ACOBAMBA,CAJA,SIERRA,1887.0,806.0,1081.0,0.437675332039757,0.6252504743425101,-12.9172222222222,-74.4658333333333,3383.0,29.809442893555001,0.3213532949281909,27.95382,5.286211,0.4452923055521492,0.301462890858805,110.03395516346384
090205,HUANCAVELICA,ACOBAMBA,MARCAS,SIERRA,1577.0,654.0,923.0,0.4203505822563048,0.6005008317947211,-12.8902777777778,-74.3980555555556,3411.0,13.382947327901499,0.306712778522506,27.95382,16.77196,0.4452923055521492,0.2475825218869949,90.36762048875316
090206,HUANCAVELICA,ACOBAMBA,PAUCARA,SIERRA,9911.0,3903.0,6008.0,0.405,0.5785714285714287,-12.7297222222222,-74.6663888888889,3833.0,58.373226950354599,0.3070951461196619,51.426005,15.88138,0.4452923055521492,1.2851135938235028,469.0664617455785
090207,HUANCAVELICA,ACOBAMBA,POMACOCHA,SIERRA,2973.0,1227.0,1746.0,0.437675332039757,0.62525047434251,-12.8738888888889,-74.5316666666667,3156.0,62.989191203876302,0.3795117565699699,41.19127,7.761306,0.48,0.5059199999999999,184.6608
090208,HUANCAVELICA,ACOBAMBA,ROSARIO,SIERRA,5103.0,2107.0,2996.0,0.38,0.5428571428571428,-12.7208333333333,-74.5825,3687.0,64.056866179046096,0.221526504690506,44.56379,16.21646,0.38,0.6972999999999999,254.5145
090301,HUANCAVELICA,ANGARAES,LIRCAY,SIERRA,25801.0,12301.0,13500.0,0.48,0.6857142857142857,-12.9827777777778,-74.7183333333333,3345.0,34.763812222167999,0.364877734252783,44.125031,16.76654,0.48,5.68272,2074.1928
090302,HUANCAVELICA,ANGARAES,ANCHONGA,SIERRA,7781.0,1481.0,6300.0,0.5,0.7142857142857143,-12.9130555555556,-74.6913888888889,3310.0,122.07182320442,0.204763246251553,63.810822,20.00826,0.4452923055521492,0.6194015970230395,226.08158291340945
090303,HUANCAVELICA,ANGARAES,CALLANMARCA,SIERRA,634.0,508.0,126.0,0.4203505822563048,0.6005008317947211,-12.8666666666667,-74.6233333333333,3553.0,34.319754035357398,0.289360949932842,48.622902,16.90399,0.4452923055521492,0.1959286144429456,71.51394427167516
090304,HUANCAVELICA,ANGARAES,CCOCHACCASA,SIERRA,3216.0,1235.0,1981.0,0.21,0.2999999999999999,-12.9252777777778,-74.7702777777778,4190.0,35.042881646655196,0.405663382924349,44.441587,4.848343,0.36,0.40824,149.0076
090305,HUANCAVELICA,ANGARAES,CHINCHO,SIERRA,991.0,80.0,911.0,0.437675332039757,0.6252504743425099,-12.9727777777778,-74.3672222222222,3141.0,6.7104542966611902,0.3086502327446499,28.39438,12.34656,0.4452923055521492,0.0307251690830982,11.214686715330878
090306,HUANCAVELICA,ANGARAES,CONGALLA,SIERRA,3831.0,1187.0,2644.0,0.437675332039757,0.6252504743425099,-12.9558333333333,-74.4922222222222,3537.0,20.376553515117799,0.2162286756440089,56.942654,25.51165,0.4452923055521492,0.4777986438574561,174.39650500797148
090307,HUANCAVELICA,ANGARAES,HUANCA-HUANCA,SIERRA,1423.0,966.0,457.0,0.437675332039757,0.62525047434251,-12.9186111111111,-74.61,3590.0,15.432884685340101,0.21626483497918,66.018283,33.25494,0.4452923055521492,0.390966644274787,142.70282516029727
090308,HUANCAVELICA,ANGARAES,HUAYLLAY GRANDE,SIERRA,1103.0,1007.0,96.0,0.437675332039757,0.62525047434251,-12.9427777777778,-74.7016666666667,3622.0,42.487980769230802,0.236424691936899,47.740775,15.34397,0.2,0.1664,60.736
090309,HUANCAVELICA,ANGARAES,JULCAMARCA,SIERRA,1907.0,1189.0,718.0,0.437675332039757,0.6252504743425099,-13.0147222222222,-74.4444444444445,3431.0,25.591442090104898,0.509657386733044,28.39438,8.170749,0.4452923055521492,0.516093782134941,188.37423047925344
090310,HUANCAVELICA,ANGARAES,SAN ANTONIO DE ANTAPARCO,SIERRA,2474.0,396.0,2078.0,0.437675332039757,0.6252504743425099,-13.0761111111111,-74.4116666666667,2767.0,31.3584679832436,0.288567436529704,40.63401,9.176573,0.4452923055521492,0.1545164300265957,56.39849695970745
090311,HUANCAVELICA,ANGARAES,SANTO TOMAS DE PATA,SIERRA,1536.0,452.0,1084.0,0.437675332039757,0.62525047434251,-13.1130555555556,-74.4188888888889,3150.0,10.9605450325672,0.344694881837652,40.63401,20.52465,0.4452923055521492,0.1785622145264118,65.17520830214032
090312,HUANCAVELICA,ANGARAES,SECCLLA,SIERRA,3318.0,591.0,2727.0,0.437675332039757,0.6252504743425101,-13.0511111111111,-74.4836111111111,3363.0,18.757068873147201,0.292264704533409,44.390001,19.79986,0.4452923055521492,0.2422390142203691,88.41724019043475
090401,HUANCAVELICA,CASTROVIRREYNA,CASTROVIRREYNA,SIERRA,3199.0,1819.0,1380.0,0.3907043399638336,0.5581490570911909,-13.2833333333333,-75.3183333333333,3989.0,4.0397040322408699,0.4163957561048339,29.696344,11.96743,0.38,0.64752,236.3448
090402,HUANCAVELICA,CASTROVIRREYNA,ARMA,SIERRA,1008.0,319.0,689.0,0.437675332039757,0.6252504743425099,-13.1263888888889,-75.5419444444445,3361.0,5.2189601443332796,0.3350977923231869,24.38605,14.76352,0.4452923055521492,0.1211195071101845,44.20862009521738
090403,HUANCAVELICA,CASTROVIRREYNA,AURAHUA,SIERRA,1543.0,710.0,833.0,0.437675332039757,0.62525047434251,-13.0347222222222,-75.5702777777778,3483.0,5.9949580297531702,0.262794163222554,37.789974,12.19767,0.4452923055521492,0.2760812294423325,100.76964874645138
090404,HUANCAVELICA,CASTROVIRREYNA,CAPILLAS,SIERRA,948.0,179.0,769.0,0.437675332039757,0.62525047434251,-13.2930555555556,-75.5425,3224.0,3.7492147254680201,0.3411173070313,31.183465,10.66485,0.2,0.0302,11.023
090405,HUANCAVELICA,CASTROVIRREYNA,CHUPAMARCA,SIERRA,950.0,251.0,699.0,0.437675332039757,0.62525047434251,-13.0372222222222,-75.6083333333333,3433.0,3.30140724490342,0.3385128702497869,49.694053,14.5921,0.4452923055521492,0.1001907687492335,36.56963059347025
090406,HUANCAVELICA,CASTROVIRREYNA,COCAS,SIERRA,754.0,151.0,603.0,0.437675332039757,0.62525047434251,-13.2758333333333,-75.3727777777777,3253.0,12.2455940875497,0.263694257954601,35.112554,14.36119,0.35,0.0469,17.118499999999997
090407,HUANCAVELICA,CASTROVIRREYNA,HUACHOS,SIERRA,933.0,220.0,713.0,0.437675332039757,0.62525047434251,-13.2197222222222,-75.5338888888889,2784.0,10.383117260624401,0.3999329121201509,36.023159,23.0262,0.34,0.0595,21.7175
090408,HUANCAVELICA,CASTROVIRREYNA,HUAMATAMBO,SIERRA,422.0,157.0,265.0,0.4203505822563048,0.6005008317947212,-13.0944444444444,-75.6772222222222,3058.0,12.2045790251108,0.3914470712997359,52.404067,10.46146,0.4452923055521492,0.0645673843050616,23.567095271347497
090409,HUANCAVELICA,CASTROVIRREYNA,MOLLEPAMPA,SIERRA,1229.0,147.0,1082.0,0.16,0.2285714285714285,-13.3113888888889,-75.41,2500.0,8.0833081798973705,0.309524177916533,51.221833,19.62235,0.8,0.1024,37.376000000000005
090410,HUANCAVELICA,CASTROVIRREYNA,SAN JUAN,SIERRA,758.0,242.0,516.0,0.437675332039757,0.62525047434251,-13.2038888888889,-75.6344444444445,1936.0,4.1785283474065098,0.374977248146145,24.38605,10.50951,0.4452923055521492,0.1068701533325158,39.007605966368274
090411,HUANCAVELICA,CASTROVIRREYNA,SANTA ANA,SIERRA,886.0,197.0,689.0,0.4203505822563048,0.6005008317947211,-13.0719444444444,-75.1402777777778,4518.0,2.2456196752933599,0.5835100611188319,40.3827,16.5614,0.4452923055521492,0.0694655996661352,25.354943878139377
090412,HUANCAVELICA,CASTROVIRREYNA,TANTARA,SIERRA,699.0,364.0,335.0,0.437675332039757,0.62525047434251,-13.0741666666667,-75.6447222222222,2899.0,8.0612335191576001,0.431948728633663,39.201331,16.7464,0.4452923055521492,0.1505087992766264,54.93571173596865
090413,HUANCAVELICA,CASTROVIRREYNA,TICRAPO,SIERRA,1588.0,992.0,596.0,0.437675332039757,0.6252504743425101,-13.3825,-75.4325,2140.0,9.9893048128342308,0.447935408992405,14.466285,7.140597,0.4452923055521492,0.4110047980246337,150.0167512789913
090501,HUANCAVELICA,CHURCAMPA,CHURCAMPA,SIERRA,5534.0,3462.0,2072.0,0.5630463351293629,0.8043519073276614,-12.7391666666667,-74.3872222222222,3295.0,44.980808975494497,0.425865571017818,38.171632,13.90469,0.59,1.93402,705.9173000000001
090502,HUANCAVELICA,CHURCAMPA,ANCO,SIERRA,5896.0,1148.0,4748.0,0.437675332039757,0.6252504743425101,-12.6825,-74.5872222222222,2463.0,45.938207484352098,0.2669869704035929,36.01357,29.52699,0.4452923055521492,0.4653304593019959,169.84561764522851
090503,HUANCAVELICA,CHURCAMPA,CHINCHIHUASI,SIERRA,1987.0,314.0,1673.0,0.437675332039757,0.6252504743425101,-12.5169444444444,-74.5458333333333,2803.0,17.002650884655701,0.2648895208564949,39.635443,31.4186,0.4452923055521492,0.1122136609991416,40.95798626468668
090504,HUANCAVELICA,CHURCAMPA,EL CARMEN,SIERRA,2576.0,180.0,2396.0,0.437675332039757,0.6252504743425101,-12.7269444444444,-74.4808333333333,3152.0,38.899701570001298,0.208962997910477,42.546562,22.53078,0.4452923055521492,0.0708014765827917,25.84253895271898
090505,HUANCAVELICA,CHURCAMPA,LA MERCED,SIERRA,1178.0,600.0,578.0,0.437675332039757,0.6252504743425099,-12.7880555555556,-74.3586111111111,2683.0,10.6655755591926,0.376533745531185,25.556384,10.51262,0.4452923055521492,0.2600507064424551,94.91850785149612
090506,HUANCAVELICA,CHURCAMPA,LOCROJA,SIERRA,3534.0,966.0,2568.0,0.437675332039757,0.62525047434251,-12.7402777777778,-74.4419444444445,3417.0,48.734861591695498,0.249420021080162,57.363609,25.1151,0.76,0.6497999999999999,237.177
090507,HUANCAVELICA,CHURCAMPA,PAUCARBAMBA,SIERRA,4544.0,789.0,3755.0,0.437675332039757,0.62525047434251,-12.5538888888889,-74.5319444444445,3382.0,60.376586164551803,0.2469331295808409,36.629338,22.3675,0.4452923055521492,0.2898852909144491,105.80813118377392
090508,HUANCAVELICA,CHURCAMPA,SAN MIGUEL DE MAYOCC,SIERRA,777.0,534.0,243.0,0.437675332039757,0.62525047434251,-12.8058333333333,-74.39,2228.0,23.158990372105102,0.491312302834624,17.552199,7.400509,0.2,0.094,34.31
090509,HUANCAVELICA,CHURCAMPA,SAN PEDRO DE CORIS,SIERRA,3604.0,2023.0,1581.0,0.25,0.3571428571428571,-12.5780555555556,-74.4116666666667,3580.0,25.089216446858,0.5077845525459929,35.572278,14.67186,0.4452923055521492,0.8139943345493288,297.10793211050503
090510,HUANCAVELICA,CHURCAMPA,PACHAMARCA,SIERRA,1930.0,204.0,1726.0,0.437675332039757,0.62525047434251,-12.5155555555556,-74.5266666666667,2792.0,16.3094247872545,0.3265870507489039,35.548312,28.71536,0.4452923055521492,0.0761449842494175,27.792919251037397
090511,HUANCAVELICA,CHURCAMPA,COSME,SIERRA,3065.0,953.0,2112.0,0.4203505822563048,0.600500831794721,-12.5733333333333,-74.6583333333333,3486.0,34.869287192025602,0.187363784103972,54.373877,18.86352,0.4452923055521492,0.3713737828304925,135.55143073312976
090601,HUANCAVELICA,HUAYTARA,HUAYTARA,SIERRA,2375.0,1237.0,1138.0,0.47,0.6714285714285715,-13.6047222222222,-75.3530555555555,2732.0,5.5177570093457904,0.5258594244692149,13.467308,2.644242,0.47,0.5536599999999999,202.0859
090602,HUANCAVELICA,HUAYTARA,AYAVI,SIERRA,833.0,306.0,527.0,0.437675332039757,0.6252504743425101,-13.7030555555556,-75.3511111111111,3815.0,4.2681109013216698,0.391618043714195,23.34951,12.90069,0.4452923055521492,0.1264630147768103,46.15900039353579
090603,HUANCAVELICA,HUAYTARA,CORDOVA,SIERRA,991.0,276.0,715.0,0.4203505822563048,0.600500831794721,-14.0408333333333,-75.185,3242.0,13.8062912324314,0.5164132830569579,23.34951,10.4407,0.4452923055521492,0.0935113841659513,34.13165522057224
090604,HUANCAVELICA,HUAYTARA,HUAYACUNDO ARMA,SIERRA,488.0,291.0,197.0,0.437675332039757,0.6252504743425101,-13.5341666666667,-75.3144444444444,3116.0,37.392661982825899,0.397437151626346,21.54027,11.3722,0.4452923055521492,0.1269083070823625,46.32153208506232
090605,HUANCAVELICA,HUAYTARA,LARAMARCA,SIERRA,892.0,685.0,207.0,0.3813569782751809,0.5447956832502585,-13.9486111111111,-75.0355555555555,3407.0,3.3942940746159498,0.472348924284458,23.34951,13.13343,0.38,0.23712,86.5488
090606,HUANCAVELICA,HUAYTARA,OCOYO,SIERRA,795.0,117.0,678.0,0.437675332039757,0.62525047434251,-14.0080555555556,-75.0225,1933.0,7.8727942602288099,0.506606879491172,26.58547,21.44917,0.4452923055521492,0.0387404305830369,14.140257162808496
090607,HUANCAVELICA,HUAYTARA,PILPICHACA,SIERRA,2973.0,759.0,2214.0,0.437675332039757,0.62525047434251,-13.3302777777778,-74.9772222222222,4090.0,2.4642612764226102,0.2997946406100769,33.764808,29.98966,0.3,0.1944,70.956
090608,HUANCAVELICA,HUAYTARA,QUERCO,SIERRA,1183.0,751.0,432.0,0.437675332039757,0.62525047434251,-13.9794444444444,-74.9769444444444,2903.0,1.3724168590727199,0.36804687747321,26.58547,12.27101,0.4452923055521492,0.3486638752473328,127.26231446527648
090609,HUANCAVELICA,HUAYTARA,QUITO-ARMA,SIERRA,733.0,139.0,594.0,0.437675332039757,0.6252504743425101,-13.5286111111111,-75.3275,2944.0,4.2551277437927304,0.3142847863224589,21.54027,58.16862,0.4452923055521492,0.0534350766662579,19.503802983184137
090610,HUANCAVELICA,HUAYTARA,SAN ANTONIO DE CUSICANCHA,SIERRA,1455.0,149.0,1306.0,0.437675332039757,0.6252504743425099,-13.5025,-75.2933333333333,3291.0,7.7268818885327901,0.2514966882219569,33.5216,38.09663,0.4452923055521492,0.0574427074162272,20.966588206922943
090611,HUANCAVELICA,HUAYTARA,SAN FRANCISCO DE SANGAYAICO,SIERRA,1015.0,318.0,697.0,0.437675332039757,0.62525047434251,-13.7952777777778,-75.2491666666667,3420.0,18.8684582743989,0.3477027610827839,42.947025,9.834866,0.4452923055521492,0.1389311993322705,50.709887756278754
090612,HUANCAVELICA,HUAYTARA,SAN ISIDRO,SIERRA,1150.0,371.0,779.0,0.437675332039757,0.6252504743425099,-13.9563888888889,-75.2380555555555,3656.0,4.6699056873392397,0.229881609522817,38.982824,16.44151,0.4452923055521492,0.1540711377210436,56.23596526818093
090613,HUANCAVELICA,HUAYTARA,SANTIAGO DE CHOCORVOS,SIERRA,1706.0,480.0,1226.0,0.437675332039757,0.6252504743425101,-13.8252777777778,-75.2575,2638.0,2.5378195096504998,0.291464481880996,37.465381,28.42823,0.23,0.08418,30.725700000000003
090614,HUANCAVELICA,HUAYTARA,SANTIAGO DE QUIRAHUARA,SIERRA,377.0,217.0,160.0,0.437675332039757,0.6252504743425099,-14.0561111111111,-74.9763888888889,2801.0,4.7011575714623204,0.289293958440454,21.54027,21.18892,0.4452923055521492,0.0774808611660739,28.280514325616995
090615,HUANCAVELICA,HUAYTARA,SANTO DOMINGO DE CAPILLAS,SIERRA,778.0,170.0,608.0,0.437675332039757,0.6252504743425099,-13.7372222222222,-75.2436111111111,3482.0,4.3651432249758599,0.319763655632526,33.541436,15.2863,0.4452923055521492,0.0636767996939573,23.242031888294424
090616,HUANCAVELICA,HUAYTARA,TAMBO,SIERRA,785.0,330.0,455.0,0.437675332039757,0.6252504743425099,-13.6894444444444,-75.275,3201.0,4.5679230293935902,0.3781904468638019,26.58547,17.8595,0.4452923055521492,0.1545164300265957,56.39849695970745
090701,HUANCAVELICA,TAYACAJA,PAMPAS,SIERRA,11101.0,8790.0,2311.0,0.5367653278617248,0.7668076112310355,-12.3991666666667,-74.8683333333333,3282.0,97.221967543779201,0.497812639134856,28.008037,10.98393,0.54,4.84056,1766.8044
090702,HUANCAVELICA,TAYACAJA,ACOSTAMBO,SIERRA,3453.0,934.0,2519.0,0.437675332039757,0.6252504743425099,-12.3655555555556,-75.055,3628.0,27.2045697965012,0.31975086328126,53.930906,16.35114,0.4452923055521492,0.3593508905805844,131.1630750619133
090703,HUANCAVELICA,TAYACAJA,ACRAQUIA,SIERRA,3664.0,912.0,2752.0,0.41,0.5857142857142857,-12.4063888888889,-74.9011111111111,3281.0,45.288836492246297,0.3583957951122679,38.39784,13.42933,0.41,0.3165199999999999,115.5298
090704,HUANCAVELICA,TAYACAJA,AHUAYCHA,SIERRA,4071.0,863.0,3208.0,0.437675332039757,0.6252504743425101,-12.4077777777778,-74.8911111111111,3279.0,56.420404573438901,0.3072776616792939,48.642132,21.60304,0.4452923055521492,0.3330786445530076,121.57370526184778
090705,HUANCAVELICA,TAYACAJA,COLCABAMBA,SIERRA,12112.0,2984.0,9128.0,0.34,0.4857142857142858,-12.4091666666667,-74.6794444444444,2953.0,49.372157088858998,0.37584436146832,42.706732,15.56691,0.29,0.78155,285.26575
090706,HUANCAVELICA,TAYACAJA,DANIEL HERNANDEZ,SIERRA,9996.0,5723.0,4273.0,0.47,0.6714285714285715,-12.3894444444444,-74.8591666666667,3288.0,103.64758698092,0.436268857978931,37.21424,6.913443,0.67,3.7252,1359.698
090707,HUANCAVELICA,TAYACAJA,HUACHOCOLPA,SIERRA,3320.0,953.0,2367.0,0.437675332039757,0.6252504743425099,-12.0483333333333,-74.5947222222222,2913.0,12,0.2962190148343509,40.17806,18.51491,0.58,0.5161999999999999,188.41299999999995
090709,HUANCAVELICA,TAYACAJA,HUARIBAMBA,SIERRA,3141.0,537.0,2604.0,0.437675332039757,0.6252504743425101,-12.2797222222222,-74.9383333333333,3019.0,32.842258942199201,0.374102322059636,44.846043,17.75112,0.4452923055521492,0.2034985836373322,74.27698302762626
090710,HUANCAVELICA,TAYACAJA,ÑAHUIMPUQUIO,SIERRA,1527.0,1140.0,387.0,0.2618699428958576,0.3740999184226536,-12.3291666666667,-75.0694444444444,3651.0,27.303754266211602,0.4769063067648999,45.395045,11.09656,0.23,0.23092,84.28580000000001
090711,HUANCAVELICA,TAYACAJA,PAZOS,SIERRA,5361.0,2941.0,2420.0,0.437675332039757,0.6252504743425101,-12.2594444444444,-75.0705555555556,3820.0,31.014658123409099,0.2778374067164199,37.21424,16.25235,0.39,0.99723,363.9889500000001
090713,HUANCAVELICA,TAYACAJA,QUISHUAR,SIERRA,767.0,676.0,91.0,0.437675332039757,0.62525047434251,-12.2436111111111,-74.7772222222222,3137.0,28.4400760938491,0.339495515098308,44.923393,14.09899,0.4452923055521492,0.2787529832756454,101.74483889561056
090714,HUANCAVELICA,TAYACAJA,SALCABAMBA,SIERRA,4090.0,250.0,3840.0,0.125,0.1785714285714285,-12.2016666666667,-74.7805555555556,3063.0,26.469977145231699,0.3087833260802619,63.567106,26.63972,0.4452923055521492,0.0961831379992642,35.106845369731445
090715,HUANCAVELICA,TAYACAJA,SALCAHUASI,SIERRA,2813.0,265.0,2548.0,0.24,0.3428571428571427,-12.1041666666667,-74.7516666666667,3196.0,30.8442108832005,0.232201849834921,42.500656,24.10927,0.4452923055521492,0.0997454764436814,36.40709890194372
090716,HUANCAVELICA,TAYACAJA,SAN MARCOS DE ROCCHAC,SIERRA,1875.0,277.0,1598.0,0.437675332039757,0.62525047434251,-12.0938888888889,-74.8638888888889,3206.0,10.8302864648042,0.259476101049097,33.668138,23.33594,0.4452923055521492,0.0993001841381292,36.24456721041719
090717,HUANCAVELICA,TAYACAJA,SURCUBAMBA,SIERRA,5104.0,604.0,4500.0,0.437675332039757,0.62525047434251,-12.1163888888889,-74.6305555555555,2626.0,20.217111315547399,0.343600404180265,47.127084,21.64662,0.4452923055521492,0.2324425834982219,84.84154297685099
090718,HUANCAVELICA,TAYACAJA,TINTAY PUNCU,SIERRA,3057.0,480.0,2577.0,0.437675332039757,0.6252504743425101,-12.1519444444444,-74.5444444444444,2410.0,12.7032165444457,0.328337685713185,43.865485,23.93605,0.4452923055521492,0.1692110761098167,61.76204278008309
090719,HUANCAVELICA,TAYACAJA,QUICHUAS,SIERRA,4301.0,719.0,3582.0,0.4,0.5714285714285715,-12.4725,-74.7675,2706.0,45.077084793272597,0.237127110391456,47.763584,29.01923,0.4452923055521492,0.2921117524422099,106.6207896414066
090720,HUANCAVELICA,TAYACAJA,ANDAYMARCA,SIERRA,2650.0,486.0,2164.0,0.437675332039757,0.6252504743425099,-12.3152777777778,-74.6352777777778,2896.0,18.193735338760899,0.2731002931444649,58.457354,26.03438,0.42,0.19278,70.3647
090721,HUANCAVELICA,TAYACAJA,ROBLE,SIERRA,1294.0,523.0,771.0,0.437675332039757,0.6252504743425099,-12.2166666666667,-74.4897222222222,2640.0,7.5310433800999803,0.3676392918763929,53.720672,23.93605,0.4452923055521492,0.1830151375819333,66.80052521740566
090722,HUANCAVELICA,TAYACAJA,PICHOS,SIERRA,1986.0,968.0,1018.0,0.44,0.6285714285714287,-12.2363888888889,-74.9386111111111,3297.0,17.710926694329199,0.264376649999213,77.125392,16.25235,0.4452923055521492,0.3548979675250629,129.53775814664797
090723,HUANCAVELICA,TAYACAJA,SANTIAGO DE TUCUMA,SIERRA,1618.0,605.0,1013.0,0.437675332039757,0.6252504743425101,-12.3141666666667,-74.89,3538.0,S.I.,0.2144751402983899,51.575342,6.913443,0.42,0.2246999999999999,82.01549999999999
100101,HUANUCO,HUANUCO,HUANUCO,SIERRA,94200.0,88102.0,6098.0,0.4515827918543718,0.645118274077674,-9.93,-76.2397222222222,1921.0,787.87134595579505,0.589321451013701,13.066336,6.614419,0.64,56.730880000000006,20706.771200000003
100102,HUANUCO,HUANUCO,AMARILIS,SIERRA,87373.0,80909.0,6464.0,0.55,0.785714285714286,-9.94,-76.2405555555556,1950.0,684.94835965978098,0.6180444460983139,13.903566,3.538082,0.66,53.9253,19682.7345
100103,HUANUCO,HUANUCO,CHINCHAO,SELVA,13262.0,3022.0,10240.0,0.29,0.4142857142857143,-9.80166666666667,-76.0708333333333,2122.0,24.4577647088391,0.3096549989431259,41.245682,21.35235,0.29,0.6568499999999999,239.75025
100104,HUANUCO,HUANUCO,CHURUBAMBA,SIERRA,16080.0,2382.0,13698.0,0.437675332039757,0.6252504743425099,-9.82611111111111,-76.1338888888889,1954.0,44.117009323687697,0.1985758242270939,45.895773,37.58249,0.3,0.4662,170.163
100105,HUANUCO,HUANUCO,MARGOS,SIERRA,4312.0,1875.0,2437.0,0.437675332039757,0.62525047434251,-10.0052777777778,-76.5233333333333,3555.0,36.336350873795801,0.274908339465297,42.99617,32.72887,0.4452923055521492,0.6011446124954015,219.4177835608216
100106,HUANUCO,HUANUCO,QUISQUI,SIERRA,3454.0,472.0,2982.0,0.4203505822563048,0.6005008317947212,-9.90472222222222,-76.3925,2427.0,35.677897418085003,0.257309052022807,42.99617,16.36721,0.4452923055521492,0.1326971070545404,48.43444407490727
100107,HUANUCO,HUANUCO,SAN FRANCISCO DE CAYRAN,SIERRA,4881.0,533.0,4348.0,0.41,0.5857142857142857,-9.98083333333333,-76.2841666666667,2247.0,40.262582056892803,0.379256418780251,30.82901,11.36025,0.23,0.08924,32.57260000000001
100108,HUANUCO,HUANUCO,SAN PEDRO DE CHAULAN,SIERRA,3074.0,585.0,2489.0,0.437675332039757,0.6252504743425099,-10.0563888888889,-76.4855555555555,3587.0,17.765430244781498,0.2151519567388129,52.221542,35.3887,0.41,0.14719,53.72435
100109,HUANUCO,HUANUCO,SANTA MARIA DEL VALLE,SIERRA,21672.0,1887.0,19785.0,0.28,0.4000000000000001,-9.86250000000001,-76.17,1939.0,55.4284306920717,0.270127181262078,44.559541,28.49891,0.62,0.88288,322.2512
100110,HUANUCO,HUANUCO,YARUMAYO,SIERRA,1588.0,292.0,1296.0,0.4203505822563048,0.6005008317947211,-10.0044444444444,-76.4686111111111,3055.0,48.638004594683302,0.31609840961451,46.61658,17.4296,0.4452923055521492,0.0979643072214728,35.75697213583758
100111,HUANUCO,HUANUCO,PILLCO MARCA,SIERRA,48775.0,45147.0,3628.0,0.52,0.7428571428571429,-9.96083333333334,-76.2491666666667,1996.0,463.59483096201501,0.621616493035908,10.613421,2.183872,0.52,25.76496,9404.2104
100112,HUANUCO,HUANUCO,YACUS,SIERRA,5200.0,1801.0,3399.0,0.437675332039757,0.62525047434251,-9.98611111111111,-76.5058333333333,3243.0,45.092989985693798,0.317977644959477,49.86168,30.68013,0.4452923055521492,0.5971369817454321,217.9549983370827
100113,HUANUCO,HUANUCO,SAN PABLO DE PILLAO,SIERRA,8330.0,1069.0,7261.0,0.33,0.4714285714285715,-9.78638888888889,-75.9994444444445,2954.0,14.580910023948,0.361508969024376,30.82901,21.35235,0.41,0.3116,113.734
100201,HUANUCO,AMBO,AMBO,SIERRA,22746.0,15715.0,7031.0,0.5121682648700505,0.731668949814358,-10.1291666666667,-76.2044444444445,2106.0,72.641966759002798,0.440956856288646,25.494056,19.37456,0.48,7.64736,2791.2864
100202,HUANUCO,AMBO,CAYNA,SIERRA,2486.0,1178.0,1308.0,0.66,0.9428571428571432,-10.2725,-76.3883333333333,3332.0,23.745859680818999,0.223944373600758,43.51369,25.59386,0.4452923055521492,0.429707074857824,156.84308232310576
100203,HUANUCO,AMBO,COLPAS,SIERRA,1700.0,424.0,1276.0,0.437675332039757,0.62525047434251,-10.2683333333333,-76.4152777777778,2740.0,17.0012619020305,0.228658704591284,57.07202,22.00413,0.4452923055521492,0.1491729223599699,54.44811666138904
100204,HUANUCO,AMBO,CONCHAMARCA,SIERRA,4533.0,858.0,3675.0,0.437675332039757,0.6252504743425101,-10.0358333333333,-76.2169444444445,2185.0,59.106955443182898,0.409976186210457,43.51369,12.59274,0.42,0.2952599999999999,107.7699
100205,HUANUCO,AMBO,HUACAR,SIERRA,8090.0,2026.0,6064.0,0.4203505822563048,0.600500831794721,-10.1594444444444,-76.2366666666667,2157.0,38.863510224992503,0.314243813754201,36.986958,19.08624,0.4452923055521492,0.7992996884661078,291.74438629012934
100206,HUANUCO,AMBO,SAN FRANCISCO,SIERRA,1467.0,676.0,791.0,0.206,0.2942857142857142,-10.3427777777778,-76.2919444444445,3521.0,21.211121194620901,0.275184124137882,38.147645,33.06229,0.26,0.13364,48.7786
100207,HUANUCO,AMBO,SAN RAFAEL,SIERRA,9009.0,2866.0,6143.0,0.437675332039757,0.6252504743425099,-10.3377777777778,-76.1822222222222,2720.0,26.830917656605699,0.2701280162338839,41.785876,36.16501,0.46,1.0994000000000002,401.28100000000006
100208,HUANUCO,AMBO,TOMAY KICHWA,SIERRA,3443.0,1908.0,1535.0,0.331,0.4728571428571429,-10.0775,-76.2125,2049.0,105.770600807409,0.4850163371556839,26.530978,9.745235,0.51,0.83487,304.72755
100301,HUANUCO,DOS DE MAYO,LA UNION,SIERRA,7056.0,5647.0,1409.0,0.4509558373978523,0.6442226248540746,-9.83777777777778,-76.8036111111111,3275.0,36.373429084380597,0.512274425019252,27.127487,5.745484,0.54,2.98782,1090.5543
100307,HUANUCO,DOS DE MAYO,CHUQUIS,SIERRA,3262.0,1236.0,2026.0,0.4203505822563048,0.600500831794721,-9.67638888888889,-76.7052777777778,3375.0,29.540495867768598,0.347238536000122,44.594458,24.62505,0.4452923055521492,0.4399487978855234,160.58131122821607
100311,HUANUCO,DOS DE MAYO,MARIAS,SELVA,5714.0,2016.0,3698.0,0.5413538747534213,0.7733626782191735,-9.6075,-76.7066666666667,3508.0,11.2673404054987,0.2317438222321399,54.155388,46.22591,0.5188473382439173,0.8675127495438296,316.6421535834978
100313,HUANUCO,DOS DE MAYO,PACHAS,SIERRA,5179.0,1831.0,3348.0,0.437675332039757,0.62525047434251,-9.70666666666667,-76.7711111111111,3474.0,27.5062325300295,0.4013584533249799,35.96922,9.034013,0.37,0.49543,180.83195
100316,HUANUCO,DOS DE MAYO,QUIVILLA,SIERRA,1156.0,634.0,522.0,0.437675332039757,0.62525047434251,-9.6,-76.7258333333333,2972.0,38.720238095238102,0.407256425673553,35.96922,8.651149,0.48,0.2395199999999999,87.42479999999999
100317,HUANUCO,DOS DE MAYO,RIPAN,SIERRA,5422.0,3114.0,2308.0,0.437675332039757,0.62525047434251,-9.82861111111111,-76.8030555555556,3233.0,89.805437100213197,0.4079012220453089,38.055644,17.43696,0.42,1.15584,421.8816
100321,HUANUCO,DOS DE MAYO,SHUNQUI,SIERRA,1636.0,456.0,1180.0,0.437675332039757,0.6252504743425099,-9.73111111111111,-76.7833333333333,3542.0,71.822690638561696,0.2750300956244259,38.03192,28.32376,0.4452923055521492,0.1607505223043258,58.67394064107894
100322,HUANUCO,DOS DE MAYO,SILLAPATA,SIERRA,1744.0,449.0,1295.0,0.437675332039757,0.62525047434251,-9.75722222222222,-76.7747222222222,3459.0,49.1563873528995,0.306792957097315,45.952223,18.75372,0.4452923055521492,0.1554070146377001,56.723560342760535
100323,HUANUCO,DOS DE MAYO,YANAS,SIERRA,2267.0,814.0,1453.0,0.437675332039757,0.62525047434251,-9.71444444444444,-76.7502777777778,3477.0,86.009363811622094,0.364656253524656,38.03192,24.34497,0.4452923055521492,0.2983458447199399,108.89623332277807
100401,HUANUCO,HUACAYBAMBA,HUACAYBAMBA,SIERRA,5888.0,2535.0,3353.0,0.4454466910220878,0.6363524157458397,-9.03805555555555,-76.9525,3176.0,11.236587571007,0.341045927834195,46.935145,36.92521,0.56,1.2936,472.164
100402,HUANUCO,HUACAYBAMBA,CANCHABAMBA,SIERRA,2754.0,519.0,2235.0,0.437675332039757,0.62525047434251,-8.88472222222222,-77.1230555555555,3208.0,18.391050687791001,0.2768620050259599,63.623112,27.76494,0.2,0.0938,34.237
100403,HUANUCO,HUACAYBAMBA,COCHABAMBA,SIERRA,1533.0,447.0,1086.0,0.437675332039757,0.6252504743425099,-9.09527777777778,-76.8363888888889,3293.0,2.6004935243184799,0.3607199537914069,46.174772,34.4625,0.4452923055521492,0.1598599376932215,58.34887725802587
100404,HUANUCO,HUACAYBAMBA,PINRA,SIERRA,6502.0,593.0,5909.0,0.437675332039757,0.6252504743425101,-8.92472222222222,-77.015,2874.0,25.709351097952101,0.2845524827169499,55.905329,31.11851,0.4452923055521492,0.2311067065815654,84.35394790227139
100501,HUANUCO,HUAMALIES,LLATA,SIERRA,13842.0,8048.0,5794.0,0.4603722390190644,0.6576746271700921,-9.54972222222222,-76.8186111111111,3489.0,35.320286860337902,0.424191854803326,34.707656,18.82124,0.46,3.473,1267.645
100502,HUANUCO,HUAMALIES,ARANCAY,SIERRA,1351.0,350.0,1001.0,0.437675332039757,0.6252504743425101,-9.17138888888889,-76.7513888888889,3066.0,13.465546643087199,0.325458642540286,44.553617,22.23661,0.4452923055521492,0.1340329839711969,48.92203914948688
100503,HUANUCO,HUAMALIES,CHAVIN DE PARIARCA,SIERRA,3908.0,1826.0,2082.0,0.4,0.5714285714285715,-9.42305555555556,-76.7713888888889,3382.0,51.686274509803901,0.31313176152222,32.985473,20.13004,0.4452923055521492,0.7449740271887456,271.91551992389213
100504,HUANUCO,HUAMALIES,JACAS GRANDE,SIERRA,5958.0,1050.0,4908.0,0.4203505822563048,0.6005008317947211,-9.54,-76.7366666666667,3625.0,30.727034895987199,0.3362482213431399,55.077439,31.56227,0.4452923055521492,0.420801228746781,153.59244849257507
100505,HUANUCO,HUAMALIES,JIRCAN,SELVA,1338.0,290.0,1048.0,0.5413538747534213,0.7733626782191734,-9.24694444444444,-76.7191666666667,3211.0,22.544511260464599,0.315700873172496,52.021802,35.9347,0.2,0.0438,15.987000000000002
100506,HUANUCO,HUAMALIES,MIRAFLORES,SIERRA,3156.0,1997.0,1159.0,0.437675332039757,0.62525047434251,-9.49388888888889,-76.8186111111111,3688.0,41.4823237543932,0.2910706693105569,53.687158,38.30149,0.4452923055521492,0.8260172267992368,301.49628778172143
100507,HUANUCO,HUAMALIES,MONZON,SELVA,12540.0,6336.0,6204.0,0.52,0.7428571428571429,-9.28,-76.3966666666667,982.0,10.1183785880018,0.3946200460108439,27.373968,8.722305,0.52,2.7924,1019.226
100508,HUANUCO,HUAMALIES,PUNCHAO,SIERRA,2006.0,1582.0,424.0,0.37555170828494,0.5365024404070572,-9.46222222222222,-76.8197222222222,3560.0,56.581439393939398,0.355522380136015,39.972025,23.86192,0.39,0.57174,208.6851
100509,HUANUCO,HUAMALIES,PUÑOS,SIERRA,4199.0,1172.0,3027.0,0.437675332039757,0.6252504743425099,-9.50055555555556,-76.8838888888889,3749.0,55.4299754299754,0.2745702018485889,48.737594,20.40274,0.8,0.8408000000000001,306.89200000000005
100510,HUANUCO,HUAMALIES,SINGA,SIERRA,3115.0,1060.0,2055.0,0.437675332039757,0.62525047434251,-9.38861111111111,-76.8125,3649.0,24.528675016479902,0.358608137733185,45.80185,29.51792,0.4452923055521492,0.4110047980246337,150.0167512789913
100511,HUANUCO,HUAMALIES,TANTAMAYO,SIERRA,1755.0,205.0,1550.0,0.437675332039757,0.6252504743425101,-9.3925,-76.72,3517.0,9.6259251850370102,0.256041464192382,45.80185,29.78145,0.4452923055521492,0.0730279381105524,26.65519741035165
100601,HUANUCO,LEONCIO PRADO,RUPA-RUPA,SELVA,57034.0,54838.0,2196.0,0.5110471379027803,0.7300673398611148,-9.29805555555555,-76.0005555555556,667.0,245.27239981990101,0.5818337288935849,13.55109,5.299918,0.56,32.02024,11687.3876
100602,HUANUCO,LEONCIO PRADO,DANIEL ALOMIA ROBLES,SELVA,6867.0,1068.0,5799.0,0.58,0.8285714285714286,-9.18777777777778,-75.9547222222222,669.0,12.380776129601699,0.354329133995458,28.97587,15.61649,0.58,0.5376599999999999,196.2459
100603,HUANUCO,LEONCIO PRADO,HERMILIO VALDIZAN,SELVA,3704.0,293.0,3411.0,0.5413538747534213,0.7733626782191734,-9.20555555555556,-75.8358333333333,1354.0,42.620320855614999,0.308508600537773,28.97587,31.87738,0.5188473382439173,0.1276364452080036,46.58730250092133
100604,HUANUCO,LEONCIO PRADO,JOSE CRESPO Y CASTILLO,SELVA,23581.0,17580.0,6001.0,0.6018945592816883,0.859849370402412,-8.93222222222222,-76.1161111111111,587.0,13.3194382880801,0.448898078227432,19.090586,15.52854,0.6,10.2168,3729.132
100605,HUANUCO,LEONCIO PRADO,LUYANDO,SELVA,9424.0,4912.0,4512.0,0.47,0.6714285714285715,-9.24805555555555,-75.9941666666667,642.0,108.62240829346101,0.426977099185991,10.163237,2.679903,0.49,2.23293,815.0194499999999
100606,HUANUCO,LEONCIO PRADO,MARIANO DAMASO BERAUN,SELVA,11042.0,4402.0,6640.0,0.58,0.8285714285714286,-9.44277777777778,-75.9711111111111,736.0,18.180275881869299,0.351416595387743,25.385949,11.67478,0.52,2.1247200000000004,775.5228000000002
100607,HUANUCO,LEONCIO PRADO,PUCAYACU,SELVA,3920.0,854.0,3066.0,0.52,0.7428571428571428,-8.74972222222222,-76.1211111111111,573.0,4.4055443482787799,0.3327512625619989,23.72049,15.52854,0.52,0.38844,141.7806
100608,HUANUCO,LEONCIO PRADO,CASTILLO GRANDE,SELVA,13904.0,12615.0,1289.0,0.45,0.6428571428571429,-9.27972222222222,-76.0088888888889,675.0,74.856281217604305,0.5694431606317139,13.55109,5.299918,0.45,5.772600000000001,2106.9990000000003
100609,HUANUCO,LEONCIO PRADO,PUEBLO NUEVO,SELVA,4433.0,688.0,3745.0,0.5413538747534213,0.7733626782191734,-9.07861111111111,-76.0605555555556,626.0,S.I.,0.4184171487202609,18.991424,15.52854,0.5188473382439173,0.300931456181472,109.83998150623728
100610,HUANUCO,LEONCIO PRADO,SANTO DOMINGO DE ANDA,SELVA,2700.0,305.0,2395.0,0.5413538747534213,0.7733626782191734,-9.02361111111111,-76.0666666666667,617.0,8.5137899414544709,0.319509996600054,23.72049,15.52854,0.5188473382439173,0.1302306818992232,47.53419889321648
100701,HUANUCO,MARAÑON,HUACRACHUCO,SIERRA,15142.0,5775.0,9367.0,0.3,0.4285714285714285,-8.60472222222222,-77.1491666666667,2914.0,23.251919447085701,0.314753684596285,37.38686,27.63195,0.2,1.0992,401.208
100702,HUANUCO,MARAÑON,CHOLON,SELVA,5722.0,2274.0,3448.0,0.5413538747534213,0.7733626782191734,-8.65583333333334,-76.8752777777778,2447.0,3.3145271716881801,0.3278202150778519,37.38686,28.80375,0.5188473382439173,1.0869851736210066,396.7495883716674
100703,HUANUCO,MARAÑON,SAN BUENAVENTURA,SIERRA,2139.0,409.0,1730.0,0.437675332039757,0.6252504743425101,-8.76777777777778,-77.1861111111111,3211.0,33.660734920268098,0.225549698154723,59.373586,30.38248,0.4452923055521492,0.161195814609878,58.83647233260548
100704,HUANUCO,MARAÑON,LA MORADA,SIERRA,3415.0,1372.0,2043.0,0.437675332039757,0.62525047434251,-8.79444444444444,-76.2497222222222,559.0,3.46212483218422,0.443169601396504,29.27597,28.80375,0.4452923055521492,0.6679384583282238,243.7975372898017
100705,HUANUCO,MARAÑON,SANTA ROSA DE ALTO YANAJANCA,SIERRA,2560.0,1156.0,1404.0,0.437675332039757,0.6252504743425099,-8.65277777777778,-76.3147222222222,530.0,2.4971171815976798,0.3458334989733429,29.27597,28.80375,0.4452923055521492,0.5374678128014441,196.17575167252707
100801,HUANUCO,PACHITEA,PANAO,SIERRA,18291.0,4754.0,13537.0,0.3788304894179894,0.5411864134542707,-9.8975,-75.9941666666667,2536.0,15.087990081348099,0.2488101415616879,47.880996,27.57941,0.38,1.65642,604.5933
100802,HUANUCO,PACHITEA,CHAGLLA,SELVA,10518.0,4237.0,6281.0,0.28,0.4000000000000001,-9.84472222222222,-75.9027777777778,3040.0,11.1582304862357,0.343376893835666,29.524074,21.68748,0.4,1.4928,544.8720000000001
100803,HUANUCO,PACHITEA,MOLINO,SIERRA,11030.0,4237.0,6793.0,0.4203505822563048,0.6005008317947211,-9.91083333333333,-76.0166666666667,2396.0,61.766454352441599,0.254013732953705,52.709049,28.53857,0.45,1.692,617.5799999999999
100804,HUANUCO,PACHITEA,UMARI,SIERRA,11204.0,557.0,10647.0,0.63,0.9000000000000001,-9.86416666666667,-76.0444444444444,2524.0,88.133887845452094,0.262490230333891,54.067729,42.63179,0.63,0.2923199999999999,106.69679999999998
100901,HUANUCO,PUERTO INCA,PUERTO INCA,SELVA,10505.0,5228.0,5277.0,0.3868673148504684,0.5526675926435264,-9.37888888888889,-74.9658333333333,215.0,6.8312856863420901,0.414220625161557,23.248431,13.04899,0.4,2.0868,761.6820000000001
100902,HUANUCO,PUERTO INCA,CODO DEL POZUZO,SELVA,8065.0,2439.0,5626.0,0.55,0.7857142857142858,-9.67,-75.4625,398.0,2.5372963600679102,0.3540472993626129,27.218251,11.43747,0.5,1.2265,447.6725
100903,HUANUCO,PUERTO INCA,HONORIA,SELVA,4856.0,1399.0,3457.0,0.5413538747534213,0.7733626782191734,-8.76944444444445,-74.7091666666667,177.0,8.5107449407931792,0.370893214507301,26.66691,4.805346,0.5188473382439173,0.6589361195697749,240.51168364296785
100904,HUANUCO,PUERTO INCA,TOURNAVISTA,SELVA,6420.0,1509.0,4911.0,0.74,1.0571428571428572,-8.93444444444445,-74.7013888888889,214.0,2.9190562092207202,0.4244999363484809,26.66691,5.492754,0.58,0.8676799999999999,316.7032
100905,HUANUCO,PUERTO INCA,YUYAPICHIS,SELVA,6704.0,1363.0,5341.0,0.5413538747534213,0.7733626782191734,-9.62833333333333,-74.9747222222222,227.0,3.9390557102762198,0.3709116545322659,14.72432,8.754858,0.5188473382439173,0.6765769290700681,246.95057911057484
101001,HUANUCO,LAURICOCHA,JESUS,SIERRA,4084.0,2186.0,1898.0,0.32,0.4571428571428571,-10.0783333333333,-76.6313888888889,3499.0,11.6914869971105,0.399862980016975,25.238965,16.14745,0.31,0.57319,209.21435
101002,HUANUCO,LAURICOCHA,BAÑOS,SIERRA,1776.0,815.0,961.0,0.437675332039757,0.62525047434251,-10.0763888888889,-76.7355555555555,3442.0,21.348093803222799,0.420447215451269,29.75199,12.01207,0.2,0.1146,41.829
101003,HUANUCO,LAURICOCHA,JIVIA,SIERRA,1120.0,367.0,753.0,0.437675332039757,0.6252504743425101,-10.0233333333333,-76.6802777777778,3394.0,31.6914043386071,0.3462842428553359,29.75199,16.65221,0.4452923055521492,0.1202289224990802,43.8835567121643
101004,HUANUCO,LAURICOCHA,QUEROPALCA,SIERRA,972.0,711.0,261.0,0.3178743553094997,0.4541062218707141,-10.1813888888889,-76.8030555555556,3835.0,6.7251239039268,0.4477810656502689,29.75199,5.646191,0.39,0.23127,84.41355
101005,HUANUCO,LAURICOCHA,RONDOS,SIERRA,3589.0,1127.0,2462.0,0.437675332039757,0.62525047434251,-9.98444444444445,-76.6883333333333,3617.0,33.591075433833097,0.367851192434729,36.802448,12.60354,0.33,0.28512,104.0688
101006,HUANUCO,LAURICOCHA,SAN FRANCISCO DE ASIS,SIERRA,1227.0,688.0,539.0,0.437675332039757,0.6252504743425099,-9.97638888888889,-76.6769444444444,3457.0,27.4139976275208,0.349698271409125,29.75199,20.93731,0.4452923055521492,0.2431295988314734,88.7423035734878
101007,HUANUCO,LAURICOCHA,SAN MIGUEL DE CAURI,SIERRA,5385.0,1528.0,3857.0,0.437675332039757,0.6252504743425099,-10.1425,-76.6255555555555,3625.0,7.2054203880505101,0.475829671446996,43.663957,25.12178,0.4452923055521492,0.5503812896624565,200.8891707267966
101101,HUANUCO,YAROWILCA,CHAVINILLO,SIERRA,4736.0,1939.0,2797.0,0.51,0.7285714285714284,-9.85888888888889,-76.6088888888889,3475.0,37.258724897640903,0.230690925965804,42.137762,26.91965,0.51,0.8450700000000001,308.45055
101102,HUANUCO,YAROWILCA,CAHUAC,SIERRA,1032.0,582.0,450.0,0.437675332039757,0.6252504743425101,-9.85277777777778,-76.6305555555555,3413.0,75.1525423728813,0.3553977982119619,44.87558,8.455663,0.4452923055521492,0.2003815374984671,73.1392611869405
101103,HUANUCO,YAROWILCA,CHACABAMBA,SIERRA,991.0,206.0,785.0,0.437675332039757,0.62525047434251,-9.90027777777778,-76.6111111111111,3204.0,146.58197217180901,0.340451624839047,41.815773,13.64923,0.4452923055521492,0.0699108919716874,25.517475569665905
101104,HUANUCO,YAROWILCA,APARICIO POMARES,SIERRA,4857.0,1323.0,3534.0,0.437675332039757,0.6252504743425101,-9.74777777777777,-76.6480555555556,3452.0,40.804848749590498,0.2796039778398,47.954063,25.95461,0.4452923055521492,0.5067426437183458,184.9610649571962
101105,HUANUCO,YAROWILCA,JACAS CHICO,SIERRA,1062.0,366.0,696.0,0.362,0.5171428571428572,-9.88638888888889,-76.5030555555555,3816.0,68.307522123893804,0.2763870692939119,44.875401,25.8606,0.4452923055521492,0.1309159378323318,47.784317308801135
101106,HUANUCO,YAROWILCA,OBAS,SIERRA,3846.0,1190.0,2656.0,0.437675332039757,0.6252504743425101,-9.79527777777778,-76.6658333333333,3543.0,50.949983760961302,0.365259212806049,35.054345,23.12538,0.4452923055521492,0.4403940901910755,160.74384291974258
101107,HUANUCO,YAROWILCA,PAMPAMARCA,SIERRA,1067.0,317.0,750.0,0.437675332039757,0.62525047434251,-9.70527777777778,-76.7025,3436.0,27.256466703357201,0.2700998370207369,48.635934,32.21796,0.4452923055521492,0.1082060302491722,39.49520104094788
101108,HUANUCO,YAROWILCA,CHORAS,SIERRA,1971.0,489.0,1482.0,0.437675332039757,0.62525047434251,-9.91027777777778,-76.6058333333333,3554.0,61.187438665358201,0.296898879073206,46.523933,23.49936,0.4452923055521492,0.1745545837764424,63.71242307840151
110101,ICA,ICA,ICA,COSTA,164698.0,163951.0,747.0,0.5856243123146693,0.8366061604495275,-14.0636111111111,-75.7291666666667,432.0,209.91087424367001,0.6637216310803389,2.165357,0.003624,0.71,125.45913,45792.58245
110102,ICA,ICA,LA TINGUIÑA,COSTA,44689.0,41903.0,2786.0,0.53,0.7571428571428571,-14.0333333333333,-75.7105555555556,463.0,411.06365670124097,0.633445285770717,2.993514,0.016879,0.53,24.40756,8908.7594
110103,ICA,ICA,LOS AQUIJES,COSTA,24761.0,22514.0,2247.0,0.44,0.6285714285714286,-14.0963888888889,-75.6905555555555,446.0,206.302243730752,0.6321366370204369,6.411604,0.039326,0.44,10.68408,3899.6892
110104,ICA,ICA,OCUCAJE,COSTA,4998.0,3236.0,1762.0,1.0,1.4285714285714286,-14.3466666666667,-75.6722222222222,332.0,3.82748108840465,0.559789545397193,1.531918,0.022614,0.51,1.77582,648.1743
110105,ICA,ICA,PACHACUTEC,COSTA,8070.0,7741.0,329.0,0.6330350121700052,0.9043357316714362,-14.1519444444444,-75.6919444444444,424.0,227.328111401218,0.628226842313774,4.387934,0.03112,0.42,3.51624,1283.4276
110106,ICA,ICA,PARCONA,COSTA,59294.0,58283.0,1011.0,0.59,0.8428571428571427,-14.0538888888889,-75.6855555555555,472.0,3127.1995399655002,0.616344289610642,3.132139,0.006009,0.59,35.97584,13131.1816
110107,ICA,ICA,PUEBLO NUEVO,COSTA,7220.0,4815.0,2405.0,0.499650387386001,0.7137862676942872,-14.1272222222222,-75.7058333333333,417.0,185.054347826087,0.601739176186834,0.70023014,0.002569,0.43,2.30867,842.6645500000001
110108,ICA,ICA,SALAS,COSTA,29202.0,28555.0,647.0,0.58,0.8285714285714286,-13.9858333333333,-75.7722222222222,452.0,36.934573129564797,0.6053164595604619,5.490567,0.218996,0.58,17.94462,6549.7863
110109,ICA,ICA,SAN JOSE DE LOS MOLINOS,SIERRA,7811.0,6296.0,1515.0,0.4887141156462586,0.698163022351798,-13.9330555555556,-75.6708333333333,542.0,22.458700440528599,0.626732090457074,5.1643,0.107936,0.45,3.0145500000000003,1100.31075
110110,ICA,ICA,SAN JUAN BAUTISTA,COSTA,15246.0,13391.0,1855.0,0.62,0.8857142857142859,-14.0113888888889,-75.7352777777778,459.0,295.073891625616,0.655051228213615,2.880511,0.01157,0.47,6.6317,2420.5705
110111,ICA,ICA,SANTIAGO,COSTA,30262.0,22500.0,7762.0,0.4960079188275973,0.7085827411822819,-14.1858333333333,-75.7144444444445,395.0,10.0394075574858,0.626104230627115,3.082752,0.012474,0.5,11.8735,4333.8275
110112,ICA,ICA,SUBTANJALLA,COSTA,31277.0,30951.0,326.0,0.41,0.5857142857142857,-14.0186111111111,-75.7580555555556,445.0,144.61514667216599,0.6350781586942639,4.354553,0.015284,0.42,14.14476,5162.8374
110113,ICA,ICA,TATE,COSTA,5085.0,4836.0,249.0,0.584017589590353,0.834310842271933,-14.1558333333333,-75.7080555555555,417.0,790.24045261669005,0.615176513188463,4.290589,0.006975,0.38,1.9475,710.8375
110114,ICA,ICA,YAUCA DEL ROSARIO,SIERRA,1247.0,102.0,1145.0,0.437675332039757,0.62525047434251,-14.0988888888889,-75.4769444444444,861.0,1.9525250174540401,0.3836459514057419,6.443243,0.489658,0.4452923055521492,0.0454198151663192,16.578232535706515
110201,ICA,CHINCHA,CHINCHA ALTA,COSTA,75486.0,75486.0,0.0,0.5799631220643018,0.8285187458061457,-13.4183333333333,-76.1325,140.0,368.01208357808201,0.60557296550782,2.640704,0.00939,0.57,45.54243,16622.98695
110202,ICA,CHINCHA,ALTO LARAN,COSTA,8639.0,6254.0,2385.0,0.5055651927437641,0.7222359896339487,-13.4425,-76.0833333333333,156.0,29.257437338955299,0.558797173593862,3.691668,0.022989,0.31,2.0863,761.4995
110203,ICA,CHINCHA,CHAVIN,SIERRA,2455.0,161.0,2294.0,0.437675332039757,0.62525047434251,-13.0763888888889,-75.9130555555556,3183.0,8.2267639674308306,0.6024965065604079,30.081301,0.626275,0.4452923055521492,0.0881678764993255,32.18127492225383
110204,ICA,CHINCHA,CHINCHA BAJA,COSTA,14401.0,10005.0,4396.0,0.46,0.6571428571428574,-13.4594444444444,-76.1655555555555,44.0,211.472697186983,0.575108675542622,1.992541,0.00245,0.46,4.74766,1732.8959
110205,ICA,CHINCHA,EL CARMEN,COSTA,13745.0,9232.0,4513.0,0.45,0.642857142857143,-13.4994444444444,-76.0577777777778,160.0,18.684643625775401,0.533712318797331,3.129616,0.011648,0.4881283256607997,4.638195350428918,1692.9413029065552
110206,ICA,CHINCHA,GROCIO PRADO,COSTA,28264.0,26820.0,1444.0,0.27,0.3857142857142858,-13.3980555555556,-76.1561111111111,134.0,136.15178712013901,0.5736744275518089,3.34979,0.043581,0.521567928503992,15.058187663838751,5496.238497301145
110207,ICA,CHINCHA,PUEBLO NUEVO,COSTA,71511.0,71511.0,0.0,0.44,0.6285714285714287,-13.4041666666667,-76.1275,146.0,284.27309620434499,0.5924704634222309,3.22399,0.013548,0.43,33.1315,12092.9975
110208,ICA,CHINCHA,SAN JUAN DE YANAC,SIERRA,1511.0,443.0,1068.0,0.437675332039757,0.6252504743425101,-13.2111111111111,-75.7872222222222,2555.0,2.7278177458033599,0.340634689665807,10.64054,0.124498,0.2,0.1154,42.121
110209,ICA,CHINCHA,SAN PEDRO DE HUACARPANA,SIERRA,1069.0,302.0,767.0,0.437675332039757,0.62525047434251,-13.0491666666667,-75.6477777777778,3812.0,6.9139132389300997,0.3006858802813069,10.64054,0.01665,0.4452923055521492,0.1380406147211662,50.38482437322569
110210,ICA,CHINCHA,SUNAMPE,COSTA,32204.0,31547.0,657.0,0.75,1.0714285714285716,-13.4275,-76.1636111111111,94.0,1658.94988066826,0.5987683993460379,3.379569,0.007545,0.8,27.056,9875.44
110211,ICA,CHINCHA,TAMBO DE MORA,COSTA,6402.0,6024.0,378.0,0.509343387961245,0.7276334113732073,-13.4605555555556,-76.1766666666667,37.0,256.72727272727298,0.593545471768813,2.585728,0.00065,0.48,3.10416,1133.0184
110301,ICA,NAZCA,NASCA,COSTA,29473.0,26777.0,2696.0,0.6,0.8571428571428571,-14.8269444444444,-74.9372222222222,618.0,27.0688760231583,0.598885276783068,3.023548,0.01595,0.71,19.78912,7223.0288
110302,ICA,NAZCA,CHANGUILLO,COSTA,2155.0,1137.0,1018.0,0.499650387386001,0.7137862676942873,-14.6647222222222,-75.2225,260.0,2.7837032969353901,0.5356563798197649,3.317797,0.01237,0.4881283256607997,0.5647644727895452,206.139032568184
110303,ICA,NAZCA,EL INGENIO,COSTA,3527.0,2181.0,1346.0,0.499650387386001,0.7137862676942873,-14.6452777777778,-75.0583333333333,463.0,6.6999764659027097,0.555822503547849,2.553786,0.005912,0.4881283256607997,1.1100038125526586,405.1513915817204
110304,ICA,NAZCA,MARCONA,COSTA,17563.0,17503.0,60.0,0.65,0.9285714285714288,-15.3619444444444,-75.1658333333333,36.0,9.6082242225859193,0.677142549878397,2.243134,0.0,0.29,5.54596,2024.2754
110305,ICA,NAZCA,VISTA ALEGRE,COSTA,23763.0,22120.0,1643.0,0.49,0.7,-14.8458333333333,-74.9438888888889,618.0,41.666982742271998,0.592483925060945,3.895312,0.001486,0.36,8.6832,3169.368
110401,ICA,PALPA,PALPA,SIERRA,8589.0,7599.0,990.0,0.5174149376417232,0.7391641966310333,-14.5338888888889,-75.185,371.0,61.8827997829626,0.6181901975175669,5.117471,0.000759,0.52,4.09396,1494.2954
110402,ICA,PALPA,LLIPATA,SIERRA,1732.0,1259.0,473.0,0.437675332039757,0.6252504743425099,-14.5633333333333,-75.2075,317.0,10.1407240305081,0.5979174613339419,3.664045,0.008642,0.53,0.69536,253.8064
110403,ICA,PALPA,RIO GRANDE,SIERRA,2926.0,1519.0,1407.0,0.437675332039757,0.62525047434251,-14.52,-75.2011111111111,369.0,10.3226419878296,0.5964318742532319,2.825618,0.003646,0.47,0.71299,260.24135
110404,ICA,PALPA,SANTA CRUZ,SIERRA,1039.0,445.0,594.0,0.437675332039757,0.62525047434251,-14.4833333333333,-75.2455555555556,546.0,5.3891278842393397,0.569611687632493,6.609853,0.0,0.4452923055521492,0.1928115683040806,70.37622243098943
110405,ICA,PALPA,TIBILLO,SIERRA,366.0,247.0,119.0,0.437675332039757,0.6252504743425101,-14.0938888888889,-75.1716666666667,2192.0,1.3809291549811,0.548856838876233,8.612403,0.0,0.4452923055521492,0.1064248610269636,38.845074274841735
110501,ICA,PISCO,PISCO,COSTA,76406.0,76307.0,99.0,0.4067106842737094,0.5810152632481562,-13.71,-76.2016666666667,39.0,3037.7850162866498,0.587612825136968,3.123501,0.033308,0.59,48.73459,17788.12535
110502,ICA,PISCO,HUANCANO,SIERRA,1474.0,460.0,1014.0,0.437675332039757,0.6252504743425101,-13.6008333333333,-75.6186111111111,1039.0,2.34991272068409,0.5372675889530069,3.98449,32.68006,0.74,0.30932,112.9018
110503,ICA,PISCO,HUMAY,COSTA,5811.0,3529.0,2282.0,0.8,1.142857142857143,-13.7227777777778,-75.8866666666667,426.0,6.5698677400805101,0.54760646879433,5.87026,0.025738,0.8,2.7544,1005.356
110504,ICA,PISCO,INDEPENDENCIA,COSTA,14357.0,7342.0,7015.0,0.6,0.8571428571428572,-13.6938888888889,-76.0247222222222,235.0,52.375706837041903,0.536858399636385,3.947185,0.011902,0.56,4.043200000000001,1475.7680000000005
110505,ICA,PISCO,PARACAS,COSTA,8472.0,8269.0,203.0,0.4825382612150287,0.6893403731643266,-13.8388888888889,-76.2519444444444,14.0,4.9612676056338003,0.6292184793170689,4.926614,0.003963,0.49,4.808859999999999,1755.2338999999995
110506,ICA,PISCO,SAN ANDRES,COSTA,15742.0,13713.0,2029.0,0.74,1.0571428571428572,-13.7313888888889,-76.2233333333333,16.0,461.34347275031701,0.525712143712986,2.730565,0.000964,0.67,9.4738,3457.9370000000004
110507,ICA,PISCO,SAN CLEMENTE,COSTA,27985.0,27223.0,762.0,0.37,0.5285714285714286,-13.6802777777778,-76.1569444444444,116.0,195.409526803962,0.5723734005661169,4.783545,0.004515,0.37,10.98308,4008.8242
110508,ICA,PISCO,TUPAC AMARU INCA,COSTA,19173.0,19039.0,134.0,0.37,0.5285714285714286,-13.7133333333333,-76.1483333333333,113.0,315.28478731074301,0.569669482058589,3.670807,0.002102,0.55,10.9747,4005.7655
120101,JUNIN,HUANCAYO,HUANCAYO,SIERRA,123748.0,122089.0,1659.0,0.51,0.7285714285714286,-12.0708333333333,-75.2088888888889,3294.0,626.09555882971995,0.608341387537581,6.563487,0.352053,0.51,63.109950000000005,23035.13175
120104,JUNIN,HUANCAYO,CARHUACALLANGA,SIERRA,492.0,492.0,0.0,0.437675332039757,0.62525047434251,-12.355,-75.2005555555556,3774.0,28.955007256894,0.3911599597998319,31.81542,15.37747,0.4452923055521492,0.1919209836929763,70.05115904793635
120105,JUNIN,HUANCAYO,CHACAPAMPA,SIERRA,964.0,483.0,481.0,0.437675332039757,0.62525047434251,-12.345,-75.2475,3413.0,9.6338634857521495,0.270411350173181,31.81542,21.27092,0.37,0.15355,56.045750000000005
120106,JUNIN,HUANCAYO,CHICCHE,SIERRA,725.0,413.0,312.0,0.437675332039757,0.62525047434251,-12.2961111111111,-75.2986111111111,3606.0,24.085365853658502,0.322326738587562,31.81542,10.40545,0.38,0.1273,46.4645
120107,JUNIN,HUANCAYO,CHILCA,SIERRA,98573.0,98509.0,64.0,0.47,0.6714285714285714,-12.0866666666667,-75.2083333333333,3273.0,12801.2048192771,0.5505646674026339,13.03173,0.562531,0.47,48.16089999999999,17578.728499999997
120108,JUNIN,HUANCAYO,CHONGOS ALTO,SIERRA,1540.0,875.0,665.0,0.437675332039757,0.6252504743425101,-12.3116666666667,-75.2891666666667,3573.0,2.2087638047737799,0.4833224245705329,20.04704,11.86435,0.4452923055521492,0.3495544598584371,127.58737784832957
120111,JUNIN,HUANCAYO,CHUPURO,SIERRA,2096.0,810.0,1286.0,0.437675332039757,0.6252504743425099,-12.1555555555556,-75.2455555555556,3197.0,194.69026548672599,0.4292263834681129,31.81542,7.092807,0.4452923055521492,0.3219463369142039,117.5104129736844
120112,JUNIN,HUANCAYO,COLCA,SIERRA,1047.0,636.0,411.0,0.437675332039757,0.62525047434251,-12.3175,-75.2222222222222,3499.0,11.6114790286976,0.4496731277255,38.56399,10.79268,0.22,0.1249599999999999,45.6104
120113,JUNIN,HUANCAYO,CULLHUAS,SIERRA,1351.0,680.0,671.0,0.437675332039757,0.6252504743425099,-12.2205555555556,-75.1669444444445,3549.0,26.256828071474899,0.18546614221047,38.56399,17.02105,0.4452923055521492,0.2551524910813815,93.13065924470423
120114,JUNIN,HUANCAYO,EL TAMBO,SIERRA,173882.0,165618.0,8264.0,0.79,1.1285714285714288,-12.0502777777778,-75.2213888888889,3305.0,2546.6150081566102,0.634962044759109,5.108393,0.161755,0.8,134.788,49197.62
120116,JUNIN,HUANCAYO,HUACRAPUQUIO,SIERRA,1420.0,1344.0,76.0,0.130923862942613,0.1870340899180185,-12.1711111111111,-75.2208333333333,3238.0,67.302904564315398,0.366541697848841,31.81542,8.917745,0.2,0.2606,95.119
120117,JUNIN,HUANCAYO,HUALHUAS,SIERRA,5825.0,5825.0,0.0,0.21,0.3,-11.9713888888889,-75.2508333333333,3267.0,215.79371474617199,0.510310164202821,17.07232,2.037909,0.24,1.4620799999999998,533.6591999999999
120119,JUNIN,HUANCAYO,HUANCAN,SIERRA,28507.0,27018.0,1489.0,0.46,0.6571428571428574,-12.1066666666667,-75.2166666666667,3252.0,1648.5833333333301,0.492868751926114,25.03155,1.320724,0.4,11.9812,4373.138000000001
120120,JUNIN,HUANCAYO,HUASICANCHA,SIERRA,855.0,634.0,221.0,0.437675332039757,0.62525047434251,-12.3322222222222,-75.2819444444445,3755.0,19.659735349716399,0.328706377542551,31.81542,16.12044,0.46,0.2645,96.5425
120121,JUNIN,HUANCAYO,HUAYUCACHI,SIERRA,10705.0,10623.0,82.0,0.33,0.4714285714285715,-12.1386111111111,-75.2236111111111,3251.0,874.94287890327496,0.4869005705010079,26.55351,2.113386,0.33,3.61812,1320.6138
120122,JUNIN,HUANCAYO,INGENIO,SIERRA,2472.0,2186.0,286.0,0.2895065889812717,0.4135808414018168,-11.8905555555556,-75.2663888888889,3486.0,53.218239819853601,0.4451063309167619,20.04704,8.877595,0.42,0.86856,317.0244
120124,JUNIN,HUANCAYO,PARIAHUANCA,SIERRA,5348.0,139.0,5209.0,0.8,1.142857142857143,-11.9802777777778,-74.8966666666667,2591.0,12.362753036437301,0.18479190221547,31.81542,28.84952,0.4452923055521492,0.0485368613051842,17.715954376392258
120125,JUNIN,HUANCAYO,PILCOMAYO,SIERRA,23024.0,23024.0,0.0,0.29,0.4142857142857142,-12.0494444444444,-75.2505555555556,3244.0,1070.5649157581799,0.5708576062141179,17.07232,1.057319,0.29,7.429219999999999,2711.6653
120126,JUNIN,HUANCAYO,PUCARA,SIERRA,4937.0,2758.0,2179.0,0.2,0.2857142857142857,-12.1725,-75.1455555555555,3374.0,58.059552900714998,0.402010048857641,26.55351,11.11608,0.2,0.4882,178.193
120127,JUNIN,HUANCAYO,QUICHUAY,SIERRA,1937.0,1138.0,799.0,0.437675332039757,0.62525047434251,-11.8897222222222,-75.2861111111111,3430.0,62.201782121299203,0.4730279799865589,20.04704,6.665678,0.4452923055521492,0.4639945823853394,169.3580225706489
120128,JUNIN,HUANCAYO,QUILCAS,SIERRA,4060.0,3020.0,1040.0,0.2,0.2857142857142857,-11.9380555555556,-75.2597222222222,3323.0,30.6345993570663,0.4627216671321979,25.97536,7.219168,0.36,1.05408,384.7392
120129,JUNIN,HUANCAYO,SAN AGUSTIN,SIERRA,17885.0,16672.0,1213.0,0.36,0.5142857142857143,-11.9897222222222,-75.2441666666667,3297.0,691.03508012126497,0.54889411639587,25.97536,0.954149,0.44,8.1202,2963.873
120130,JUNIN,HUANCAYO,SAN JERONIMO DE TUNAN,SIERRA,12772.0,12772.0,0.0,0.4,0.5714285714285715,-11.9491666666667,-75.2822222222222,3301.0,632.92043830395403,0.5461790591051489,22.34907,2.17515,0.46,6.141,2241.465
120132,JUNIN,HUANCAYO,SAÑO,SIERRA,6171.0,6144.0,27.0,0.22,0.3142857142857143,-11.9588888888889,-75.2586111111111,3297.0,504.314063848145,0.47595756288216,22.34907,2.180675,0.23,1.51547,553.14655
120133,JUNIN,HUANCAYO,SAPALLANGA,SIERRA,24193.0,21822.0,2371.0,0.42,0.6,-12.1413888888889,-75.1580555555555,3330.0,185.44782389514401,0.4759974563830889,24.349749,3.976679,0.42,10.020359999999998,3657.4314
120134,JUNIN,HUANCAYO,SICAYA,SIERRA,20503.0,19945.0,558.0,0.2,0.2857142857142857,-12.0147222222222,-75.28,3305.0,263.84273344254598,0.528563633607116,22.34907,2.785744,0.2,4.7642,1738.933
120135,JUNIN,HUANCAYO,SANTO DOMINGO DE ACOBAMBA,SIERRA,6547.0,359.0,6188.0,0.437675332039757,0.62525047434251,-11.7688888888889,-74.7952777777778,2221.0,9.0858846816277197,0.384106141471978,38.56399,18.3412,0.4452923055521492,0.1286894763045711,46.971658851168456
120136,JUNIN,HUANCAYO,VIQUES,SIERRA,2885.0,2824.0,61.0,0.2562812724245816,0.3661161034636881,-12.1597222222222,-75.2319444444445,3200.0,784.87394957983201,0.4322371864064519,36.59578,1.718674,0.48,1.4116799999999998,515.2632
120201,JUNIN,CONCEPCION,CONCEPCION,SIERRA,16631.0,15026.0,1605.0,0.3581110700602077,0.5115872429431538,-11.9188888888889,-75.3125,3303.0,969.38217605248803,0.559003713454002,18.66913,1.452429,0.39,5.916690000000001,2159.59185
120202,JUNIN,CONCEPCION,ACO,SIERRA,1669.0,1471.0,198.0,0.34,0.4857142857142858,-11.9580555555556,-75.3683333333333,3474.0,49.867724867724903,0.377311303575011,20.04204,11.48397,0.34,0.4641,169.3965
120203,JUNIN,CONCEPCION,ANDAMARCA,SIERRA,3514.0,394.0,3120.0,0.437675332039757,0.62525047434251,-11.7283333333333,-74.8016666666667,2508.0,8.4875521657792508,0.263475468024275,46.875418,25.12614,0.4452923055521492,0.1300253532212275,47.45925392574807
120204,JUNIN,CONCEPCION,CHAMBARA,SIERRA,2706.0,817.0,1889.0,0.437675332039757,0.6252504743425099,-12.0272222222222,-75.3752777777778,3521.0,27.126578924123301,0.331442817521097,30.89625,11.90761,0.4452923055521492,0.3063611062198786,111.82180377025573
120205,JUNIN,CONCEPCION,COCHAS,SIERRA,1995.0,371.0,1624.0,0.437675332039757,0.6252504743425099,-11.66,-75.1022222222222,3231.0,13.723114207815801,0.3943224612709029,47.450685,18.98273,0.34,0.10404,37.9746
120206,JUNIN,CONCEPCION,COMAS,SIERRA,5547.0,930.0,4617.0,0.437675332039757,0.6252504743425099,-11.7177777777778,-75.0816666666667,3303.0,9.1046783554871595,0.374191048427901,30.89625,18.33298,0.4452923055521492,0.3188292907753388,116.37269113299868
120207,JUNIN,CONCEPCION,HEROINAS TOLEDO,SIERRA,983.0,125.0,858.0,0.437675332039757,0.62525047434251,-11.8355555555556,-75.2908333333333,3764.0,55.516840882694503,0.30584035861223,30.89625,13.37785,0.4452923055521492,0.0423027690274541,15.440510695020771
120208,JUNIN,CONCEPCION,MANZANARES,SIERRA,1537.0,1429.0,108.0,0.27,0.3857142857142858,-12.0161111111111,-75.3458333333333,3381.0,84.839650145772595,0.466590537335386,22.96238,2.149679,0.27,0.37584,137.1816
120209,JUNIN,CONCEPCION,MARISCAL CASTILLA,SIERRA,1472.0,359.0,1113.0,0.437675332039757,0.62525047434251,-11.6191666666667,-75.09,2513.0,2.7747902774790298,0.15313161098589,22.96238,17.51821,0.4452923055521492,0.1362594454989576,49.73469760711954
120210,JUNIN,CONCEPCION,MATAHUASI,SIERRA,6236.0,4599.0,1637.0,0.57,0.8142857142857143,-11.8938888888889,-75.3441666666667,3302.0,228.98140662894099,0.515010350070746,23.266353,1.222603,0.57,2.57982,941.6343
120211,JUNIN,CONCEPCION,MITO,SIERRA,1462.0,964.0,498.0,0.29,0.4142857142857143,-11.9372222222222,-75.3391666666667,3296.0,59.063863546211799,0.509432446919266,20.04204,1.909667,0.24,0.2135999999999999,77.964
120212,JUNIN,CONCEPCION,NUEVE DE JULIO,SIERRA,2488.0,2167.0,321.0,0.4,0.5714285714285715,-11.8977777777778,-75.3180555555555,3339.0,283.24175824175802,0.50647468582331,18.66913,1.457254,0.27,0.61398,224.1027
120213,JUNIN,CONCEPCION,ORCOTUNA,SIERRA,5142.0,4450.0,692.0,0.32,0.4571428571428571,-11.9672222222222,-75.3075,3271.0,114.077561084959,0.440692646396014,38.255127,3.667645,0.32,1.4553600000000002,531.2064
120214,JUNIN,CONCEPCION,SAN JOSE DE QUERO,SIERRA,5774.0,2448.0,3326.0,0.437675332039757,0.6252504743425101,-12.0855555555556,-75.5363888888889,3913.0,21.534307496823399,0.241515089189607,33.713954,9.204384,0.45,0.94635,345.41775
120215,JUNIN,CONCEPCION,SANTA ROSA DE OCOPA,SIERRA,2100.0,1906.0,194.0,0.26967648,0.3852521142857144,-11.8772222222222,-75.295,3396.0,163.26383896477401,0.516635524454083,13.418097,2.450946,0.22,0.4059,148.15349999999998
120301,JUNIN,CHANCHAMAYO,CHANCHAMAYO,SELVA,28984.0,25652.0,3332.0,0.5518046096005277,0.7882922994293253,-11.0566666666667,-75.3275,804.0,37.728874005131999,0.587430624814192,15.38681,1.517997,0.55,14.2428,5198.622
120302,JUNIN,CHANCHAMAYO,PERENE,SELVA,59984.0,36494.0,23490.0,0.79,1.1285714285714288,-10.9475,-75.2247222222222,666.0,49.147049934517597,0.4295860411633359,31.267017,5.592543,0.63,22.60251,8249.91615
120303,JUNIN,CHANCHAMAYO,PICHANAQUI,SELVA,43511.0,24729.0,18782.0,0.47,0.6714285714285715,-10.9263888888889,-74.8727777777777,531.0,36.0071896778677,0.4504704361939799,30.580174,3.85774,0.5,11.447,4178.155
120304,JUNIN,CHANCHAMAYO,SAN LUIS DE SHUARO,SELVA,4151.0,1807.0,2344.0,0.5413538747534213,0.7733626782191734,-10.8883333333333,-75.2872222222222,739.0,31.794437385288699,0.430932344551445,21.48942,2.624644,0.34,0.50966,186.0259
120305,JUNIN,CHANCHAMAYO,SAN RAMON,SELVA,29194.0,23660.0,5534.0,0.54,0.7714285714285716,-11.1205555555556,-75.3530555555555,865.0,48.532120945797502,0.5524312122883909,15.38681,2.713436,0.8,19.0816,6964.784000000001
120306,JUNIN,CHANCHAMAYO,VITOC,SELVA,1774.0,470.0,1304.0,0.26,0.3714285714285714,-11.2102777777778,-75.3347222222222,962.0,8.4817588019754595,0.550828422978974,13.756187,6.435944,0.27,0.10935,39.91275
120401,JUNIN,JAUJA,JAUJA,SIERRA,19710.0,19576.0,134.0,0.54,0.7714285714285714,-11.7755555555556,-75.5005555555556,3425.0,1772.5742574257399,0.579334524483145,13.768551,1.024238,0.54,10.90314,3979.6461
120402,JUNIN,JAUJA,ACOLLA,SIERRA,6267.0,4493.0,1774.0,0.5,0.7142857142857144,-11.7311111111111,-75.5466666666667,3493.0,63.464052287581701,0.484660958184821,34.997418,5.696154,0.5,1.984,724.16
120403,JUNIN,JAUJA,APATA,SIERRA,4625.0,1750.0,2875.0,0.283,0.4042857142857143,-11.8552777777778,-75.3544444444444,3359.0,12.890754708030901,0.4619353546265779,32.56425,8.963309,0.28,0.44044,160.7606
120404,JUNIN,JAUJA,ATAURA,SIERRA,1376.0,1074.0,302.0,0.584017589590353,0.834310842271933,-11.8027777777778,-75.4388888888889,3364.0,253.389830508475,0.55587010899333,21.93331,2.064729,0.59,0.6254,228.271
120405,JUNIN,JAUJA,CANCHAYLLO,SIERRA,1703.0,1423.0,280.0,0.437675332039757,0.62525047434251,-11.8022222222222,-75.7180555555556,3632.0,1.8046763586371,0.425123222534444,32.56425,6.672279,0.4452923055521492,0.6064881201620272,221.36816385913997
120406,JUNIN,JAUJA,CURICACA,SIERRA,1479.0,440.0,1039.0,0.437675332039757,0.62525047434251,-11.7852777777778,-75.675,3546.0,24.103277674706199,0.4545643050211289,21.93331,6.876509,0.4452923055521492,0.1696563684153688,61.92457447160963
120407,JUNIN,JAUJA,EL MANTARO,SIERRA,2739.0,2581.0,158.0,0.27,0.3857142857142857,-11.8222222222222,-75.3919444444445,3336.0,162.556306306306,0.540670623001362,24.70769,2.75974,0.23,0.5933999999999999,216.591
120408,JUNIN,JAUJA,HUAMALI,SIERRA,1685.0,1303.0,382.0,0.2909206346441018,0.4156009066344312,-11.8072222222222,-75.4241666666667,3366.0,94.551758296186193,0.49266694769621,18.58019,5.941114,0.37,0.44474,162.33010000000002
120409,JUNIN,JAUJA,HUARIPAMPA,SIERRA,1089.0,1059.0,30.0,0.4203505822563048,0.6005008317947212,-11.8077777777778,-75.4711111111111,3378.0,80.126849894291695,0.544037248985454,12.41071,1.7029,0.45,0.48195,175.91174999999998
120410,JUNIN,JAUJA,HUERTAS,SIERRA,2205.0,1594.0,611.0,0.4639281579298385,0.6627545113283408,-11.76,-75.4697222222222,3404.0,205.92216582064299,0.463146259727225,18.58019,2.419231,0.43,0.68241,249.07965
120411,JUNIN,JAUJA,JANJAILLO,SIERRA,572.0,189.0,383.0,0.38,0.5428571428571429,-11.7644444444444,-75.6102777777778,3830.0,26.892619575546401,0.2473720078845579,38.62253,19.62403,0.4452923055521492,0.071692061193896,26.16760233577205
120412,JUNIN,JAUJA,JULCAN,SIERRA,768.0,768.0,0.0,0.5875672486772487,0.839381783824641,-11.7591666666667,-75.4352777777778,3473.0,45.076674737691697,0.516800069330265,18.58019,10.45125,0.59,0.43601,159.14365
120413,JUNIN,JAUJA,LEONOR ORDOÑEZ,SIERRA,1623.0,1366.0,257.0,0.2524617959549411,0.3606597085070587,-11.8594444444444,-75.4175,3319.0,84.660766961651902,0.513319853784435,12.41071,3.728483,0.5,0.6585,240.3525
120414,JUNIN,JAUJA,LLOCLLAPAMPA,SIERRA,1194.0,829.0,365.0,0.5433774281934995,0.7762534688478566,-11.8175,-75.6238888888889,3526.0,13.517179023508101,0.476507500008771,12.41071,4.848885,0.5,0.382,139.43
120415,JUNIN,JAUJA,MARCO,SIERRA,1491.0,1110.0,381.0,0.4810724914965986,0.6872464164237125,-11.7405555555556,-75.5611111111111,3480.0,63.9930555555556,0.4133354907944,34.60402,9.790545,0.49,0.4797099999999999,175.09414999999998
120416,JUNIN,JAUJA,MASMA,SIERRA,1810.0,683.0,1127.0,0.34,0.4857142857142858,-11.7852777777778,-75.4261111111111,3505.0,157.78401122019599,0.393392708999593,34.60402,10.32772,0.46,0.27278,99.5647
120417,JUNIN,JAUJA,MASMA CHICCHE,SIERRA,756.0,240.0,516.0,0.437675332039757,0.6252504743425101,-11.7861111111111,-75.3816666666667,3671.0,31.949095780308099,0.416737879066549,40.86393,21.21206,0.33,0.06864,25.053600000000003
120418,JUNIN,JAUJA,MOLINOS,SIERRA,1633.0,1234.0,399.0,0.3777087301587301,0.5395839002267574,-11.7377777777778,-75.4461111111111,3459.0,6.4740365826312596,0.3573528874214549,29.09101,11.99609,0.38,0.437,159.505
120419,JUNIN,JAUJA,MONOBAMBA,SELVA,1869.0,450.0,1419.0,0.5413538747534213,0.7733626782191735,-11.3605555555556,-75.3266666666667,1495.0,5.4592164418753999,0.4187377168862019,29.09101,4.462065,0.3,0.132,48.18
120420,JUNIN,JAUJA,MUQUI,SIERRA,1059.0,1055.0,4.0,0.4404909185773074,0.6292727408247248,-11.8333333333333,-75.435,3358.0,92.419080068143103,0.510372436950787,22.73657,4.928054,0.45,0.4689,171.1485
120421,JUNIN,JAUJA,MUQUIYAUYO,SIERRA,2387.0,2360.0,27.0,0.38,0.5428571428571428,-11.8138888888889,-75.4538888888889,3373.0,127.341389728097,0.542296543480967,24.17415,2.215416,0.38,0.8835,322.4775
120422,JUNIN,JAUJA,PACA,SIERRA,903.0,595.0,308.0,0.46,0.6571428571428571,-11.7091666666667,-75.5183333333333,3402.0,33.606078316773797,0.444031568815246,29.09101,13.25559,0.59,0.3050299999999999,111.33594999999998
120423,JUNIN,JAUJA,PACCHA,SIERRA,1460.0,447.0,1013.0,0.437675332039757,0.6252504743425099,-11.8536111111111,-75.5063888888889,3679.0,22.958397534668698,0.453776196086817,24.70769,11.67737,0.21,0.0777,28.3605
120424,JUNIN,JAUJA,PANCAN,SIERRA,1278.0,668.0,610.0,0.437675332039757,0.62525047434251,-11.7488888888889,-75.4861111111111,3398.0,156.56565656565701,0.514194295594642,29.09101,3.790554,0.2,0.1214,44.311
120425,JUNIN,JAUJA,PARCO,SIERRA,1180.0,924.0,256.0,0.26,0.3714285714285714,-11.8011111111111,-75.5427777777778,3437.0,48.598415600243797,0.4766174142212529,22.73657,9.540467,0.59,0.49265,179.81725
120426,JUNIN,JAUJA,POMACANCHA,SIERRA,1434.0,492.0,942.0,0.437675332039757,0.62525047434251,-11.7391666666667,-75.6233333333333,3824.0,6.6616952522992801,0.333089637512875,40.86393,16.46955,0.4452923055521492,0.1798980914430683,65.66280337671992
120427,JUNIN,JAUJA,RICRAN,SIERRA,1282.0,688.0,594.0,0.437675332039757,0.6252504743425099,-11.5394444444444,-75.5272222222222,3645.0,5.1508048132520701,0.358272193968242,40.86393,18.14765,0.4452923055521492,0.2582695372202465,94.26838108539
120428,JUNIN,JAUJA,SAN LORENZO,SIERRA,2768.0,2339.0,429.0,0.1675377951180472,0.239339707311496,-11.8463888888889,-75.3816666666667,3337.0,117.29119638826199,0.507016184289594,16.692441,2.533658,0.3,0.7158,261.267
120429,JUNIN,JAUJA,SAN PEDRO DE CHUNAN,SIERRA,697.0,694.0,3.0,0.5875672486772487,0.8393817838246411,-11.7255555555556,-75.4863888888889,3417.0,93.483412322274901,0.423442233249878,29.09101,6.79099,0.58,0.3642399999999999,132.9476
120430,JUNIN,JAUJA,SAUSA,SIERRA,3321.0,3321.0,0.0,0.55,0.785714285714286,-11.7936111111111,-75.4847222222222,3387.0,675.77777777777806,0.54432154821404,24.70769,1.919117,0.55,1.8854,688.171
120431,JUNIN,JAUJA,SINCOS,SIERRA,4247.0,2267.0,1980.0,0.16,0.2285714285714286,-11.8913888888889,-75.3869444444445,3280.0,18.0662329982259,0.382941842730191,18.58019,10.87798,0.47,0.98042,357.8533
120432,JUNIN,JAUJA,TUNAN MARCA,SIERRA,1029.0,892.0,137.0,0.3671788888888889,0.5245412698412698,-11.7297222222222,-75.5705555555556,3492.0,42.800133022946497,0.477757278641643,29.09101,10.9806,0.41,0.32759,119.57035
120433,JUNIN,JAUJA,YAULI,SIERRA,1095.0,915.0,180.0,0.4360572204320327,0.6229388863314754,-11.715,-75.4719444444444,3439.0,15.856146001073499,0.467765246934468,38.62253,6.430484,0.46,0.36754,134.15210000000002
120434,JUNIN,JAUJA,YAUYOS,SIERRA,10017.0,9609.0,408.0,0.59,0.8428571428571427,-11.7808333333333,-75.4997222222222,3420.0,451.41187925998003,0.5558879901194999,24.17415,2.582791,0.58,5.58946,2040.1529
120501,JUNIN,JUNIN,JUNIN,SIERRA,11346.0,10472.0,874.0,0.28,0.4,-11.1613888888889,-75.9983333333333,4127.0,13.387644263407999,0.488132082294227,22.178845,5.478269,0.3,2.9565,1079.1225
120502,JUNIN,JUNIN,CARHUAMAYO,SIERRA,6699.0,6372.0,327.0,0.296089792797853,0.4229854182826473,-10.9227777777778,-76.0577777777778,4154.0,27.367079388200999,0.451502122786866,41.252469,7.045571,0.25,1.452,529.98
120503,JUNIN,JUNIN,ONDORES,SIERRA,1153.0,499.0,654.0,0.29,0.4142857142857143,-11.0836111111111,-76.1466666666667,4108.0,7.3135266839581901,0.496938012509271,30.489644,9.787006,0.29,0.1168699999999999,42.65754999999999
120504,JUNIN,JUNIN,ULCUMAYO,SIERRA,4106.0,877.0,3229.0,0.33,0.4714285714285715,-10.9675,-75.8780555555555,3636.0,4.9089315281971402,0.225391409384952,51.766199,27.05914,0.33,0.22737,82.99005000000001
120601,JUNIN,SATIPO,SATIPO,SELVA,42214.0,29403.0,12811.0,0.55,0.785714285714286,-11.2538888888889,-74.6361111111111,676.0,60.182781891205202,0.50555351476702,21.841047,2.008074,0.73,21.58318,7877.860699999999
120602,JUNIN,SATIPO,COVIRIALI,SELVA,6476.0,347.0,6129.0,0.39,0.5571428571428572,-11.2913888888889,-74.6275,708.0,33.673258457934303,0.386862029427604,37.709363,4.73807,0.39,0.13104,47.8296
120603,JUNIN,SATIPO,LLAYLLA,SELVA,7340.0,1712.0,5628.0,0.46,0.6571428571428571,-11.3811111111111,-74.5902777777778,1122.0,25.167692222406998,0.3913088938772479,28.28469,5.563149,0.41,0.71012,259.1938
120604,JUNIN,SATIPO,MAZAMARI,SELVA,42212.0,18466.0,23746.0,0.45,0.6428571428571429,-11.325,-74.5302777777778,694.0,12.1430148267955,0.428501206195657,35.190937,3.646218,0.49,9.18897,3353.97405
120605,JUNIN,SATIPO,PAMPA HERMOSA,SELVA,3825.0,377.0,3448.0,0.4,0.5714285714285715,-11.4041666666667,-74.7516666666667,1231.0,8.5970854945132498,0.3119275858815729,48.846161,5.306201,0.5188473382439173,0.1598049801791265,58.32881776538117
120606,JUNIN,SATIPO,PANGOA,SELVA,63895.0,25812.0,38083.0,0.44,0.6285714285714287,-11.4283333333333,-74.4888888888889,816.0,16.5018753057564,0.357081733218005,38.234087,3.646218,0.57,14.895239999999998,5436.762599999999
120607,JUNIN,SATIPO,RIO NEGRO,SELVA,33745.0,5447.0,28298.0,0.39,0.5571428571428572,-11.2088888888889,-74.6594444444444,665.0,35.167417270413203,0.38964491994268,33.684533,6.040971,0.39,2.1021,767.2665000000001
120608,JUNIN,SATIPO,RIO TAMBO,SELVA,30204.0,2132.0,28072.0,0.456,0.6514285714285715,-11.1475,-74.3063888888889,358.0,3.1713349887438498,0.2804513500659179,51.784869,9.170981,0.63,1.83771,670.76415
120609,JUNIN,SATIPO,VIZCATAN DEL ENE,SELVA,5406.0,583.0,4823.0,0.45,0.6428571428571429,-12.1861111111111,-74.0272222222222,539.0,5.5163891573327399,0.398198750656028,28.28469,3.646218,0.5188473382439173,0.3341376858290827,121.9602553276152
120701,JUNIN,TARMA,TARMA,SIERRA,50739.0,45348.0,5391.0,0.54,0.7714285714285716,-11.42,-75.6880555555555,3094.0,119.147733449288,0.549326034763295,14.537614,2.098288,0.69,30.35034,11077.8741
120702,JUNIN,TARMA,ACOBAMBA,SIERRA,9683.0,5989.0,3694.0,0.357,0.5099999999999999,-11.3533333333333,-75.6591666666667,2961.0,107.910874897792,0.419982242220359,33.48464,7.855143,0.36,1.872,683.2800000000001
120703,JUNIN,TARMA,HUARICOLCA,SIERRA,1891.0,1287.0,604.0,0.437675332039757,0.62525047434251,-11.5119444444444,-75.6527777777778,3783.0,14.798841722629501,0.39581198615661,45.41516,16.17031,0.4452923055521492,0.4822515669129776,176.0218219232368
120704,JUNIN,TARMA,HUASAHUASI,SIERRA,10157.0,4508.0,5649.0,0.45,0.6428571428571428,-11.265,-75.6502777777778,2768.0,16.899486314498201,0.4094314403899759,33.48464,11.09983,0.49,1.8375,670.6875
120705,JUNIN,TARMA,LA UNION,SIERRA,3675.0,2992.0,683.0,0.29,0.4142857142857143,-11.3772222222222,-75.7519444444444,3556.0,25.113960113960101,0.513565775616436,26.84906,3.585145,0.37,1.05635,385.56775
120706,JUNIN,TARMA,PALCA,SIERRA,5953.0,3216.0,2737.0,0.437675332039757,0.62525047434251,-11.3461111111111,-75.5686111111111,2759.0,19.009204401184899,0.378531051607917,23.744444,8.033187,0.48,1.4236799999999998,519.6432
120707,JUNIN,TARMA,PALCAMAYO,SIERRA,3253.0,1806.0,1447.0,0.34,0.4857142857142858,-11.2958333333333,-75.7727777777777,3351.0,25.9158591349563,0.38738307839073,24.586479,8.611915,0.36,0.5324399999999999,194.3406
120708,JUNIN,TARMA,SAN PEDRO DE CAJAS,SIERRA,3473.0,2806.0,667.0,0.31,0.4428571428571429,-11.2491666666667,-75.8627777777777,4027.0,7.7925220077794899,0.3806721892335709,26.84906,14.2312,0.29,0.70238,256.3687
120709,JUNIN,TARMA,TAPO,SIERRA,4583.0,824.0,3759.0,0.43,0.6142857142857143,-11.3902777777778,-75.5638888888889,3146.0,30.794047932578302,0.2783009324476299,45.41516,24.47753,0.4452923055521492,0.310368736969848,113.28458899399452
120801,JUNIN,YAULI,LA OROYA,SIERRA,14067.0,13909.0,158.0,0.5578067113576823,0.7968667305109749,-11.5219444444444,-75.9077777777778,3757.0,46.1124555893105,0.621171121778423,12.5755,0.909194,0.54,6.9093,2521.8945
120802,JUNIN,YAULI,CHACAPALPA,SIERRA,683.0,253.0,430.0,0.437675332039757,0.62525047434251,-11.7327777777778,-75.7555555555555,3775.0,5.1786299573910197,0.414222043407568,24.41379,6.867682,0.4452923055521492,0.1001907687492335,36.56963059347025
120803,JUNIN,YAULI,HUAY-HUAY,SIERRA,2134.0,2008.0,126.0,0.41,0.5857142857142857,-11.7225,-75.905,3995.0,7.7636990107813704,0.632548650412604,13.6195,0.428511,0.41,0.8634599999999999,315.1629
120804,JUNIN,YAULI,MARCAPOMACOCHA,SIERRA,816.0,547.0,269.0,0.437675332039757,0.62525047434251,-11.4066666666667,-76.3361111111111,4451.0,1.1366705681102001,0.530257034095146,20.47686,2.134338,0.46,0.2208,80.59200000000001
120805,JUNIN,YAULI,MOROCOCHA,SIERRA,5280.0,4716.0,564.0,0.3702141489399993,0.5288773556285705,-11.5872222222222,-76.0633333333333,4268.0,18.240674521022299,0.727764014102057,14.238628,5.814882,0.51,2.37405,866.52825
120806,JUNIN,YAULI,PACCHA,SIERRA,1665.0,1233.0,432.0,0.3255951105442177,0.4651358722060253,-11.4730555555556,-75.9605555555556,3786.0,5.5979486545769097,0.602009886464544,13.6195,1.312099,0.33,0.3861,140.9265
120807,JUNIN,YAULI,SANTA BARBARA DE CARHUACAYAN,SIERRA,1057.0,596.0,461.0,0.437675332039757,0.6252504743425099,-11.2038888888889,-76.2855555555555,4145.0,1.2858004920391799,0.575103778441689,20.47686,6.870958,0.48,0.23856,87.0744
120808,JUNIN,YAULI,SANTA ROSA DE SACCO,SIERRA,8824.0,8803.0,21.0,0.69,0.985714285714286,-11.5491666666667,-75.9402777777778,3831.0,87.090711247403306,0.6321460491366399,12.5755,0.990597,0.4,3.2744,1195.156
120809,JUNIN,YAULI,SUITUCANCHA,SIERRA,725.0,437.0,288.0,0.437675332039757,0.6252504743425099,-11.7875,-75.9363888888889,4286.0,5.0769159698803499,0.3611810526313989,24.41379,4.211414,0.4452923055521492,0.1785622145264118,65.17520830214032
120810,JUNIN,YAULI,YAULI,SIERRA,5512.0,4486.0,1026.0,0.302,0.4314285714285714,-11.6658333333333,-76.0858333333333,4137.0,8.7702753677857395,0.7045048858113409,4.271369,0.444194,0.47,2.02664,739.7236
120901,JUNIN,CHUPACA,CHUPACA,SIERRA,21574.0,15400.0,6174.0,0.435674844,0.6223926342857142,-12.0577777777778,-75.2894444444444,3286.0,1397.83410138249,0.5484926229087,14.533798,1.877533,0.5,7.416,2706.84
120902,JUNIN,CHUPACA,AHUAC,SIERRA,6754.0,3669.0,3085.0,0.26,0.3714285714285714,-12.0858333333333,-75.3211111111111,3341.0,113.898353208404,0.473664511860523,19.95557,6.347371,0.41,1.41614,516.8910999999999
120903,JUNIN,CHUPACA,CHONGOS BAJO,SIERRA,4761.0,3898.0,863.0,0.33,0.4714285714285715,-12.1338888888889,-75.2680555555555,3288.0,52.342743932639898,0.4658171490317289,25.5341,4.534775,0.36,1.39572,509.4378
120904,JUNIN,CHUPACA,HUACHAC,SIERRA,3093.0,1858.0,1235.0,0.437675332039757,0.62525047434251,-12.0205555555556,-75.3411111111111,3378.0,152.24897773739201,0.538633246950683,24.67012,3.521745,0.42,0.7098,259.077
120905,JUNIN,CHUPACA,HUAMANCACA CHICO,SIERRA,10259.0,8599.0,1660.0,0.32,0.4571428571428571,-12.0808333333333,-75.2422222222222,3203.0,721.91489361702099,0.554449372084271,25.5341,1.407322,0.4452923055521492,4.356739917522228,1590.2100698956133
120906,JUNIN,CHUPACA,SAN JUAN DE ISCOS,SIERRA,2325.0,1126.0,1199.0,0.2,0.2857142857142857,-12.0983333333333,-75.2927777777778,3280.0,120.364372469636,0.5223267978415669,28.86316,8.035657,0.26,0.2756,100.594
120907,JUNIN,CHUPACA,SAN JUAN DE JARPA,SIERRA,2680.0,1049.0,1631.0,0.437675332039757,0.6252504743425101,-12.1263888888889,-75.4355555555556,3692.0,27.207706904101599,0.28716578617796,24.67012,15.73012,0.4452923055521492,0.4012083673024865,146.44105406540757
120908,JUNIN,CHUPACA,TRES DE DICIEMBRE,SIERRA,3007.0,3007.0,0.0,0.3338606088004823,0.4769437268578318,-12.1097222222222,-75.2458333333333,3193.0,206.68485675306999,0.503351715236769,18.76017,2.019314,0.38,1.2635,461.1775
120909,JUNIN,CHUPACA,YANACANCHA,SIERRA,2708.0,518.0,2190.0,0.437675332039757,0.6252504743425099,-12.2011111111111,-75.3866666666667,3854.0,4.6690879741727196,0.3623462245381809,28.86316,9.39125,0.4452923055521492,0.1968191990540499,71.83900765472823
130101,LA LIBERTAD,TRUJILLO,TRUJILLO,COSTA,340582.0,340415.0,167.0,0.56,0.8000000000000002,-8.1,-79.0305555555556,74.0,10084.451219512201,0.715115519183945,4.989521,0.072698,0.56,196.3948,71684.102
130102,LA LIBERTAD,TRUJILLO,EL PORVENIR,COSTA,220624.0,220624.0,0.0,0.41,0.5857142857142857,-8.08805555555555,-78.9977777777778,92.0,4854.5504087193503,0.5628682280502049,24.209033,1.934568,0.41,99.30282,36245.5293
130103,LA LIBERTAD,TRUJILLO,FLORENCIA DE MORA,COSTA,38475.0,38475.0,0.0,0.45,0.6428571428571428,-8.08277777777778,-79.0233333333333,92.0,35670.351758794,0.56600370742685,20.917457,1.229019,0.52,19.697080000000003,7189.4342000000015
130104,LA LIBERTAD,TRUJILLO,HUANCHACO,COSTA,82792.0,81982.0,810.0,0.58,0.8285714285714286,-8.08,-79.1216666666667,19.0,218.80532305654199,0.5830067711568359,18.93615,1.150997,0.58,53.78804,19632.6346
130105,LA LIBERTAD,TRUJILLO,LA ESPERANZA,COSTA,217756.0,217756.0,0.0,0.59,0.8428571428571427,-8.05611111111111,-79.0516666666667,137.0,12278.456591639901,0.596157415461107,19.245626,1.182252,0.59,138.56385999999998,50575.80889999999
130106,LA LIBERTAD,TRUJILLO,LAREDO,COSTA,42144.0,30847.0,11297.0,0.56,0.8000000000000003,-8.08972222222222,-78.9602777777778,107.0,123.72406391605099,0.592957948472834,17.123664,1.917213,0.59,18.15017,6624.81205
130107,LA LIBERTAD,TRUJILLO,MOCHE,COSTA,41610.0,35766.0,5844.0,0.52,0.7428571428571429,-8.17138888888889,-79.0091666666667,25.0,1726.81188118812,0.618325375347301,13.2825,1.783718,0.54,20.1258,7345.917
130108,LA LIBERTAD,TRUJILLO,POROTO,COSTA,3900.0,1222.0,2678.0,0.4586851731599267,0.6552645330856096,-8.01138888888889,-78.7677777777778,659.0,16.702293395166802,0.447986343798282,32.142499,11.06123,0.4881283256607997,0.529131105016307,193.1328533309521
130109,LA LIBERTAD,TRUJILLO,SALAVERRY,COSTA,21866.0,21817.0,49.0,0.61,0.8714285714285713,-8.22444444444444,-78.9761111111111,10.0,65.8679194267946,0.570487231348571,18.70471,4.122085,0.61,14.61743,5335.36195
130110,LA LIBERTAD,TRUJILLO,SIMBAL,COSTA,4482.0,910.0,3572.0,0.499650387386001,0.7137862676942873,-7.97666666666667,-78.8133333333333,604.0,13.465625400076799,0.4511366358384429,31.842062,15.65202,0.4881283256607997,0.3870857622490142,141.28630322089018
130111,LA LIBERTAD,TRUJILLO,VICTOR LARCO HERRERA,COSTA,76283.0,76283.0,0.0,0.61,0.8714285714285713,-8.13638888888889,-79.0433333333333,24.0,4348.7236403995603,0.753164112460434,6.118822,0.07486,0.67,54.60098,19929.3577
130201,LA LIBERTAD,ASCOPE,ASCOPE,COSTA,6865.0,6329.0,536.0,0.52,0.7428571428571429,-7.71361111111111,-79.1072222222222,242.0,30.122682472947801,0.54999180907094,25.837439,3.655248,0.51,3.19515,1166.22975
130202,LA LIBERTAD,ASCOPE,CHICAMA,COSTA,15979.0,14618.0,1361.0,0.41,0.5857142857142857,-7.8425,-79.1441666666667,150.0,19.885593512371099,0.572156758768811,24.114123,2.811876,0.43,6.29219,2296.64935
130203,LA LIBERTAD,ASCOPE,CHOCOPE,COSTA,9831.0,7549.0,2282.0,0.52,0.7428571428571428,-7.79138888888889,-79.2230555555555,118.0,131.63062780737499,0.613755240273678,15.119381,0.871244,0.52,3.79652,1385.7298
130204,LA LIBERTAD,ASCOPE,MAGDALENA DE CAO,COSTA,2685.0,2202.0,483.0,0.4586851731599267,0.6552645330856097,-7.87638888888889,-79.2958333333333,42.0,18.250414085025501,0.573503713314508,18.400792,0.850467,0.8,1.6984,619.916
130205,LA LIBERTAD,ASCOPE,PAIJAN,COSTA,28396.0,26675.0,1721.0,0.56,0.8000000000000002,-7.73472222222222,-79.3033333333333,97.0,356.50646254235198,0.5345074857798319,32.141216,2.839668,0.56,15.5512,5676.188
130206,LA LIBERTAD,ASCOPE,RAZURI,COSTA,9322.0,6243.0,3079.0,0.58,0.8285714285714285,-7.70222222222222,-79.4377777777778,14.0,26.3725181216514,0.560516444586666,25.987669,2.007851,0.58,3.55888,1298.9912
130207,LA LIBERTAD,ASCOPE,SANTIAGO DE CAO,COSTA,19950.0,19355.0,595.0,0.42,0.6,-7.95777777777778,-79.2436111111111,32.0,134.519572953737,0.617580772129479,23.065831,1.214972,0.42,8.16438,2979.9987
130208,LA LIBERTAD,ASCOPE,CASA GRANDE,COSTA,29803.0,28104.0,1699.0,0.59,0.842857142857143,-7.74527777777778,-79.1880555555555,162.0,44.5404304828389,0.61885108482907,12.468796,1.028737,0.59,16.531209999999998,6033.89165
130301,LA LIBERTAD,BOLIVAR,BOLIVAR,SIERRA,5006.0,1679.0,3327.0,0.437675332039757,0.62525047434251,-7.15388888888889,-77.7022222222222,3157.0,6.6096843014934201,0.3285814054222059,47.963631,23.56934,0.64,0.99968,364.8832
130302,LA LIBERTAD,BOLIVAR,BAMBAMARCA,SIERRA,3187.0,663.0,2524.0,0.47,0.6714285714285714,-7.43972222222222,-77.6930555555555,3488.0,25.5569007263923,0.2145366573721949,64.781428,60.82023,0.49,0.28567,104.26955
130303,LA LIBERTAD,BOLIVAR,CONDORMARCA,SIERRA,2148.0,371.0,1777.0,0.4203505822563048,0.6005008317947211,-7.54666666666667,-77.5997222222222,2793.0,7.4050594699027998,0.25955594871712,65.903417,72.05769,0.4452923055521492,0.1473917531377613,53.7979898952829
130304,LA LIBERTAD,BOLIVAR,LONGOTEA,SIERRA,2347.0,1311.0,1036.0,0.437675332039757,0.6252504743425101,-7.04388888888889,-77.8722222222222,2617.0,11.3179178763998,0.349249714764375,37.950016,36.75091,0.4452923055521492,0.5526077511902172,201.70182918442927
130305,LA LIBERTAD,BOLIVAR,UCHUMARCA,SIERRA,2432.0,1085.0,1347.0,0.437675332039757,0.62525047434251,-7.04722222222222,-77.8055555555555,3043.0,13.9505589670918,0.296757566855855,52.812249,19.81999,0.55,0.5313000000000001,193.92450000000005
130306,LA LIBERTAD,BOLIVAR,UCUNCHA,SIERRA,906.0,670.0,236.0,0.16,0.2285714285714285,-7.16527777777778,-77.8591666666667,2634.0,13.7282796463774,0.298555874851546,42.440448,63.21137,0.16,0.10256,37.4344
130401,LA LIBERTAD,CHEPEN,CHEPEN,COSTA,48644.0,45264.0,3380.0,0.54,0.7714285714285714,-7.2275,-79.4294444444444,160.0,201.95935129115301,0.588570481947219,21.749154,2.186877,0.61,27.85809,10168.20285
130402,LA LIBERTAD,CHEPEN,PACANGA,COSTA,24114.0,19474.0,4640.0,0.44,0.6285714285714286,-7.17138888888889,-79.4855555555555,112.0,34.543524052540498,0.511472723249302,32.458251,6.356937,0.44,8.96236,3271.2614000000003
130403,LA LIBERTAD,CHEPEN,PUEBLO NUEVO,COSTA,12732.0,9549.0,3183.0,0.55,0.785714285714286,-7.1825,-79.52,84.0,52.349166543738001,0.5269858676904429,35.559638,3.165681,0.53,4.96133,1810.88545
130501,LA LIBERTAD,JULCAN,JULCAN,SIERRA,12776.0,2913.0,9863.0,0.28,0.4000000000000001,-8.04277777777778,-78.4863888888889,3420.0,70.847522662957502,0.2726428708882759,44.449581,45.34204,0.53,1.40821,513.9966499999999
130502,LA LIBERTAD,JULCAN,CALAMARCA,SIERRA,5167.0,647.0,4520.0,0.437675332039757,0.6252504743425101,-8.17,-78.4122222222222,3377.0,35.217035217035203,0.1929628252319209,51.529088,52.59275,0.4452923055521492,0.2462466449703385,89.88002541417356
130503,LA LIBERTAD,JULCAN,CARABAMBA,SIERRA,6930.0,1321.0,5609.0,0.437675332039757,0.6252504743425101,-8.1125,-78.6075,3345.0,31.685543495359401,0.196556476367379,59.669255,30.22541,0.38,0.45486,166.0239
130504,LA LIBERTAD,JULCAN,HUASO,SIERRA,6252.0,682.0,5570.0,0.437675332039757,0.62525047434251,-8.22472222222222,-78.4141666666667,3075.0,16.520125275490098,0.157422208529089,59.100247,67.15054,0.6,0.3671999999999999,134.028
130601,LA LIBERTAD,OTUZCO,OTUZCO,SIERRA,26702.0,14125.0,12577.0,0.5,0.7142857142857143,-7.90222222222222,-78.5655555555555,2701.0,73.881521176232198,0.3809823047796909,34.779792,20.7572,0.5,6.7115,2449.6975
130602,LA LIBERTAD,OTUZCO,AGALLPAMPA,SIERRA,10354.0,892.0,9462.0,0.437675332039757,0.62525047434251,-7.98194444444445,-78.5466666666667,3143.0,36.927599009901002,0.2349699105554189,44.900427,37.77901,0.4452923055521492,0.355343259830615,129.70028983817448
130604,LA LIBERTAD,OTUZCO,CHARAT,SIERRA,2612.0,737.0,1875.0,0.437675332039757,0.62525047434251,-7.82388888888889,-78.4480555555556,2280.0,44.055741036434902,0.22509296546317,42.108386,30.46468,0.4452923055521492,0.2845417832478233,103.8577508854555
130605,LA LIBERTAD,OTUZCO,HUARANCHAL,SIERRA,4190.0,2072.0,2118.0,0.437675332039757,0.6252504743425099,-7.68972222222222,-78.4425,2208.0,41.022385566321397,0.254306499379614,51.745046,45.6085,0.4452923055521492,0.8184472576048503,298.7332490257704
130606,LA LIBERTAD,OTUZCO,LA CUESTA,SIERRA,666.0,73.0,593.0,0.437675332039757,0.62525047434251,-7.91888888888889,-78.7047222222222,1900.0,24.382165605095501,0.216576911237676,56.624864,28.59287,0.62,0.03906,14.256900000000002
130608,LA LIBERTAD,OTUZCO,MACHE,SIERRA,2894.0,916.0,1978.0,0.437675332039757,0.6252504743425099,-8.02916666666667,-78.535,3320.0,105.46623794212201,0.320763611180168,49.631062,27.09905,0.4452923055521492,0.3615773521083452,131.975733519546
130610,LA LIBERTAD,OTUZCO,PARANDAY,SIERRA,551.0,140.0,411.0,0.437675332039757,0.6252504743425099,-7.885,-78.7094444444444,3137.0,39.8415657036347,0.23394851668329,59.587084,39.58325,0.4452923055521492,0.0534350766662579,19.503802983184137
130611,LA LIBERTAD,OTUZCO,SALPO,SIERRA,6534.0,1214.0,5320.0,0.4203505822563048,0.6005008317947212,-8.00305555555556,-78.6041666666667,3461.0,32.676144028224499,0.2791284879085739,47.078978,33.32933,0.4452923055521492,0.4849233207462904,176.99701207239602
130613,LA LIBERTAD,OTUZCO,SINSICAP,SIERRA,7597.0,2234.0,5363.0,0.437675332039757,0.62525047434251,-7.85166666666667,-78.7541666666667,2335.0,21.825808588144401,0.148980403735161,65.320656,32.5385,0.44,0.87252,318.4698
130614,LA LIBERTAD,OTUZCO,USQUIL,SIERRA,23245.0,3572.0,19673.0,0.47,0.6714285714285714,-7.81527777777778,-78.4166666666667,3049.0,64.232201336862403,0.1883083184611079,55.754524,24.36773,0.48,1.47792,539.4408
130701,LA LIBERTAD,PACASMAYO,SAN PEDRO DE LLOC,COSTA,19081.0,17972.0,1109.0,0.23,0.3285714285714287,-7.41833333333333,-79.5147222222222,49.0,27.718397153555902,0.613851753855395,21.034851,1.597771,0.26,4.83236,1763.8114
130702,LA LIBERTAD,PACASMAYO,GUADALUPE,COSTA,43508.0,39458.0,4050.0,0.66,0.942857142857143,-7.24361111111111,-79.4702777777778,124.0,245.93940859889901,0.565097932978712,30.476067,2.502537,0.39,15.79812,5766.3138
130703,LA LIBERTAD,PACASMAYO,JEQUETEPEQUE,COSTA,4498.0,4124.0,374.0,0.53,0.7571428571428572,-7.3375,-79.5630555555556,13.0,82.306786975284396,0.553607180626943,39.803324,3.027377,0.55,2.3963500000000004,874.6677500000002
130704,LA LIBERTAD,PACASMAYO,PACASMAYO,COSTA,31619.0,31585.0,34.0,0.55,0.7857142857142857,-7.40111111111111,-79.5722222222222,21.0,1067.28274967575,0.5968586479601469,11.573225,1.445664,0.6,19.8654,7250.870999999999
130705,LA LIBERTAD,PACASMAYO,SAN JOSE,COSTA,12604.0,11434.0,1170.0,0.45,0.6428571428571429,-7.35,-79.4552777777778,117.0,72.683088478957202,0.53511179003009,33.728335,6.647911,0.49,5.66734,2068.5791
130801,LA LIBERTAD,PATAZ,TAYABAMBA,SIERRA,13871.0,4075.0,9796.0,0.37,0.5285714285714286,-8.275,-77.2961111111111,3222.0,47.418394126146303,0.3197513128881679,37.842299,26.86902,0.46,1.7070600000000002,623.0769000000001
130802,LA LIBERTAD,PATAZ,BULDIBUYO,SIERRA,4201.0,1089.0,3112.0,0.437675332039757,0.62525047434251,-8.12694444444445,-77.3952777777778,3189.0,19.688640661418699,0.358869347659569,50.457834,26.90196,0.4452923055521492,0.4497452286076707,164.1570084417998
130803,LA LIBERTAD,PATAZ,CHILLIA,SIERRA,12978.0,2216.0,10762.0,0.437675332039757,0.62525047434251,-8.12444444444444,-77.515,3166.0,50.703239568057597,0.229485680182058,69.702252,31.67965,0.4452923055521492,0.9021622110486542,329.2892070327588
130804,LA LIBERTAD,PATAZ,HUANCASPATA,SIERRA,6166.0,1163.0,5003.0,0.437675332039757,0.62525047434251,-8.4575,-77.2983333333333,3313.0,26.628414417326699,0.2315675747978999,57.457553,52.88885,0.36,0.39312,143.4888
130805,LA LIBERTAD,PATAZ,HUAYLILLAS,SIERRA,1164.0,435.0,729.0,0.4203505822563048,0.6005008317947212,-8.18722222222222,-77.3438888888889,2381.0,15.167725398417501,0.3092591606999209,52.202967,36.87889,0.4452923055521492,0.1585240607765651,57.86128218344626
130806,LA LIBERTAD,PATAZ,HUAYO,SIERRA,3795.0,340.0,3455.0,0.437675332039757,0.6252504743425099,-8.00444444444445,-77.5922222222222,2188.0,36.435850116344398,0.229112671661552,69.572526,42.72874,0.4452923055521492,0.1318065224434361,48.1093806918542
130807,LA LIBERTAD,PATAZ,ONGON,SIERRA,1385.0,139.0,1246.0,0.437675332039757,0.6252504743425101,-8.20777777777777,-76.9827777777778,1353.0,1.3463427223652,0.173582379110192,59.090909,26.52659,0.46,0.05474,19.9801
130808,LA LIBERTAD,PATAZ,PARCOY,SIERRA,20753.0,8264.0,12489.0,0.56,0.8000000000000002,-8.03333333333333,-77.4797222222222,3121.0,53.788648808157703,0.548346648519961,32.580512,24.13803,0.58,4.67306,1705.6669
130809,LA LIBERTAD,PATAZ,PATAZ,SIERRA,10482.0,3432.0,7050.0,0.437675332039757,0.6252504743425101,-7.785,-77.5938888888889,2611.0,17.2129043299675,0.468629212296099,35.524978,19.97179,0.41,1.39359,508.66035
130810,LA LIBERTAD,PATAZ,PIAS,SIERRA,1872.0,533.0,1339.0,0.437675332039757,0.62525047434251,-7.87194444444445,-77.5466666666667,2641.0,4.6708101272634304,0.409953475248835,35.463653,48.01927,0.4452923055521492,0.2266537835260439,82.72863098700604
130811,LA LIBERTAD,PATAZ,SANTIAGO DE CHALLAS,SIERRA,2330.0,1069.0,1261.0,0.4203505822563048,0.6005008317947212,-8.43805555555555,-77.3205555555556,3316.0,18.703646477132299,0.205702251779114,55.996857,50.6673,0.4452923055521492,0.423918274885646,154.73017033326082
130812,LA LIBERTAD,PATAZ,TAURIJA,SIERRA,3033.0,955.0,2078.0,0.437675332039757,0.6252504743425099,-8.30777777777778,-77.4236111111111,3123.0,24.2063187024368,0.243494711812975,54.115176,62.70168,0.4452923055521492,0.3882948904414741,141.72763501113806
130813,LA LIBERTAD,PATAZ,URPAY,SIERRA,2466.0,576.0,1890.0,0.4203505822563048,0.6005008317947211,-8.34777777777778,-77.38944444444449,2707.0,30.4186326674029,0.2405550851882249,52.699601,44.402,0.4452923055521492,0.1937021529151849,70.70128581404249
130901,LA LIBERTAD,SANCHEZ CARRION,HUAMACHUCO,SIERRA,77443.0,47976.0,29467.0,0.64,0.914285714285714,-7.81111111111111,-78.0466666666667,3183.0,180.47061042604901,0.3986882084754759,34.422425,6.583373,0.66,31.441080000000003,11475.9942
130902,LA LIBERTAD,SANCHEZ CARRION,CHUGAY,SIERRA,19177.0,2081.0,17096.0,0.34,0.4857142857142858,-7.78194444444444,-77.8683333333333,3394.0,51.399197713242501,0.149220653865998,67.156456,32.2494,0.35,0.6139,224.0735
130903,LA LIBERTAD,SANCHEZ CARRION,COCHORCO,SIERRA,9948.0,1006.0,8942.0,0.437675332039757,0.62525047434251,-7.80638888888889,-77.7175,2620.0,45.7409703921873,0.2070758228592549,46.787947,42.48744,0.37,0.31487,114.92755
130904,LA LIBERTAD,SANCHEZ CARRION,CURGOS,SIERRA,8748.0,1988.0,6760.0,0.437675332039757,0.62525047434251,-7.86,-77.9438888888889,3244.0,98.472361809045196,0.117271990927445,50.103916,86.71025,0.4452923055521492,0.7574422117442058,276.4664072866351
130905,LA LIBERTAD,SANCHEZ CARRION,MARCABAL,SIERRA,11627.0,320.0,11307.0,0.437675332039757,0.6252504743425099,-7.70583333333333,-78.0336111111111,2943.0,64.254911356013395,0.1405167107902589,65.502441,27.20959,0.37,0.0899099999999999,32.81715
130906,LA LIBERTAD,SANCHEZ CARRION,SANAGORAN,SIERRA,14728.0,395.0,14333.0,0.51,0.7285714285714286,-7.78611111111111,-78.1419444444445,2688.0,51.452000739873,0.1244076988219629,64.148054,52.65644,0.51,0.16779,61.24335
130907,LA LIBERTAD,SANCHEZ CARRION,SARIN,SIERRA,9847.0,2035.0,7812.0,0.437675332039757,0.62525047434251,-7.91138888888889,-77.9061111111111,2840.0,32.924605975064701,0.181385165714608,63.140962,39.80721,0.4452923055521492,0.773027442438531,282.1550164900638
130908,LA LIBERTAD,SANCHEZ CARRION,SARTIMBAMBA,SIERRA,14229.0,645.0,13584.0,0.437675332039757,0.62525047434251,-7.69916666666667,-77.7436111111111,2697.0,40.9843547937216,0.1577696273838299,64.077053,37.21025,0.4452923055521492,0.2395672603870562,87.44205004127554
131001,LA LIBERTAD,SANTIAGO DE CHUCO,SANTIAGO DE CHUCO,SIERRA,20325.0,7689.0,12636.0,0.57,0.8142857142857143,-8.14527777777777,-78.1736111111111,3126.0,23.0982740795246,0.320675752991451,45.926741,22.18106,0.57,4.09146,1493.3828999999998
131002,LA LIBERTAD,SANTIAGO DE CHUCO,ANGASMARCA,SIERRA,5067.0,1819.0,3248.0,0.437675332039757,0.62525047434251,-8.13277777777778,-78.0558333333333,2889.0,37.634408602150501,0.347954033745561,49.704689,24.04331,0.4452923055521492,0.7182564888556167,262.1636184323001
131003,LA LIBERTAD,SANTIAGO DE CHUCO,CACHICADAN,SIERRA,5851.0,2630.0,3221.0,0.34,0.4857142857142857,-8.09444444444445,-78.1488888888889,2897.0,21.253283302063799,0.3760037277999109,45.091231,32.3681,0.34,0.8105600000000001,295.8544
131004,LA LIBERTAD,SANTIAGO DE CHUCO,MOLLEBAMBA,SIERRA,1854.0,990.0,864.0,0.437675332039757,0.62525047434251,-8.17083333333333,-77.9738888888889,3099.0,30.449131869708701,0.2884101738433599,50.098808,28.81602,0.4452923055521492,0.4114500903301859,150.17928297051787
131005,LA LIBERTAD,SANTIAGO DE CHUCO,MOLLEPATA,SIERRA,2464.0,159.0,2305.0,0.437675332039757,0.62525047434251,-8.19333333333333,-77.9572222222222,2694.0,37.162921348314597,0.20260552574914,42.930853,30.91846,0.4452923055521492,0.0614503381661965,22.429373430661755
131006,LA LIBERTAD,SANTIAGO DE CHUCO,QUIRUVILCA,SIERRA,13727.0,7336.0,6391.0,0.984,1.405714285714286,-8.00194444444445,-78.31,3992.0,21.959791674254301,0.432088393656726,41.443551,14.92363,0.8,5.5192000000000005,2014.5080000000005
131007,LA LIBERTAD,SANTIAGO DE CHUCO,SANTA CRUZ DE CHUCA,SIERRA,3062.0,596.0,2466.0,0.437675332039757,0.6252504743425099,-8.12027777777778,-78.1422222222222,2937.0,20.0096899224806,0.281708064930619,46.093862,38.50995,0.4452923055521492,0.2377860911648476,86.7919232751694
131008,LA LIBERTAD,SANTIAGO DE CHUCO,SITABAMBA,SIERRA,3682.0,823.0,2859.0,0.437675332039757,0.6252504743425101,-8.02222222222223,-77.73,3080.0,13.3127034780647,0.218143055831291,62.646119,53.81674,0.4452923055521492,0.3321880599419033,121.24864187879471
131101,LA LIBERTAD,GRAN CHIMU,CASCAS,COSTA,14331.0,4628.0,9703.0,0.38,0.5428571428571429,-7.47944444444445,-78.8197222222222,1278.0,35.069899284901297,0.414494810523841,35.275352,8.963056,0.44,1.87836,685.6013999999999
131102,LA LIBERTAD,GRAN CHIMU,LUCMA,SIERRA,4932.0,591.0,4341.0,0.437675332039757,0.6252504743425101,-7.64055555555555,-78.5522222222222,2192.0,17.943505242884701,0.289788608164854,51.653058,40.36357,0.49,0.25284,92.2866
131103,LA LIBERTAD,GRAN CHIMU,MARMOT,SIERRA,2555.0,521.0,2034.0,0.437675332039757,0.62525047434251,-7.69833333333333,-78.6261111111111,1512.0,7.1573688592839302,0.382014253365389,48.783205,25.45015,0.4452923055521492,0.211959137442823,77.36508516663041
131104,LA LIBERTAD,GRAN CHIMU,SAYAPULLO,SIERRA,6620.0,1635.0,4985.0,0.437675332039757,0.62525047434251,-7.59583333333333,-78.465,2384.0,31.932737870591701,0.3426873819779949,56.718451,44.20023,0.4452923055521492,0.641666212300647,234.20816748973616
131201,LA LIBERTAD,VIRU,VIRU,COSTA,57500.0,44564.0,12936.0,0.5150999336710964,0.7358570481015665,-8.41444444444445,-78.7527777777778,88.0,60.152849620205998,0.5051395598219869,30.589114,1.901888,0.521567928503992,23.57382723252343,8604.446939871052
131202,LA LIBERTAD,VIRU,CHAO,COSTA,37511.0,31672.0,5839.0,0.24,0.3428571428571428,-8.54055555555555,-78.6788888888888,103.0,20.618123405896799,0.4971504606547649,34.761395,4.314579,0.67,23.155870000000004,8451.89255
131203,LA LIBERTAD,VIRU,GUADALUPITO,COSTA,7536.0,7215.0,321.0,0.45,0.6428571428571429,-8.95166666666667,-78.6247222222222,30.0,17.950681952955101,0.486798748326811,45.331058,2.279527,0.45,3.3768,1232.5320000000002
140101,LAMBAYEQUE,CHICLAYO,CHICLAYO,COSTA,285907.0,285602.0,305.0,0.57,0.8142857142857143,-6.76694444444444,-79.8505555555555,28.0,6934.9155908639495,0.633675858244332,7.491534,0.367709,0.45,131.85675,48127.71375
140102,LAMBAYEQUE,CHICLAYO,CHONGOYAPE,COSTA,19441.0,16460.0,2981.0,0.54,0.7714285714285714,-6.64305555555555,-79.3852777777778,219.0,28.299157303370801,0.550302953951735,18.26452,0.797432,0.54,9.107640000000002,3324.2886000000008
140103,LAMBAYEQUE,CHICLAYO,ETEN,COSTA,12896.0,12601.0,295.0,0.71,1.0142857142857142,-6.90694444444445,-79.8625,15.0,154.25807973578699,0.510315708493013,18.26452,1.342388,0.78,10.31784,3766.0116
140104,LAMBAYEQUE,CHICLAYO,ETEN PUERTO,COSTA,2422.0,2422.0,0.0,0.8,1.142857142857143,-6.92555555555555,-79.8661111111111,14.0,186.74033149171299,0.6176842578070318,8.79655,0.190986,0.58,1.43318,523.1107
140105,LAMBAYEQUE,CHICLAYO,JOSE LEONARDO ORTIZ,COSTA,164974.0,164974.0,0.0,0.8,1.142857142857143,-6.76305555555555,-79.8344444444444,41.0,7020.7654145995803,0.541569788834186,13.47952,0.714119,0.8,133.6296,48774.804
140106,LAMBAYEQUE,CHICLAYO,LA VICTORIA,COSTA,97223.0,91648.0,5575.0,0.67,0.9571428571428574,-6.79444444444444,-79.8444444444444,36.0,3336.2738419618499,0.5698121065713129,11.043383,0.393952,0.68,64.55852,23563.8598
140107,LAMBAYEQUE,CHICLAYO,LAGUNAS,COSTA,10696.0,8800.0,1896.0,0.56,0.8000000000000002,-6.99111111111111,-79.6227777777777,34.0,24.222517296806199,0.532831394615197,19.72254,1.120251,0.52,4.725239999999999,1724.7125999999998
140108,LAMBAYEQUE,CHICLAYO,MONSEFU,COSTA,34856.0,25514.0,9342.0,0.82,1.1714285714285717,-6.87805555555556,-79.8725,40.0,905.71873609256795,0.474112095613525,16.060235,2.531667,0.57,15.03831,5488.98315
140109,LAMBAYEQUE,CHICLAYO,NUEVA ARICA,COSTA,2526.0,2246.0,280.0,0.59,0.8428571428571427,-6.87416666666667,-79.3436111111111,178.0,12.553324066529299,0.482887166159225,12.5301,0.430537,0.59,1.34107,489.49055
140110,LAMBAYEQUE,CHICLAYO,OYOTUN,COSTA,8470.0,6793.0,1677.0,0.5,0.7142857142857143,-6.85444444444444,-79.3063888888889,209.0,18.0610452349583,0.504942716040316,18.26452,1.190599,0.43,2.84273,1037.59645
140111,LAMBAYEQUE,CHICLAYO,PICSI,COSTA,14127.0,12702.0,1425.0,0.63,0.9,-6.71833333333333,-79.7705555555555,43.0,165.67111735769501,0.453862629720281,18.26452,1.093421,0.74,9.9974,3649.051
140112,LAMBAYEQUE,CHICLAYO,PIMENTEL,COSTA,50505.0,46228.0,4277.0,0.58,0.8285714285714286,-6.83527777777778,-79.9358333333333,22.0,485.54035773335301,0.582874900209372,10.716871,0.482186,0.58,28.33764,10343.2386
140113,LAMBAYEQUE,CHICLAYO,REQUE,COSTA,17304.0,14155.0,3149.0,0.75,1.0714285714285714,-6.865,-79.8191666666667,34.0,345.52413353178798,0.564199279602786,12.5301,0.707174,0.51,7.621440000000001,2781.8256
140114,LAMBAYEQUE,CHICLAYO,SANTA ROSA,COSTA,13592.0,13403.0,189.0,0.59,0.842857142857143,-6.88166666666667,-79.9208333333333,23.0,972.39176721078798,0.4559446956608769,19.300136,2.467911,0.5,7.082,2584.93
140115,LAMBAYEQUE,CHICLAYO,SAÑA,COSTA,12450.0,10004.0,2446.0,0.56,0.8000000000000002,-6.91805555555556,-79.5833333333333,70.0,31.742593182542201,0.52697744632634,13.994183,2.640549,0.56,5.6772800000000005,2072.2072000000003
140116,LAMBAYEQUE,CHICLAYO,CAYALTI,COSTA,15446.0,13956.0,1490.0,0.48,0.6857142857142857,-6.89166666666667,-79.5622222222222,86.0,103.377133734496,0.5396489907562029,16.827115,0.648382,0.46,6.28866,2295.3609
140117,LAMBAYEQUE,CHICLAYO,PATAPO,COSTA,24648.0,21096.0,3552.0,0.64,0.9142857142857144,-6.73555555555556,-79.6347222222222,113.0,127.85952628411999,0.536899037759998,18.715514,1.037555,0.7,15.3776,5612.824
140118,LAMBAYEQUE,CHICLAYO,POMALCA,COSTA,26664.0,23222.0,3442.0,0.49,0.7000000000000002,-6.77,-79.7752777777778,61.0,342.72557560672101,0.5620975674023029,13.836561,0.643333,0.45,10.8243,3950.8695
140119,LAMBAYEQUE,CHICLAYO,PUCALA,COSTA,9035.0,7842.0,1193.0,0.61,0.8714285714285713,-6.78194444444444,-79.6122222222222,108.0,48.137193561230902,0.509982434385407,12.5301,0.295812,0.61,4.7885,1747.8025
140120,LAMBAYEQUE,CHICLAYO,TUMAN,COSTA,29619.0,27534.0,2085.0,0.51,0.7285714285714286,-6.75111111111111,-79.7011111111111,71.0,233.75019180604599,0.622542599526779,12.5301,0.378335,0.51,14.28306,5213.3169
140201,LAMBAYEQUE,FERREÑAFE,FERREÑAFE,COSTA,37249.0,36422.0,827.0,0.57,0.8142857142857143,-6.63888888888889,-79.7883333333333,38.0,641.09038275973001,0.5110846256157149,15.518673,2.140144,0.61,22.90062,8358.7263
140202,LAMBAYEQUE,FERREÑAFE,CAÑARIS,SIERRA,12300.0,414.0,11886.0,0.437675332039757,0.6252504743425099,-6.04611111111111,-79.2652777777778,2421.0,58.786155574276897,0.1710369282033349,62.553353,60.53695,0.4452923055521492,0.1638675684431909,59.811662481764685
140203,LAMBAYEQUE,FERREÑAFE,INCAHUASI,SIERRA,15025.0,1696.0,13329.0,0.3,0.4285714285714284,-6.23527777777778,-79.3169444444444,3030.0,42.0670856705188,0.167466594528301,53.203898,47.5766,0.3,0.4700999999999999,171.58649999999997
140204,LAMBAYEQUE,FERREÑAFE,MANUEL ANTONIO MESONES MURO,COSTA,4167.0,1943.0,2224.0,0.63,0.8999999999999998,-6.645,-79.7388888888889,66.0,23.014408934536601,0.449392366323399,16.407291,1.350993,0.4881283256607997,0.904501787449462,330.1431524190536
140205,LAMBAYEQUE,FERREÑAFE,PITIPO,COSTA,21797.0,8656.0,13141.0,0.553,0.79,-6.56583333333333,-79.7808333333333,70.0,39.313483105808203,0.422348080135445,20.880109,1.456971,0.4881283256607997,4.039750023168779,1474.5087584566045
140206,LAMBAYEQUE,FERREÑAFE,PUEBLO NUEVO,COSTA,15637.0,14731.0,906.0,0.34,0.4857142857142857,-6.64027777777778,-79.7961111111111,45.0,518.94044321329602,0.483069105730814,22.609211,2.577321,0.41,6.19223,2260.16395
140301,LAMBAYEQUE,LAMBAYEQUE,LAMBAYEQUE,COSTA,78343.0,65511.0,12832.0,0.5,0.7142857142857143,-6.70694444444445,-79.8952777777778,24.0,245.209082937744,0.5539280527450419,14.11125,0.926699,0.53,36.90443,13470.11695
140302,LAMBAYEQUE,LAMBAYEQUE,CHOCHOPE,COSTA,1539.0,480.0,1059.0,0.499650387386001,0.7137862676942873,-6.15777777777778,-79.6477777777778,198.0,25.545603633152499,0.4164189572179289,25.859512,2.754306,0.4881283256607997,0.2455285478073822,89.61791994969452
140303,LAMBAYEQUE,LAMBAYEQUE,ILLIMO,COSTA,9436.0,5292.0,4144.0,0.44,0.6285714285714286,-6.47388888888889,-79.8547222222222,60.0,467.87033237587201,0.477043613991936,24.021957,1.100178,0.44,2.3408,854.392
140304,LAMBAYEQUE,LAMBAYEQUE,JAYANCA,COSTA,19575.0,10269.0,9306.0,0.54,0.7714285714285714,-6.39277777777778,-79.8227777777777,67.0,28.9884868421052,0.505917354005153,22.696416,1.361807,0.54,5.7348,2093.202
140305,LAMBAYEQUE,LAMBAYEQUE,MOCHUMI,COSTA,19596.0,8129.0,11467.0,0.53,0.7571428571428571,-6.54777777777778,-79.865,40.0,212.60366441658601,0.453060763321302,23.636294,1.265438,0.4881283256607997,4.077824032570321,1488.4057718881672
140306,LAMBAYEQUE,LAMBAYEQUE,MORROPE,COSTA,54514.0,14022.0,40492.0,0.39,0.5571428571428572,-6.54027777777778,-80.0155555555556,5.0,53.096019814526798,0.387980035066454,29.809935,2.749265,0.38,5.51684,2013.6466
140307,LAMBAYEQUE,LAMBAYEQUE,MOTUPE,COSTA,33008.0,17802.0,15206.0,0.2,0.2857142857142857,-6.15083333333333,-79.7141666666667,140.0,57.500403681576003,0.497467421841885,25.985732,3.857569,0.2,3.7748,1377.802
140308,LAMBAYEQUE,LAMBAYEQUE,OLMOS,COSTA,53834.0,16336.0,37498.0,0.51,0.7285714285714286,-5.98777777777778,-79.7475,192.0,9.0621065394817197,0.470309145729694,29.383411,1.799637,0.58,9.87044,3602.7105999999994
140309,LAMBAYEQUE,LAMBAYEQUE,PACORA,COSTA,8641.0,4146.0,4495.0,0.37,0.5285714285714286,-6.42861111111111,-79.8388888888889,69.0,96.821961499031801,0.460805695281892,25.645771,2.310673,0.37,1.62208,592.0592
140310,LAMBAYEQUE,LAMBAYEQUE,SALAS,SIERRA,13522.0,4506.0,9016.0,0.43,0.6142857142857142,-6.27472222222222,-79.6072222222222,174.0,17.0649324460577,0.2725634373021669,44.569917,19.62455,0.43,1.935,706.275
140311,LAMBAYEQUE,LAMBAYEQUE,SAN JOSE,COSTA,17206.0,15495.0,1711.0,0.57,0.8142857142857145,-6.76944444444445,-79.9680555555556,33.0,377.70169056280798,0.4076362703905039,27.135809,1.209021,0.521567928503992,8.801980361433369,3212.7228319231795
140312,LAMBAYEQUE,LAMBAYEQUE,TUCUME,COSTA,23915.0,10135.0,13780.0,0.33,0.4714285714285715,-6.51,-79.8591666666667,61.0,410.76119402985103,0.472669887984218,29.064237,1.52637,0.33,3.43827,1254.96855
150101,LIMA ,LIMA,LIMA,COSTA,269769.0,269769.0,0.0,0.74,1.0571428571428572,-12.0452777777778,-77.0308333333333,162.0,18063.148316651499,0.764684596165853,7.958984,0.305273,0.69,184.15203,67215.49094999999
150102,LIMA ,LIMA,ANCON,COSTA,76357.0,76357.0,0.0,0.65,0.9285714285714286,-11.7738888888889,-77.1763888888889,14.0,189.26957435628,0.668888988529008,19.246935,1.381812,0.68,62.20504,22704.839600000003
150103,LIMA ,LIMA,ATE,COSTA,652900.0,652900.0,0.0,0.69,0.9857142857142857,-12.0263888888889,-76.9213888888889,378.0,8532.5398867730291,0.686854963693964,17.174936,0.564967,0.69,484.94235,177003.95775
150104,LIMA ,LIMA,BARRANCO,COSTA,35745.0,35745.0,0.0,0.47,0.6714285714285714,-12.1491666666667,-77.0216666666667,97.0,16511.111111111099,0.820764283821305,3.172325,0.235426,0.46,16.77482,6122.809299999999
150105,LIMA ,LIMA,BREÑA,COSTA,92153.0,92153.0,0.0,0.74,1.0571428571428572,-12.0588888888889,-77.0461111111111,153.0,41155.900621118002,0.812114452742238,4.041467,0.118454,0.8,76.1496,27794.604000000003
150106,LIMA ,LIMA,CARABAYLLO,COSTA,380890.0,375654.0,5236.0,0.66,0.942857142857143,-11.8902777777778,-77.0269444444444,238.0,1027.67135933533,0.6498693508177539,19.176021,1.161094,0.68,284.2434,103748.841
150107,LIMA ,LIMA,CHACLACAYO,COSTA,43897.0,43897.0,0.0,0.64,0.9142857142857144,-11.9752777777778,-76.7688888888889,685.0,1343.6202531645599,0.741053741969329,9.712625,0.267173,0.73,32.91643,12014.49695
150108,LIMA ,LIMA,CHORRILLOS,COSTA,349855.0,349855.0,0.0,0.65,0.9285714285714286,-12.1769444444444,-77.0163888888889,68.0,9026.1941448382095,0.75835539281644,11.60839,0.474027,0.65,238.61435,87094.23775
150109,LIMA ,LIMA,CIENEGUILLA,COSTA,37815.0,37555.0,260.0,0.62,0.8857142857142857,-12.1202777777778,-76.8141666666667,287.0,141.13094495069299,0.6371716495641229,17.529394,1.313477,0.75,29.9355,10926.4575
150110,LIMA ,LIMA,COMAS,COSTA,566314.0,566314.0,0.0,0.52,0.7428571428571429,-11.9572222222222,-77.0494444444444,107.0,12239.0769230769,0.721892698840011,16.044523,0.577937,0.78,457.79292,167094.41580000002
150111,LIMA ,LIMA,EL AGUSTINO,COSTA,218277.0,218277.0,0.0,0.69,0.9857142857142857,-12.0483333333333,-77.0005555555556,200.0,18552.870813397101,0.697061781031419,16.689837,0.636962,0.69,158.30394,57780.93810000001
150112,LIMA ,LIMA,INDEPENDENCIA,COSTA,221551.0,221551.0,0.0,0.58,0.8285714285714285,-11.9972222222222,-77.0547222222222,111.0,16580.631868131899,0.6853375063928139,20.590949,0.648286,0.57,130.02897,47460.57405
150113,LIMA ,LIMA,JESUS MARIA,COSTA,80377.0,80377.0,0.0,0.46,0.6571428571428571,-12.0755555555556,-77.0433333333333,142.0,31875.711159737399,0.837189592782548,0.519235,0.011737,0.8,67.1232,24499.968
150114,LIMA ,LIMA,LA MOLINA,COSTA,157820.0,157820.0,0.0,0.68,0.9714285714285716,-12.0780555555556,-76.9166666666667,262.0,3210.8745247148299,0.845216614825386,1.168268,0.016594,0.68,112.2136,40957.964
150115,LIMA ,LIMA,LA VICTORIA,COSTA,188900.0,188900.0,0.0,0.13,0.1857142857142857,-12.065,-77.0308333333333,142.0,30021.739130434798,0.7141594849782829,11.057018,0.331128,0.49,92.90106,33908.8869
150116,LIMA ,LIMA,LINCE,COSTA,59213.0,59213.0,0.0,0.63,0.9000000000000001,-12.0844444444444,-77.0302777777778,150.0,34441.914191419099,0.842427736545257,1.452933,0.054165,0.52,32.07828,11708.5722
150117,LIMA ,LIMA,LOS OLIVOS,COSTA,349100.0,349100.0,0.0,0.68,0.9714285714285716,-11.9913888888889,-77.0708333333333,67.0,22143.397260274,0.7584625995633119,7.881448,0.296506,0.8,287.128,104801.72
150118,LIMA ,LIMA,LURIGANCHO,COSTA,271822.0,271822.0,0.0,0.53,0.7571428571428572,-11.9358333333333,-76.6972222222222,879.0,845.58717807755795,0.683195245603955,18.234247,1.402604,0.53,160.37747,58537.77655
150119,LIMA ,LIMA,LURIN,COSTA,104770.0,103053.0,1717.0,0.66,0.942857142857143,-12.2747222222222,-76.8702777777778,12.0,515.48319094641101,0.6909236767275179,18.264468,1.454301,0.53,59.43155,21692.51575
150120,LIMA ,LIMA,MAGDALENA DEL MAR,COSTA,63856.0,63856.0,0.0,0.66,0.942857142857143,-12.0916666666667,-77.0672222222222,90.0,24588.919667589998,0.833928546938114,0.782218,0.041559,0.65,44.04465,16076.29725
150121,LIMA ,LIMA,PUEBLO LIBRE,COSTA,92250.0,92250.0,0.0,0.67,0.9571428571428574,-12.0780555555556,-77.0625,114.0,26940.8675799087,0.833694777634525,0.779682,0.021261,0.68,66.34624000000001,24216.377600000003
150122,LIMA ,LIMA,MIRAFLORES,COSTA,106735.0,106735.0,0.0,0.62,0.8857142857142856,-12.1216666666667,-77.0291666666667,125.0,16889.916839916801,0.832639935121652,0.0855,0.000526,0.61,69.23683,25271.44295
150123,LIMA ,LIMA,PACHACAMAC,COSTA,134104.0,132617.0,1487.0,0.59,0.8428571428571427,-12.1872222222222,-76.8666666666667,68.0,698.09648630094296,0.646310654710588,20.000896,1.103996,0.59,88.83158,32423.5267
150124,LIMA ,LIMA,PUCUSANA,COSTA,16032.0,16032.0,0.0,0.63,0.9,-12.4816666666667,-76.7975,26.0,419.55068200053501,0.598939942109819,23.739385,1.605138,0.62,10.9244,3987.406
150125,LIMA ,LIMA,PUENTE PIEDRA,COSTA,379550.0,379550.0,0.0,0.62,0.8857142857142857,-11.8666666666667,-77.0769444444444,187.0,4861.6810877626704,0.663262891283656,22.678988,1.649866,0.62,255.54788,93274.9762
150126,LIMA ,LIMA,PUNTA HERMOSA,COSTA,19966.0,19925.0,41.0,0.62,0.8857142857142857,-12.3336111111111,-76.8241666666667,52.0,72.175732217573199,0.695988914082151,19.183087,1.68162,0.62,14.52102,5300.1723
150127,LIMA ,LIMA,PUNTA NEGRA,COSTA,7955.0,7954.0,1.0,0.53,0.7571428571428571,-12.3652777777778,-76.7955555555556,42.0,62.636015325670499,0.699762357034694,14.288621,0.611575,0.51,4.491569999999999,1639.42305
150128,LIMA ,LIMA,RIMAC,COSTA,179892.0,179892.0,0.0,0.55,0.7857142857142858,-12.0422222222222,-77.0269444444444,153.0,18785.256950294901,0.73000365063685,11.429909,0.503226,0.6617040383936531,121.01375794950808,44170.021651570445
150129,LIMA ,LIMA,SAN BARTOLO,COSTA,8442.0,8236.0,206.0,0.54,0.7714285714285716,-12.3891666666667,-76.7808333333333,25.0,190.69095756498601,0.723833590108303,13.336333,0.678194,0.53,4.79385,1749.75525
150130,LIMA ,LIMA,SAN BORJA,COSTA,125183.0,125183.0,0.0,0.59,0.8428571428571427,-12.1072222222222,-76.9988888888889,170.0,15161.4457831325,0.8236163632543219,0.463208,0.012775,0.51,66.74982000000001,24363.684300000004
150131,LIMA ,LIMA,SAN ISIDRO,COSTA,66878.0,66878.0,0.0,0.62,0.8857142857142857,-12.0977777777778,-77.0272222222222,195.0,8263.3333333333303,0.788832417484799,0.0573463,0.001017,0.68,47.19812,17227.3138
150132,LIMA ,LIMA,SAN JUAN DE LURIGANCHO,COSTA,1152258.0,1152258.0,0.0,0.62,0.8857142857142857,-12.0297222222222,-77.01,222.0,8475.3828571428603,0.701053025277506,17.70394,1.105488,0.61,747.30612,272766.7338
150133,LIMA ,LIMA,SAN JUAN DE MIRAFLORES,COSTA,408538.0,408538.0,0.0,0.58,0.8285714285714286,-12.1636111111111,-76.9636111111111,133.0,19683.239007401,0.728999853494788,15.18192,0.698629,0.64,270.20608000000004,98625.21920000002
150134,LIMA ,LIMA,SAN LUIS,COSTA,55688.0,55688.0,0.0,0.71,1.0142857142857142,-12.0755555555556,-76.9936111111111,214.0,21872.4928366762,0.793258130684492,5.473567,0.103385,0.72,40.53744,14796.165599999998
150135,LIMA ,LIMA,SAN MARTIN DE PORRES,COSTA,729268.0,729268.0,0.0,0.82,1.1714285714285717,-12.03,-77.0575,138.0,19331.9120043455,0.741997963067072,10.343179,0.306878,0.8,616.58,225051.7
150136,LIMA ,LIMA,SAN MIGUEL,COSTA,169282.0,169282.0,0.0,0.79,1.1285714285714286,-12.0922222222222,-77.0794444444444,84.0,16629.104477611902,0.822400649705728,1.581726,0.033687,0.64,115.61408,42199.1392
150137,LIMA ,LIMA,SANTA ANITA,COSTA,218514.0,218514.0,0.0,0.6,0.8571428571428571,-12.0438888888889,-76.9713888888889,285.0,24825.1637043966,0.7347309224519118,9.643694,0.268309,0.61,138.7933,50659.5545
150138,LIMA ,LIMA,SANTA MARIA DEL MAR,COSTA,1106.0,1098.0,8.0,0.71,1.0142857142857142,-12.4019444444444,-76.7733333333333,52.0,177.166156982671,0.746659738921973,7.065562,0.353204,0.75,0.90525,330.41625
150139,LIMA ,LIMA,SANTA ROSA,COSTA,34361.0,34361.0,0.0,0.57,0.8142857142857142,-11.7872222222222,-77.1569444444444,72.0,1019.90632318501,0.6605773559814458,22.028653,1.968988,0.8,33.6856,12295.244
150140,LIMA ,LIMA,SANTIAGO DE SURCO,COSTA,397082.0,397082.0,0.0,0.63,0.9000000000000001,-12.145,-77.005,107.0,11733.0454165506,0.8017574897902349,1.231283,0.044496,0.65,273.0104,99648.796
150141,LIMA ,LIMA,SURQUILLO,COSTA,99397.0,99397.0,0.0,0.68,0.9714285714285716,-12.1186111111111,-77.0216666666667,125.0,35535.838150288997,0.8171136689103559,2.747559,0.164093,0.47,48.14398,17572.5527
150142,LIMA ,LIMA,VILLA EL SALVADOR,COSTA,420278.0,420278.0,0.0,0.67,0.9571428571428572,-12.2133333333333,-76.9372222222222,204.0,13219.458544839301,0.699048123285756,20.166089,1.001532,0.72,311.1624,113574.276
150143,LIMA ,LIMA,VILLA MARIA DEL TRIUNFO,COSTA,432835.0,432835.0,0.0,0.7,1.0000000000000002,-12.1625,-76.9436111111111,210.0,6903.6276037976504,0.6898119945801259,16.823515,0.892497,0.71,318.63025,116300.04125
150201,LIMA ,BARRANCA,BARRANCA,COSTA,70971.0,65518.0,5453.0,0.53,0.7571428571428571,-10.7533333333333,-77.765,74.0,486.90341266843001,0.635179404689411,10.499027,0.61956,0.53,36.34581000000001,13266.220650000005
150202,LIMA ,BARRANCA,PARAMONGA,COSTA,22007.0,19636.0,2371.0,0.59,0.8428571428571431,-10.6747222222222,-77.8180555555555,37.0,61.837049364888998,0.6268687897946689,9.5893,0.42392,0.48,9.20496,3359.8104
150203,LIMA ,BARRANCA,PATIVILCA,COSTA,17797.0,16206.0,1591.0,0.65,0.9285714285714286,-10.6961111111111,-77.7802777777778,95.0,71.974590869939703,0.608999524978263,13.24245,1.098985,0.66,10.86162,3964.4913
150204,LIMA ,BARRANCA,SUPE,COSTA,24930.0,18855.0,6075.0,0.5,0.7142857142857142,-10.7961111111111,-77.7161111111111,69.0,51.934024799188997,0.630827113077536,18.280128,1.426251,0.56,11.147920000000004,4068.990800000001
150205,LIMA ,BARRANCA,SUPE PUERTO,COSTA,13257.0,13172.0,85.0,0.63,0.9,-10.8016666666667,-77.7447222222222,41.0,1146.3944396177201,0.632911211240674,13.24245,0.831116,0.63,8.686440000000001,3170.5506000000005
150301,LIMA ,CAJATAMBO,CAJATAMBO,SIERRA,2004.0,1661.0,343.0,0.2,0.2857142857142857,-10.4730555555556,-76.9930555555556,3396.0,4.00908514684133,0.4949123837036469,30.35862,13.93681,0.4452923055521492,0.689312488994727,251.5990584830753
150302,LIMA ,CAJATAMBO,COPA,SIERRA,854.0,848.0,6.0,0.437675332039757,0.62525047434251,-10.3863888888889,-77.0788888888889,3433.0,4.8972473604826599,0.153212123029508,37.15457,17.78264,0.4452923055521492,0.3655849828583145,133.4385187432848
150303,LIMA ,CAJATAMBO,GORGOR,SIERRA,1650.0,393.0,1257.0,0.437675332039757,0.62525047434251,-10.6211111111111,-77.0413888888889,3049.0,6.4365220196806003,0.277028424735415,37.15457,17.12071,0.4452923055521492,0.1536258454154914,56.0734335766544
150304,LIMA ,CAJATAMBO,HUANCAPON,SIERRA,960.0,642.0,318.0,0.437675332039757,0.62525047434251,-10.5494444444444,-77.1125,3187.0,8.0219028062970494,0.391819825888228,30.35862,21.81547,0.4452923055521492,0.262722460275768,95.89369800065532
150305,LIMA ,CAJATAMBO,MANAS,SIERRA,976.0,536.0,440.0,0.437675332039757,0.6252504743425101,-10.5955555555556,-77.1672222222222,2457.0,4.27895642201835,0.4741262708635929,20.099202,13.58578,0.4452923055521492,0.223982029692731,81.75344083784684
150401,LIMA ,CANTA,CANTA,SIERRA,2291.0,2149.0,142.0,0.55,0.785714285714286,-11.4672222222222,-76.6244444444444,2867.0,29.3200097489642,0.618661153476526,10.535405,4.1042,0.62,1.2871199999999998,469.7987999999999
150402,LIMA ,CANTA,ARAHUAY,SIERRA,596.0,289.0,307.0,0.437675332039757,0.6252504743425099,-11.6213888888889,-76.6702777777778,2533.0,5.1977064561769302,0.408033660956506,20.90718,6.476797,0.4452923055521492,0.1197836301935281,43.72102502063777
150403,LIMA ,CANTA,HUAMANTANGA,SIERRA,661.0,566.0,95.0,0.4203505822563048,0.6005008317947212,-11.4991666666667,-76.7494444444445,3414.0,1.7763117457845901,0.377657880482587,16.498952,8.044206,0.4452923055521492,0.2346690450259826,85.65420143448365
150404,LIMA ,CANTA,HUAROS,SIERRA,770.0,683.0,87.0,0.22,0.3142857142857143,-11.4066666666667,-76.5758333333333,3614.0,3.0649272754535901,0.424069174906948,23.0563,3.41276,0.8,0.5272,192.428
150405,LIMA ,CANTA,LACHAQUI,SIERRA,886.0,687.0,199.0,0.2,0.2857142857142857,-11.5530555555556,-76.6255555555555,3686.0,7.5360847174874896,0.4364126928209849,20.90718,6.041495,0.67,0.44086,160.9139
150406,LIMA ,CANTA,SAN BUENAVENTURA,SIERRA,585.0,546.0,39.0,0.437675332039757,0.62525047434251,-11.4891666666667,-76.6622222222222,2743.0,4.6395633352155103,0.4467305802547529,23.0563,6.592225,0.59,0.33099,120.81135
150407,LIMA ,CANTA,SANTA ROSA DE QUIVES,SIERRA,5893.0,3720.0,2173.0,0.25,0.3571428571428571,-11.6952777777778,-76.8461111111111,936.0,17.4781308960819,0.600015396794461,10.835157,1.412468,0.25,0.89525,326.76625
150501,LIMA ,CAÑETE,SAN VICENTE DE CAÑETE,COSTA,57964.0,51173.0,6791.0,0.43,0.6142857142857143,-13.0777777777778,-76.3877777777778,77.0,118.645620189029,0.7067903522986189,11.07373,0.973954,0.43,23.52229,8585.63585
150502,LIMA ,CAÑETE,ASIA,COSTA,10249.0,9069.0,1180.0,0.52,0.7428571428571428,-12.7791666666667,-76.5566666666667,69.0,44.101528699163502,0.6740701051618329,11.07373,0.425574,0.53,5.18393,1892.13445
150503,LIMA ,CAÑETE,CALANGO,COSTA,2385.0,1092.0,1293.0,0.39,0.5571428571428572,-12.5263888888889,-76.5436111111111,323.0,4.6205428619864701,0.60296633114481,8.154119,1.160168,0.5,0.5355,195.4575
150504,LIMA ,CAÑETE,CERRO AZUL,COSTA,8453.0,7660.0,793.0,0.32,0.4571428571428572,-13.025,-76.4788888888889,17.0,84.126379901027803,0.65316079555806,15.12561,0.309047,0.33,2.79906,1021.6569
150505,LIMA ,CAÑETE,CHILCA,COSTA,22605.0,21854.0,751.0,0.55,0.7857142857142858,-12.5180555555556,-76.7380555555555,31.0,39.935221990872201,0.703305242204801,15.12561,0.329221,0.56,13.68304,4994.3096
150506,LIMA ,CAÑETE,COAYLLO,COSTA,1034.0,506.0,528.0,0.499650387386001,0.7137862676942872,-12.7272222222222,-76.4602777777778,285.0,2.5262694800250398,0.623067855332826,13.13157,1.311617,0.4881283256607997,0.2494335744126686,91.04325466062406
150507,LIMA ,CAÑETE,IMPERIAL,COSTA,38239.0,36351.0,1888.0,0.59,0.842857142857143,-13.0605555555556,-76.3527777777777,112.0,861.04213694507098,0.686345311887959,15.12561,0.702584,0.58,21.587019999999995,7879.2622999999985
150508,LIMA ,CAÑETE,LUNAHUANA,COSTA,4103.0,3652.0,451.0,0.499650387386001,0.7137862676942873,-12.9705555555556,-76.1511111111111,498.0,9.1839386005236605,0.662332491322906,10.52626,1.696827,0.4881283256607997,1.7279742728392309,630.7106095863193
150509,LIMA ,CAÑETE,MALA,COSTA,33062.0,31031.0,2031.0,0.53,0.7571428571428569,-12.6575,-76.6325,58.0,267.33431289150099,0.685813872679625,10.343208,0.318092,0.47,15.2985,5583.9525
150510,LIMA ,CAÑETE,NUEVO IMPERIAL,COSTA,27242.0,24659.0,2583.0,0.65,0.9285714285714284,-13.0755555555556,-76.3166666666667,169.0,74.746431825083505,0.654613604525703,23.973065,1.692201,0.21,5.65068,2062.4982
150511,LIMA ,CAÑETE,PACARAN,COSTA,1677.0,711.0,966.0,0.499650387386001,0.7137862676942873,-12.8661111111111,-76.0541666666667,721.0,7.8076685219542403,0.6617028053346479,17.152115,1.655069,0.4881283256607997,0.3402254429855774,124.18228668973576
150512,LIMA ,CAÑETE,QUILMANA,COSTA,15944.0,14049.0,1895.0,0.46,0.6571428571428573,-12.9494444444444,-76.3827777777777,185.0,40.857338820301798,0.6472904660159269,16.481916,1.471467,0.53,7.69189,2807.53985
150513,LIMA ,CAÑETE,SAN ANTONIO,COSTA,4513.0,3755.0,758.0,0.48,0.6857142857142857,-12.6422222222222,-76.6494444444445,67.0,114.56258411843901,0.737676200582984,10.52626,0.138605,0.48,1.88496,688.0104
150514,LIMA ,CAÑETE,SAN LUIS,COSTA,13012.0,12113.0,899.0,0.43,0.6142857142857143,-13.0511111111111,-76.4311111111111,36.0,383.28575136257501,0.68516251502848,20.363295,0.774731,0.43,5.30577,1936.60605
150515,LIMA ,CAÑETE,SANTA CRUZ DE FLORES,COSTA,3118.0,2445.0,673.0,0.47,0.6714285714285715,-12.6197222222222,-76.6397222222222,111.0,29.4223465920448,0.702148223523809,3.28305228,0.437192,0.48,1.2192,445.008
150516,LIMA ,CAÑETE,ZUÑIGA,COSTA,1350.0,883.0,467.0,0.499650387386001,0.7137862676942873,-12.8602777777778,-76.0225,827.0,7.7672844805817904,0.6861333928798339,13.13157,2.194483,0.4881283256607997,0.4066108952754462,148.41297677553786
150601,LIMA ,HUARAL,HUARAL,COSTA,103183.0,95166.0,8017.0,0.62,0.8857142857142857,-11.4952777777778,-77.2069444444444,195.0,181.53910980710401,0.644704866187779,10.202786,0.801073,0.62,61.7768,22548.532
150602,LIMA ,HUARAL,ATAVILLOS ALTO,SIERRA,675.0,522.0,153.0,0.437675332039757,0.62525047434251,-11.2341666666667,-76.6558333333333,3293.0,2.3785556098823699,0.531688575314314,18.89067,4.554652,0.4452923055521492,0.2173026451094488,79.31546546494882
150603,LIMA ,HUARAL,ATAVILLOS BAJO,SIERRA,865.0,841.0,24.0,0.437675332039757,0.62525047434251,-11.3519444444444,-76.8255555555555,1885.0,5.4399902965613496,0.5223306587904178,10.15881,1.690113,0.2,0.1554,56.721
150604,LIMA ,HUARAL,AUCALLAMA,COSTA,20599.0,15229.0,5370.0,0.48,0.6857142857142858,-11.5594444444444,-77.18,154.0,24.255219972306399,0.606011890732538,11.157996,1.589529,0.49,7.88459,2877.8753500000003
150605,LIMA ,HUARAL,CHANCAY,COSTA,59594.0,55135.0,4459.0,0.56,0.8000000000000002,-11.5630555555556,-77.2705555555555,58.0,425.72113783225598,0.6328991168419599,15.427087,0.557873,0.61,35.17382,12838.4443
150606,LIMA ,HUARAL,IHUARI,SIERRA,2052.0,954.0,1098.0,0.437675332039757,0.62525047434251,-11.1886111111111,-76.95194444444449,2850.0,6.4019500930143103,0.3382077703963209,25.382449,11.76025,0.4452923055521492,0.3865137212192655,141.0775082450319
150607,LIMA ,HUARAL,LAMPIAN,SIERRA,324.0,299.0,25.0,0.437675332039757,0.6252504743425099,-11.2377777777778,-76.8391666666667,2467.0,3.8490722218390001,0.4741460467563349,10.15881,10.69548,0.4452923055521492,0.1206742148046324,44.046088403690845
150608,LIMA ,HUARAL,PACARAOS,SIERRA,1137.0,1106.0,31.0,0.437675332039757,0.62525047434251,-11.1861111111111,-76.6477777777778,3348.0,3.5165283634879598,0.5008795105432349,22.182353,9.302753,0.45,0.5607000000000001,204.6555
150609,LIMA ,HUARAL,SAN MIGUEL DE ACOS,SIERRA,642.0,516.0,126.0,0.44,0.6285714285714286,-11.2738888888889,-76.8219444444444,1591.0,16.4659468438538,0.562414960646733,14.61059,1.577455,0.6,0.2964,108.186
150610,LIMA ,HUARAL,SANTA CRUZ DE ANDAMARCA,SIERRA,788.0,342.0,446.0,0.437675332039757,0.6252504743425101,-11.1947222222222,-76.6344444444445,3550.0,1.98229762124285,0.5338535285307588,18.89067,3.714525,0.5,0.1535,56.0275
150611,LIMA ,HUARAL,SUMBILCA,SIERRA,698.0,410.0,288.0,0.437675332039757,0.6252504743425101,-11.4066666666667,-76.8197222222222,3396.0,3.6972781247590398,0.400369742711907,18.89067,10.22755,0.66,0.24684,90.0966
150612,LIMA ,HUARAL,VEINTISIETE DE NOVIEMBRE,SIERRA,397.0,384.0,13.0,0.27,0.3857142857142858,-11.1922222222222,-76.7797222222222,2640.0,2.9666617711851999,0.462771083488489,14.61059,7.275072,0.27,0.09666,35.2809
150701,LIMA ,HUAROCHIRI,MATUCANA,SIERRA,4057.0,3303.0,754.0,0.54,0.7714285714285716,-11.845,-76.3861111111111,2395.0,32.980383415069099,0.57820765576424,19.002943,2.378808,0.42,1.3221599999999998,482.5883999999999
150702,LIMA ,HUAROCHIRI,ANTIOQUIA,COSTA,1246.0,410.0,836.0,0.42,0.5999999999999999,-12.0808333333333,-76.5108333333333,1573.0,4.7012732615083301,0.4749918334148219,9.85830232,2.349596,0.4881283256607997,0.1767024538892095,64.49639566956147
150703,LIMA ,HUAROCHIRI,CALLAHUANCA,SIERRA,718.0,588.0,130.0,0.57,0.8142857142857143,-11.8263888888889,-76.6188888888888,1807.0,16.512963285192299,0.5652165875341179,10.61693,0.570061,0.57,0.2889899999999999,105.48135
150704,LIMA ,HUAROCHIRI,CARAMPOMA,SIERRA,322.0,311.0,11.0,0.13,0.1857142857142857,-11.6563888888889,-76.5163888888889,3459.0,2.2714657785747798,0.509910961044937,14.37027,3.99818,0.63,0.18333,66.91545
150705,LIMA ,HUAROCHIRI,CHICLA,SIERRA,3439.0,2010.0,1429.0,0.57,0.8142857142857142,-11.7063888888889,-76.2680555555555,3703.0,10.876689881196199,0.748110396131153,24.603923,0.484131,0.36,0.5965199999999999,217.7298
150706,LIMA ,HUAROCHIRI,CUENCA,SIERRA,460.0,126.0,334.0,0.65,0.9285714285714286,-12.1322222222222,-76.4352777777778,2784.0,11.0963012329224,0.313482002839907,30.06248,12.51499,0.4452923055521492,0.0529897843607057,19.3412712916576
150707,LIMA ,HUAROCHIRI,HUACHUPAMPA,SIERRA,543.0,529.0,14.0,0.55,0.7857142857142858,-11.7211111111111,-76.5886111111111,2938.0,7.80057879505393,0.419166736315691,14.37027,6.867778,0.55,0.2629,95.95850000000002
150708,LIMA ,HUAROCHIRI,HUANZA,SIERRA,784.0,652.0,132.0,0.48,0.6857142857142857,-11.6561111111111,-76.5036111111111,3431.0,3.1760715386987401,0.4584544525649519,18.9465,3.619742,0.48,0.2784,101.616
150709,LIMA ,HUAROCHIRI,HUAROCHIRI,SIERRA,1282.0,1129.0,153.0,0.5,0.7142857142857143,-12.1361111111111,-76.2319444444445,3170.0,7.1138945762575796,0.438765333183919,18.9465,5.355867,0.5,0.5185,189.2525
150710,LIMA ,HUAROCHIRI,LAHUAYTAMBO,SIERRA,610.0,293.0,317.0,0.437675332039757,0.6252504743425099,-12.0963888888889,-76.3888888888889,3362.0,8.5613092330239393,0.2626081532146399,22.87538,7.741377,0.4452923055521492,0.1126589533046937,41.12051795621322
150711,LIMA ,HUAROCHIRI,LANGA,SIERRA,863.0,502.0,361.0,0.437675332039757,0.62525047434251,-12.1255555555556,-76.4211111111111,2889.0,13.927645388319499,0.293286460275188,30.06248,13.59065,0.4452923055521492,0.1994909528873628,72.81419780388744
150712,LIMA ,HUAROCHIRI,SAN PEDRO DE LARAOS,SIERRA,605.0,581.0,24.0,0.437675332039757,0.62525047434251,-11.6644444444444,-76.5394444444444,3683.0,3.5594679934934401,0.457538487054228,18.9465,5.735721,0.4452923055521492,0.2306614142760132,84.19141621074485
150713,LIMA ,HUAROCHIRI,MARIATANA,SIERRA,1415.0,282.0,1133.0,0.437675332039757,0.6252504743425099,-12.2372222222222,-76.3261111111111,3561.0,10.9470438237562,0.14221353110556,30.06248,9.040391,0.4452923055521492,0.1131042456102459,41.28304964773975
150714,LIMA ,HUAROCHIRI,RICARDO PALMA,COSTA,6573.0,6302.0,271.0,0.73,1.0428571428571427,-11.9236111111111,-76.665,975.0,242.5267418329,0.6258965412600689,5.363192,0.271599,0.73,4.66689,1703.41485
150715,LIMA ,HUAROCHIRI,SAN ANDRES DE TUPICOCHA,SIERRA,1331.0,785.0,546.0,0.437675332039757,0.62525047434251,-12.0022222222222,-76.4747222222222,3321.0,23.287342531493699,0.188965097892262,38.917882,12.89085,0.2,0.142,51.83
150716,LIMA ,HUAROCHIRI,SAN ANTONIO,COSTA,5845.0,1423.0,4422.0,0.499650387386001,0.7137862676942873,-11.7436111111111,-76.65,3456.0,78.054969037775706,0.3755896560439069,18.9465,3.422982,0.4881283256607997,0.6589732396420797,240.52523246935908
150717,LIMA ,HUAROCHIRI,SAN BARTOLOME,SIERRA,1125.0,809.0,316.0,0.42,0.6,-11.9119444444444,-76.5291666666667,1644.0,33.022090639945397,0.541561313042993,10.61693,0.784057,0.43,0.31175,113.78875
150718,LIMA ,HUAROCHIRI,SAN DAMIAN,SIERRA,1159.0,985.0,174.0,0.437675332039757,0.6252504743425101,-12.0177777777778,-76.3919444444445,3252.0,5.2124002097779796,0.3265060561911259,27.715424,14.18988,0.4452923055521492,0.4052159980524558,147.90383928914636
150719,LIMA ,HUAROCHIRI,SAN JUAN DE IRIS,SIERRA,659.0,654.0,5.0,0.437675332039757,0.6252504743425101,-11.6830555555556,-76.525,3436.0,3.27407288231035,0.4541918718147169,22.87538,7.41836,0.52,0.32136,117.2964
150720,LIMA ,HUAROCHIRI,SAN JUAN DE TANTARANCHE,SIERRA,357.0,337.0,20.0,0.4203505822563048,0.600500831794721,-12.1136111111111,-76.1825,3436.0,3.2152230971128599,0.298897950703628,30.06248,7.197119,0.8,0.2504,91.396
150721,LIMA ,HUAROCHIRI,SAN LORENZO DE QUINTI,SIERRA,1165.0,1001.0,164.0,0.2,0.2857142857142857,-12.1452777777778,-76.2125,2682.0,3.0967962701569798,0.3981890693598649,18.9465,10.70279,0.56,0.51856,189.2744
150722,LIMA ,HUAROCHIRI,SAN MATEO,SIERRA,4018.0,3525.0,493.0,0.3,0.4285714285714286,-11.7591666666667,-76.3005555555555,3164.0,12.8195488721805,0.587549268760578,12.31816,1.68378,0.31,1.02517,374.18705000000006
150723,LIMA ,HUAROCHIRI,SAN MATEO DE OTAO,SIERRA,1379.0,189.0,1190.0,0.437675332039757,0.62525047434251,-11.8702777777778,-76.5438888888889,2084.0,17.391655233637302,0.420071860863103,18.9465,3.34821,0.4452923055521492,0.0712467688883438,26.00507064424552
150724,LIMA ,HUAROCHIRI,SAN PEDRO DE CASTA,SIERRA,916.0,709.0,207.0,0.79,1.1285714285714286,-11.7588888888889,-76.5963888888889,3196.0,14.991865849080201,0.4144412476612729,9.422855,2.899056,0.72,0.46224,168.7176
150725,LIMA ,HUAROCHIRI,SAN PEDRO DE HUANCAYRE,SIERRA,204.0,189.0,15.0,0.4203505822563048,0.6005008317947211,-12.1313888888889,-76.2155555555556,3140.0,6.4910179640718599,0.343481978526388,18.9465,5.10308,0.4452923055521492,0.0774808611660739,28.280514325616995
150726,LIMA ,HUAROCHIRI,SANGALLAYA,SIERRA,640.0,181.0,459.0,0.437675332039757,0.62525047434251,-12.1608333333333,-76.2288888888889,2779.0,7.8857421875,0.372610071847287,22.87538,13.45007,0.39,0.06318,23.0607
150727,LIMA ,HUAROCHIRI,SANTA CRUZ DE COCACHACRA,SIERRA,2617.0,2362.0,255.0,0.22,0.3142857142857143,-11.9116666666667,-76.5394444444444,1440.0,64.265060240963905,0.6317529469312209,4.991603,0.942158,0.21,0.4956,180.894
150728,LIMA ,HUAROCHIRI,SANTA EULALIA,COSTA,13124.0,12489.0,635.0,0.51,0.7285714285714286,-11.9016666666667,-76.6638888888889,1048.0,131.76745860331201,0.635569526528565,12.31816,0.634333,0.55,7.0207500000000005,2562.57375
150729,LIMA ,HUAROCHIRI,SANTIAGO DE ANCHUCAYA,SIERRA,299.0,295.0,4.0,0.4203505822563048,0.600500831794721,-12.0955555555556,-76.2305555555556,3400.0,5.2760344644186796,0.426061940551241,14.37027,5.316319,0.63,0.16695,60.93675
150730,LIMA ,HUAROCHIRI,SANTIAGO DE TUNA,SIERRA,399.0,322.0,77.0,0.57,0.8142857142857143,-11.9838888888889,-76.5252777777778,2913.0,11.3732718894009,0.286343036036574,18.9465,16.48175,0.56,0.15624,57.02760000000001
150731,LIMA ,HUAROCHIRI,SANTO DOMINGO DE LOS OLLEROS,COSTA,3306.0,559.0,2747.0,0.499650387386001,0.7137862676942872,-12.2188888888889,-76.5141666666667,2861.0,10.932068366164501,0.40817004614556,18.9465,2.377365,0.4881283256607997,0.2533386010179551,92.4685893715536
150732,LIMA ,HUAROCHIRI,SURCO,SIERRA,1411.0,1040.0,371.0,0.437675332039757,0.62525047434251,-11.8825,-76.4361111111111,2049.0,19.467732501462301,0.518585025421178,18.9465,3.771716,0.4452923055521492,0.420801228746781,153.59244849257507
150801,LIMA ,HUAURA,HUACHO,COSTA,67213.0,66635.0,578.0,0.75,1.0714285714285716,-11.1080555555556,-77.6102777777778,46.0,97.785277955984498,0.73273455373379,6.985906,0.162284,0.75,53.60325,19565.18625
150802,LIMA ,HUAURA,AMBAR,COSTA,2107.0,402.0,1705.0,0.499650387386001,0.7137862676942873,-10.7561111111111,-77.2719444444444,2084.0,2.7224421306255899,0.3164481160922539,38.488498,13.48492,0.4881283256607997,0.1703567856556191,62.18022676430097
150803,LIMA ,HUAURA,CALETA DE CARQUIN,COSTA,8233.0,8131.0,102.0,0.53,0.7571428571428571,-11.0916666666667,-77.6283333333333,28.0,3317.1568627451002,0.555855570780857,12.42944,0.421958,0.3,2.7006,985.719
150804,LIMA ,HUAURA,CHECRAS,SIERRA,888.0,516.0,372.0,0.437675332039757,0.62525047434251,-10.9180555555556,-76.8255555555555,3305.0,6.0046883452545501,0.341389797619133,25.10339,13.74433,0.4452923055521492,0.2061703374706451,75.25217317678546
150805,LIMA ,HUAURA,HUALMAY,COSTA,28163.0,28082.0,81.0,0.51,0.7285714285714284,-11.0966666666667,-77.6130555555555,47.0,5036.1445783132503,0.6533652047552299,12.42944,0.334067,0.75,21.77475,7947.78375
150806,LIMA ,HUAURA,HUAURA,COSTA,35707.0,32140.0,3567.0,0.43,0.6142857142857142,-11.0697222222222,-77.5991666666667,96.0,79.5491608694755,0.6443321130460509,14.952362,1.210528,0.68,22.863640000000004,8345.228600000002
150807,LIMA ,HUAURA,LEONCIO PRADO,SIERRA,1933.0,499.0,1434.0,0.41,0.5857142857142857,-11.0611111111111,-76.9302777777778,3299.0,8.1231466364575393,0.387158091304018,22.39207,9.142195,0.44,0.20592,75.1608
150808,LIMA ,HUAURA,PACCHO,SIERRA,1534.0,924.0,610.0,0.437675332039757,0.62525047434251,-10.9575,-76.9333333333333,3275.0,6.8658669574700104,0.164058433094661,25.10339,11.7498,0.4452923055521492,0.3740455366638053,136.52662088228897
150809,LIMA ,HUAURA,SANTA LEONOR,SIERRA,766.0,482.0,284.0,0.437675332039757,0.62525047434251,-10.9486111111111,-76.745,3583.0,3.09462302591281,0.317292340864514,22.39207,6.073739,0.4452923055521492,0.211959137442823,77.36508516663041
150810,LIMA ,HUAURA,SANTA MARIA,COSTA,38124.0,35646.0,2478.0,0.54,0.7714285714285714,-11.0966666666667,-77.595,83.0,311.59909026742997,0.6256541286888259,14.92582,0.700306,0.49,18.35295,6698.82675
150811,LIMA ,HUAURA,SAYAN,COSTA,24094.0,16180.0,7914.0,0.65,0.9285714285714284,-11.1352777777778,-77.1936111111111,689.0,19.155915988312199,0.625259356790912,18.325115,1.470379,0.521567928503992,8.523984655540742,3111.254399272371
150812,LIMA ,HUAURA,VEGUETA,COSTA,27118.0,23484.0,3634.0,0.46,0.6571428571428574,-11.0233333333333,-77.6438888888889,40.0,107.03192747339401,0.6058977644686259,18.854468,1.821103,0.49,12.24314,4468.746099999999
150901,LIMA ,OYON,OYON,SIERRA,11933.0,9894.0,2039.0,0.39,0.5571428571428573,-10.6680555555556,-76.7733333333333,3648.0,12.524286019114401,0.632962684973853,22.084185,2.486039,0.38,3.67536,1341.5064
150902,LIMA ,OYON,ANDAJES,SIERRA,517.0,351.0,166.0,0.43,0.6142857142857144,-10.7927777777778,-76.9091666666667,3505.0,4.0558779862329599,0.488912671302618,17.31813,8.831783,0.4452923055521492,0.1309159378323318,47.784317308801135
150903,LIMA ,OYON,CAUJUL,SIERRA,547.0,218.0,329.0,0.437675332039757,0.62525047434251,-10.8058333333333,-76.9791666666667,3185.0,5.8862559241706203,0.4187116673895939,21.01269,6.108203,0.4452923055521492,0.0810431996104911,29.580767857829272
150904,LIMA ,OYON,COCHAMARCA,SIERRA,1054.0,335.0,719.0,0.4203505822563048,0.600500831794721,-10.8633333333333,-77.1288888888889,3492.0,6.8009790999811699,0.1959337384896779,51.530694,4.545763,0.4452923055521492,0.1300253532212275,47.45925392574807
150905,LIMA ,OYON,NAVAN,SIERRA,840.0,259.0,581.0,0.437675332039757,0.6252504743425099,-10.8377777777778,-77.01444444444449,3131.0,4.1952808593062096,0.3734868072865459,21.01269,7.135815,0.4452923055521492,0.1028625225825464,37.54482074262947
150906,LIMA ,OYON,PACHANGARA,SIERRA,2422.0,1961.0,461.0,0.7,1.0,-10.8111111111111,-76.875,2283.0,12.6879587383456,0.53483454379881,17.31813,4.040792,0.26,0.46956,171.3894
151001,LIMA ,YAUYOS,YAUYOS,SIERRA,1353.0,1143.0,210.0,0.8,1.142857142857143,-12.4597222222222,-75.9183333333333,2895.0,5.7370785829996596,0.5786459756412529,25.410742,4.06158,0.45,0.4509,164.57850000000002
151002,LIMA ,YAUYOS,ALIS,SIERRA,1479.0,240.0,1239.0,0.437675332039757,0.6252504743425101,-12.2811111111111,-75.7863888888889,3285.0,2.9564972546811199,0.646897391322081,15.10272,5.877901,0.4452923055521492,0.1001907687492335,36.56963059347025
151003,LIMA ,YAUYOS,AYAUCA,SIERRA,1111.0,489.0,622.0,0.437675332039757,0.62525047434251,-12.5911111111111,-76.0369444444444,3151.0,3.4093757834043599,0.544151552155405,24.30848,9.003215,0.4452923055521492,0.1883586452485591,68.75090551572409
151004,LIMA ,YAUYOS,AYAVIRI,SIERRA,533.0,510.0,23.0,0.52,0.7428571428571429,-12.3825,-76.1369444444445,3263.0,2.65042080140686,0.4011283003892829,18.6596,7.089975,0.52,0.2438799999999999,89.0162
151005,LIMA ,YAUYOS,AZANGARO,SIERRA,423.0,136.0,287.0,0.437675332039757,0.62525047434251,-13.0,-75.8372222222222,3435.0,9.11823647294589,0.2697156175123069,37.08105,28.09849,0.4452923055521492,0.0534350766662579,19.503802983184137
151006,LIMA ,YAUYOS,CACRA,SIERRA,523.0,212.0,311.0,0.437675332039757,0.62525047434251,-12.8125,-75.7830555555555,2788.0,2.7316525562467802,0.3773058425934199,33.67981,5.815455,0.4452923055521492,0.0903943380270863,32.9939333798865
151007,LIMA ,YAUYOS,CARANIA,SIERRA,160.0,122.0,38.0,1.04,1.4857142857142858,-12.3455555555556,-75.8694444444444,3846.0,2.02243511012855,0.381521653557987,28.65267,8.593813,0.77,0.08239,30.07235
151008,LIMA ,YAUYOS,CATAHUASI,SIERRA,1074.0,727.0,347.0,0.437675332039757,0.62525047434251,-12.7994444444444,-75.8913888888889,1203.0,11.068948813176201,0.505882218006317,16.38022,3.212551,0.4452923055521492,0.313485783108713,114.42231083468026
151009,LIMA ,YAUYOS,CHOCOS,SIERRA,790.0,258.0,532.0,0.4203505822563048,0.6005008317947212,-12.9144444444444,-75.8627777777777,2733.0,6.91756104419553,0.2968480454074329,37.08105,23.08052,0.4452923055521492,0.1019719379714421,37.21975735957639
151010,LIMA ,YAUYOS,COCHAS,SIERRA,219.0,206.0,13.0,0.437675332039757,0.62525047434251,-12.2941666666667,-76.1575,2851.0,6.2747926433465597,0.4055246911411469,16.38022,7.074961,0.4452923055521492,0.0854961226660126,31.20608477309462
151011,LIMA ,YAUYOS,COLONIA,SIERRA,1112.0,424.0,688.0,0.437675332039757,0.62525047434251,-12.6338888888889,-75.8902777777778,3399.0,5.28768983825164,0.2680368897208509,24.30848,12.86522,0.4452923055521492,0.1705469530264731,62.2496378546627
151012,LIMA ,YAUYOS,HONGOS,SIERRA,327.0,294.0,33.0,0.57,0.8142857142857143,-12.8108333333333,-75.7652777777778,3215.0,4.6724470134874796,0.1976684166426989,28.65267,15.52733,0.57,0.15675,57.21375
151013,LIMA ,YAUYOS,HUAMPARA,SIERRA,145.0,136.0,9.0,0.437675332039757,0.62525047434251,-12.3602777777778,-76.1672222222222,2501.0,6.9590967980751399,0.362834278792794,7.71324186,4.139242,0.55,0.06545,23.889250000000004
151014,LIMA ,YAUYOS,HUANCAYA,SIERRA,547.0,473.0,74.0,0.47,0.6714285714285714,-12.2033333333333,-75.7991666666667,3591.0,1.82299012693935,0.472776511396356,11.93167,7.943805,0.47,0.19082,69.6493
151015,LIMA ,YAUYOS,HUANGASCAR,SIERRA,650.0,373.0,277.0,0.437675332039757,0.62525047434251,-12.8994444444444,-75.8319444444444,2529.0,17.023384859294499,0.443344216750002,28.65267,16.29891,0.4452923055521492,0.1589693530821172,58.0238138749728
151016,LIMA ,YAUYOS,HUANTAN,SIERRA,938.0,603.0,335.0,0.437675332039757,0.62525047434251,-12.4563888888889,-75.8116666666667,3315.0,1.8592040282753901,0.502161494038109,28.65267,13.05102,0.4452923055521492,0.2640583371924244,96.38129307523492
151017,LIMA ,YAUYOS,HUAÑEC,SIERRA,442.0,412.0,30.0,0.437675332039757,0.62525047434251,-12.2938888888889,-76.1386111111111,3222.0,12.9461907298881,0.369170254365948,18.6596,5.537394,0.4452923055521492,0.1825698452763811,66.63799352587912
151018,LIMA ,YAUYOS,LARAOS,SIERRA,546.0,386.0,160.0,0.21,0.3000000000000001,-12.3466666666667,-75.7858333333333,3492.0,1.30569690951967,0.6158046705733679,18.08193,3.551754,0.41,0.13653,49.833450000000006
151019,LIMA ,YAUYOS,LINCHA,SIERRA,436.0,122.0,314.0,0.437675332039757,0.6252504743425099,-12.7997222222222,-75.6666666666667,3516.0,5.58719826417141,0.1629729675738209,51.726324,22.95502,0.4452923055521492,0.044974522860767,16.41570084417998
151020,LIMA ,YAUYOS,MADEAN,SIERRA,553.0,198.0,355.0,0.437675332039757,0.6252504743425099,-12.9444444444444,-75.7772222222222,3292.0,4.6982602392171096,0.178409428149845,37.08105,15.5916,0.4452923055521492,0.0770355688605218,28.117982634090463
151021,LIMA ,YAUYOS,MIRAFLORES,SIERRA,225.0,180.0,45.0,1.15,1.6428571428571428,-12.2744444444444,-75.8502777777778,3677.0,1.18900282885431,0.4150988874682269,18.08193,10.91025,0.8,0.12,43.8
151022,LIMA ,YAUYOS,OMAS,SIERRA,620.0,359.0,261.0,0.437675332039757,0.62525047434251,-12.5147222222222,-76.2894444444444,1572.0,2.6104621635347902,0.3162073006592749,15.10272,3.269984,0.4452923055521492,0.1545164300265957,56.39849695970745
151023,LIMA ,YAUYOS,PUTINZA,SIERRA,512.0,465.0,47.0,0.437675332039757,0.6252504743425099,-12.6680555555556,-75.9494444444445,1985.0,12.3871161950632,0.405037634237615,24.30848,3.218113,0.4452923055521492,0.2110685528317187,77.04002178357734
151024,LIMA ,YAUYOS,QUINCHES,SIERRA,591.0,397.0,194.0,0.437675332039757,0.62525047434251,-12.3077777777778,-76.1433333333333,2981.0,8.0737668754963394,0.387391924134668,34.57376,12.40808,0.4452923055521492,0.1491729223599699,54.44811666138904
151025,LIMA ,YAUYOS,QUINOCAY,SIERRA,427.0,362.0,65.0,0.437675332039757,0.62525047434251,-12.3622222222222,-76.2263888888889,2672.0,4.2904721478482299,0.2701484733661719,15.10272,3.382689,0.46,0.15134,55.2391
151026,LIMA ,YAUYOS,SAN JOAQUIN,SIERRA,163.0,137.0,26.0,0.56,0.8000000000000002,-12.2838888888889,-76.1469444444445,2960.0,4.6314258001939903,0.4418909374292839,6.71146924,4.374597,0.54,0.06534,23.849100000000004
151027,LIMA ,YAUYOS,SAN PEDRO DE PILAS,SIERRA,277.0,215.0,62.0,0.437675332039757,0.62525047434251,-12.4544444444444,-76.2269444444444,2678.0,4.1174658589177504,0.331200654216298,15.10272,6.225178,0.43,0.08256,30.134400000000003
151028,LIMA ,YAUYOS,TANTA,SIERRA,502.0,487.0,15.0,0.437675332039757,0.62525047434251,-12.1222222222222,-76.0133333333333,4293.0,1.99913582025061,0.392348261235323,18.6596,6.807837,0.71,0.34719,126.72435
151029,LIMA ,YAUYOS,TAURIPAMPA,SIERRA,496.0,367.0,129.0,0.437675332039757,0.6252504743425101,-12.6172222222222,-76.1619444444444,3526.0,1.4806163583619001,0.2557152820770399,11.93167,9.805613,0.4452923055521492,0.1554070146377001,56.723560342760535
151030,LIMA ,YAUYOS,TOMAS,SIERRA,512.0,233.0,279.0,0.437675332039757,0.6252504743425099,-12.2377777777778,-75.745,3580.0,2.2287114422851002,0.5323127977594079,34.57376,4.266899,0.4452923055521492,0.0850508303604604,31.04355308156808
151031,LIMA ,YAUYOS,TUPE,SIERRA,501.0,291.0,210.0,0.437675332039757,0.6252504743425101,-12.7411111111111,-75.8094444444444,2841.0,2.4381130312937902,0.328191499159441,33.67981,23.79489,0.4452923055521492,0.1184477532768717,43.233429946058166
151032,LIMA ,YAUYOS,VIÑAC,SIERRA,1634.0,612.0,1022.0,0.437675332039757,0.6252504743425101,-12.9311111111111,-75.78,3315.0,15.0335895418508,0.3534677494802669,32.051319,17.84153,0.4452923055521492,0.256488367998038,93.61825431928386
151033,LIMA ,YAUYOS,VITIS,SIERRA,287.0,275.0,12.0,0.35,0.5000000000000001,-12.2238888888889,-75.8080555555555,3625.0,3.08478239512722,0.515070962652723,7.49862388,12.71125,0.2,0.0472,17.228
160101,LORETO,MAYNAS,IQUITOS,SELVA,163209.0,161138.0,2071.0,0.59,0.842857142857143,-3.74805555555556,-73.2441666666667,107.0,487.28465726650802,0.6598204400488459,8.626166,0.859678,0.59,95.54814,34875.0711
160102,LORETO,MAYNAS,ALTO NANAY,SELVA,3219.0,756.0,2463.0,0.5413538747534213,0.7733626782191735,-3.88833333333333,-73.6975,115.0,0.32447426003144703,0.289752872640128,48.637013,13.1751,0.5188473382439173,0.3865412669917183,141.0875624519772
160103,LORETO,MAYNAS,FERNANDO LORES,SELVA,14627.0,6296.0,8331.0,0.72,1.0285714285714287,-4.00166666666667,-73.1569444444444,129.0,4.2109472564837498,0.3226882679723789,49.219241,19.36864,0.52,2.9042000000000003,1060.033
160104,LORETO,MAYNAS,INDIANA,SELVA,11760.0,4369.0,7391.0,0.52,0.7428571428571428,-3.50027777777778,-73.0411111111111,98.0,4.5976662946970102,0.338708557491318,49.991401,15.36699,0.55,2.25665,823.6772500000001
160105,LORETO,MAYNAS,LAS AMAZONAS,SELVA,8680.0,2725.0,5955.0,0.5413538747534213,0.7733626782191734,-3.42305555555556,-72.76444444444449,100.0,1.8787801578490799,0.226551742957465,50.825355,19.33859,0.5188473382439173,1.272732520712329,464.5473700600001
160106,LORETO,MAYNAS,MAZAN,SELVA,14014.0,5293.0,8721.0,0.5413538747534213,0.7733626782191735,-3.48861111111111,-73.0816666666667,106.0,1.87965132513446,0.29112826806939,51.315124,11.88131,0.5188473382439173,2.641970646338027,964.3192859133798
160107,LORETO,MAYNAS,NAPO,SELVA,17379.0,4074.0,13305.0,0.5413538747534213,0.7733626782191734,-2.48916666666667,-73.6761111111111,142.0,0.77260035883650502,0.29456801702759,48.19035,16.98866,0.3,1.1913,434.8245
160108,LORETO,MAYNAS,PUNCHANA,SELVA,87876.0,80753.0,7123.0,0.57,0.8142857142857143,-3.72861111111111,-73.2419444444445,124.0,64.916517837281305,0.570666812591842,19.519822,2.68774,0.57,47.15097,17210.104049999998
160110,LORETO,MAYNAS,TORRES CAUSANA,SELVA,5045.0,512.0,4533.0,0.5413538747534213,0.7733626782191734,-0.970555555555556,-75.1741666666667,196.0,1.11197120294799,0.205690649286698,47.903467,21.83911,0.5188473382439173,0.2490467223570802,90.9020536603343
160112,LORETO,MAYNAS,BELEN,SELVA,70855.0,62051.0,8804.0,0.67,0.9571428571428572,-3.76916666666667,-73.26,116.0,126.913716814159,0.529795353544325,26.466031,6.152025,0.68,41.95464,15313.4436
160113,LORETO,MAYNAS,SAN JUAN BAUTISTA,SELVA,147951.0,131873.0,16078.0,0.65,0.9285714285714286,-3.77027777777778,-73.2802777777778,120.0,43.143677515599698,0.578134350962316,21.201507,3.177913,0.68,95.89768,35002.6532
160201,LORETO,ALTO AMAZONAS,YURIMAGUAS,SELVA,100176.0,82505.0,17671.0,0.77,1.1,-5.88416666666667,-76.1280555555555,150.0,44.016693559814797,0.503318153147553,31.736867,13.32116,0.77,67.98176,24813.3424
160202,LORETO,ALTO AMAZONAS,BALSAPUERTO,SELVA,16738.0,1160.0,15578.0,0.5469320757800004,0.7813315368285719,-5.83333333333333,-76.5597222222222,220.0,7.7947443782856096,0.19974511475623,53.362777,33.5714,0.5188473382439173,0.5764393927889921,210.4003783679821
160205,LORETO,ALTO AMAZONAS,JEBEROS,SELVA,4620.0,2574.0,2046.0,0.5413538747534213,0.7733626782191734,-5.29083333333333,-76.2833333333333,146.0,1.3348441819789001,0.2680339273771519,36.055512,17.68131,0.5188473382439173,1.310608376404135,478.3720573875093
160206,LORETO,ALTO AMAZONAS,LAGUNAS,SELVA,13658.0,8725.0,4933.0,0.5469320757800004,0.7813315368285718,-5.22388888888889,-75.675,119.0,2.6570374218270398,0.3310892240169739,43.900725,44.99601,0.5188473382439173,4.4127966117645165,1610.6707632940486
160210,LORETO,ALTO AMAZONAS,SANTA CRUZ,SELVA,4260.0,894.0,3366.0,0.5413538747534213,0.7733626782191734,-5.51333333333333,-75.8588888888889,131.0,2.4569029523333801,0.250837863503692,43.891935,25.71097,0.5188473382439173,0.4368694588013783,159.45735246250308
160211,LORETO,ALTO AMAZONAS,TENIENTE CESAR LOPEZ ROJAS,SELVA,6194.0,3413.0,2781.0,0.5413538747534213,0.7733626782191735,-6.02555555555555,-75.8741666666667,149.0,5.9348467140855901,0.2570974973034599,33.031931,13.34216,0.5188473382439173,1.7210166209550737,628.1710666486019
160301,LORETO,LORETO,NAUTA,SELVA,33114.0,22633.0,10481.0,0.7528313537539557,1.0754733625056512,-4.50138888888889,-73.5694444444444,127.0,5.7789234677437502,0.419285303672753,41.639253,12.08809,0.65,14.9734,5465.291
160302,LORETO,LORETO,PARINARI,SELVA,6355.0,1520.0,4835.0,0.5413538747534213,0.7733626782191735,-4.63166666666667,-74.4630555555556,106.0,0.62668441731337499,0.3154266541699989,49.068619,25.89353,0.5188473382439173,0.7284616628944599,265.88850695647784
160303,LORETO,LORETO,TIGRE,SELVA,7549.0,2130.0,5419.0,0.5413538747534213,0.7733626782191735,-3.48972222222222,-74.7816666666667,131.0,0.55449137508402502,0.3189472053960569,50.836792,13.64933,0.5188473382439173,1.0792024635473478,393.908899194782
160304,LORETO,LORETO,TROMPETEROS,SELVA,10466.0,2699.0,7767.0,0.5413538747534213,0.7733626782191734,-3.805,-75.0605555555556,131.0,0.95827130632752999,0.3900867102106679,36.777302,6.255585,0.5188473382439173,1.4579610204654074,532.1557724698737
160305,LORETO,LORETO,URARINAS,SELVA,13556.0,2905.0,10651.0,0.5413538747534213,0.7733626782191733,-4.5875,-74.7672222222222,100.0,1.0852987406103001,0.2242487848654599,50.106167,23.35629,0.5188473382439173,1.508808059613311,550.7149417588587
160401,LORETO,MARISCAL RAMON CASTILLA,RAMON CASTILLA,SELVA,23378.0,12584.0,10794.0,0.7,1.0,-3.90611111111111,-70.5169444444445,86.0,3.9141038688718699,0.381629008621215,36.949764,6.721066,0.7,9.049599999999998,3303.104
160402,LORETO,MARISCAL RAMON CASTILLA,PEBAS,SELVA,12771.0,4009.0,8762.0,0.635,0.9071428571428573,-3.32027777777778,-71.8619444444444,117.0,1.56213371227378,0.3262278390327649,49.782274,21.82921,0.5,1.893,690.945
160403,LORETO,MARISCAL RAMON CASTILLA,YAVARI,SELVA,10054.0,1933.0,8121.0,1.0,1.4285714285714286,-4.35361111111111,-70.0416666666667,75.0,1.3025491868935399,0.330381322682613,46.146614,7.929851,0.56,1.02872,375.48280000000005
160404,LORETO,MARISCAL RAMON CASTILLA,SAN PABLO,SELVA,12639.0,3657.0,8982.0,0.615,0.8785714285714287,-4.02027777777778,-71.1030555555555,85.0,3.6604315063877699,0.335221979556915,48.678105,14.6412,0.5188473382439173,1.8408703560894184,671.9176799726378
160501,LORETO,REQUENA,REQUENA,SELVA,27856.0,24922.0,2934.0,0.65,0.9285714285714288,-5.06388888888889,-73.8566666666667,116.0,10.7531198988995,0.450079899215368,43.212774,11.06124,0.66,16.538940000000004,6036.713100000002
160502,LORETO,REQUENA,ALTO TAPICHE,SELVA,1654.0,677.0,977.0,0.5413538747534213,0.7733626782191734,-6.02555555555555,-74.0941666666667,123.0,0.24906254853668799,0.331395326598244,53.765449,3.742653,0.43,0.26703,97.46595
160503,LORETO,REQUENA,CAPELO,SELVA,2514.0,1679.0,835.0,0.5413538747534213,0.7733626782191734,-5.40527777777778,-74.1577777777778,112.0,4.5894321972529903,0.3463600669875699,56.601161,6.530671,0.5188473382439173,0.7533663351301678,274.9787123225112
160504,LORETO,REQUENA,EMILIO SAN MARTIN,SELVA,6865.0,2934.0,3931.0,0.5413538747534213,0.7733626782191734,-5.79361111111111,-74.2838888888889,108.0,1.7779974456322101,0.2898662038197459,54.243283,26.389,0.5188473382439173,1.4564044784506758,531.5876346344967
160505,LORETO,REQUENA,MAQUIA,SELVA,8608.0,2780.0,5828.0,0.5413538747534213,0.7733626782191734,-5.74972222222222,-74.5377777777778,108.0,2.09179350842853,0.3268634772713029,53.192346,17.20319,0.5188473382439173,1.4029632026115524,512.0815689532167
160506,LORETO,REQUENA,PUINAHUA,SELVA,4670.0,2476.0,2194.0,0.5469320757800004,0.7813315368285719,-5.25555555555555,-74.3455555555555,113.0,1.02821534793942,0.300553491146869,42.370983,22.69209,0.5188473382439173,1.1995750460199368,437.84489179727694
160507,LORETO,REQUENA,SAQUENA,SELVA,3344.0,1054.0,2290.0,0.5413538747534213,0.7733626782191734,-4.725,-73.5330555555555,106.0,2.1413265943442501,0.31656552262196,52.663795,14.787,0.5188473382439173,0.4804526352138674,175.3652118530616
160508,LORETO,REQUENA,SOPLIN,SELVA,688.0,236.0,452.0,0.5413538747534213,0.7733626782191735,-6.00777777777778,-73.6925,118.0,0.230717963738862,0.309087953868094,48.16221,14.77837,0.5188473382439173,0.1203725824725888,43.93599260249491
160509,LORETO,REQUENA,TAPICHE,SELVA,959.0,516.0,443.0,0.5413538747534213,0.7733626782191735,-5.69361111111111,-74.1377777777778,108.0,0.69654408880813001,0.350252386100982,42.395172,4.767737,0.5188473382439173,0.2531975010630316,92.41708788800656
160510,LORETO,REQUENA,JENARO HERRERA,SELVA,5095.0,3963.0,1132.0,0.2615282651072124,0.3736118072960177,-4.90361111111111,-73.6705555555555,116.0,3.6911093098198902,0.2903199062357019,51.244659,21.65581,0.2615282651072124,1.0149911968810914,370.4717868615984
160511,LORETO,REQUENA,YAQUERANA,SELVA,2274.0,834.0,1440.0,0.5413538747534213,0.7733626782191734,-5.14888888888889,-72.8752777777778,90.0,0.31798201542683202,0.3052312781679349,48.456937,0.883261,0.5188473382439173,0.4072951605214751,148.6627335903384
160601,LORETO,UCAYALI,CONTAMANA,SELVA,27856.0,19927.0,7929.0,0.8,1.142857142857143,-7.35055555555555,-75.0097222222222,138.0,2.9203391434108998,0.453418383094354,33.352533,6.040965,0.8,16.2984,5948.916
160602,LORETO,UCAYALI,INAHUAYA,SELVA,1768.0,1024.0,744.0,0.5413538747534213,0.7733626782191734,-7.11694444444444,-75.2625,140.0,4.8356138938765403,0.3928913433085409,23.491965,16.11781,0.5188473382439173,0.4970557500376727,181.42534876375052
160603,LORETO,UCAYALI,PADRE MARQUEZ,SELVA,3637.0,1462.0,2175.0,0.5413538747534213,0.7733626782191734,-7.94666666666667,-74.8408333333333,139.0,2.8493411857847999,0.3700598260197249,52.462303,20.39239,0.5188473382439173,0.6511534094961162,237.6709944660824
160604,LORETO,UCAYALI,PAMPA HERMOSA,SELVA,6286.0,1760.0,4526.0,0.5413538747534213,0.7733626782191734,-7.19638888888889,-75.2944444444444,111.0,1.0555357439383299,0.34559023179648,51.765526,10.81374,0.5188473382439173,0.8446834666610973,308.3094653313005
160605,LORETO,UCAYALI,SARAYACU,SELVA,15251.0,5851.0,9400.0,0.5413538747534213,0.7733626782191734,-6.39305555555555,-75.1169444444444,122.0,2.5990097046406802,0.3161276172246519,50.485569,30.45284,0.5188473382439173,2.93511939244584,1071.3185782427315
160606,LORETO,UCAYALI,VARGAS GUERRA,SELVA,7597.0,6321.0,1276.0,0.39,0.5571428571428572,-6.91111111111111,-75.1588888888889,129.0,5.5478231671983096,0.397391559036035,47.783719,17.3247,0.38,2.34498,855.9177
160701,LORETO,DATEM DEL MARAÑON ,BARRANCA,SELVA,15600.0,10411.0,5189.0,0.6330956499387772,0.904422357055396,-4.83111111111111,-76.555,134.0,2.7095458107422701,0.4187067562451439,38.104364,14.17474,0.71,7.65877,2795.45105
160702,LORETO,DATEM DEL MARAÑON ,CAHUAPANAS,SELVA,7857.0,989.0,6868.0,0.5413538747534213,0.7733626782191734,-5.24916666666667,-77.0413888888889,162.0,2.29642420348722,0.194173368280347,51.174663,20.02649,0.6,0.5898,215.277
160703,LORETO,DATEM DEL MARAÑON ,MANSERICHE,SELVA,9428.0,3072.0,6356.0,0.5413538747534213,0.7733626782191735,-4.56361111111111,-77.4172222222222,155.0,3.57436236500972,0.3392514029816919,49.520928,11.4946,0.5188473382439173,1.5689943508496058,572.6829380601062
160704,LORETO,DATEM DEL MARAÑON ,MORONA,SELVA,4690.0,2053.0,2637.0,0.67,0.9571428571428572,-4.32638888888889,-77.2161111111111,144.0,1.03647135785171,0.2763823668630129,40.1,19.00644,0.5188473382439173,0.9697256751778812,353.9498714399267
160705,LORETO,DATEM DEL MARAÑON ,PASTAZA,SELVA,6176.0,2263.0,3913.0,0.5469320757800004,0.7813315368285718,-4.65111111111111,-76.5875,137.0,1.2078918745390801,0.256854635817905,42.96124,22.74263,0.5188473382439173,1.139907602121886,416.0662747744884
160706,LORETO,DATEM DEL MARAÑON ,ANDOAS,SELVA,15198.0,1824.0,13374.0,0.5413538747534213,0.7733626782191735,-3.47555555555556,-76.4336111111111,172.0,1.3017453074607499,0.258950251854981,47.483688,9.33144,0.2,0.3824,139.576
160801,LORETO,PUTUMAYO  ,PUTUMAYO,SELVA,4346.0,3599.0,747.0,0.7211545209591506,1.030220744227358,-2.44694444444444,-72.6680555555555,131.0,0.51173894791763297,0.4557874164034559,39.50526,6.767128,0.65,2.34325,855.28625
160802,LORETO,PUTUMAYO   ,ROSA PANDURO,SELVA,615.0,289.0,326.0,0.5413538747534213,0.7733626782191735,-1.78861111111111,-73.4130555555556,132.0,7.7429180714024895E-2,0.364987306764244,37.402503,25.9923,0.5188473382439173,0.1390510866493698,50.75364662701999
160803,LORETO,PUTUMAYO   ,TENIENTE MANUEL CLAVERO,SELVA,2710.0,610.0,2100.0,0.5413538747534213,0.7733626782191734,-0.373333333333333,-74.6758333333333,185.0,0.36011938637427099,0.302335696179631,42.368012,22.95684,0.5188473382439173,0.2557917377542512,93.36398428030172
160804,LORETO,PUTUMAYO,YAGUAS,SELVA,1527.0,220.0,1307.0,0.5413538747534213,0.7733626782191734,-2.40805555555556,-71.1766666666667,94.0,8.1523180227723299E-2,0.472306160137942,60.889179,9.657364,0.5188473382439173,0.1079202463547347,39.3908899194782
170101,MADRE DE DIOS,TAMBOPATA,TAMBOPATA,SELVA,96463.0,92745.0,3718.0,0.54,0.7714285714285716,-12.5936111111111,-69.1766666666667,204.0,5.0613541111575202,0.633163973578539,4.787605,0.104561,0.65,66.53269999999999,24284.4355
170102,MADRE DE DIOS,TAMBOPATA,INAMBARI,SELVA,14442.0,9559.0,4883.0,0.435,0.6214285714285714,-13.1013888888889,-70.3716666666667,351.0,3.5103668935966299,0.5847607793961869,5.689339,0.162501,0.6053681099427087,6.454434788209161,2355.868697696344
170103,MADRE DE DIOS,TAMBOPATA,LAS PIEDRAS,SELVA,16939.0,14632.0,2307.0,0.5508039826103847,0.7868628323005498,-12.2791666666667,-69.1502777777778,239.0,1.71069976579198,0.5257482157920569,4.843215,0.201844,0.6053681099427087,11.17448994143246,4078.688828622848
170104,MADRE DE DIOS,TAMBOPATA,LABERINTO,SELVA,6384.0,5068.0,1316.0,0.39,0.5571428571428572,-12.7172222222222,-69.5866666666667,192.0,2.6672461878372999,0.5306879228968289,9.938976,0.648386,0.5188473382439173,2.7374385565749075,999.1650731498412
170201,MADRE DE DIOS,MANU,MANU,SELVA,2403.0,1245.0,1158.0,0.32,0.4571428571428572,-12.8372222222222,-71.3652777777778,535.0,0.391102838985386,0.54630736471921,10.757411,0.406052,0.32,0.35552,129.7648
170202,MADRE DE DIOS,MANU,FITZCARRALD,SELVA,1528.0,159.0,1369.0,0.5413538747534213,0.7733626782191734,-12.2652777777778,-70.91,282.0,0.13509455249473101,0.403662930948441,16.918182,0.135823,0.5188473382439173,0.074714016707124,27.27061609810029
170203,MADRE DE DIOS,MANU,MADRE DE DIOS,SELVA,6790.0,2323.0,4467.0,0.5413538747534213,0.7733626782191735,-12.6186111111111,-70.3941666666667,246.0,0.94653487790280599,0.58962343411743,1.922952,0.028983,0.5188473382439173,1.0267988823847125,374.78159207042
170204,MADRE DE DIOS,MANU,HUEPETUHE,SELVA,10375.0,7784.0,2591.0,0.74,1.0571428571428572,-12.9936111111111,-70.5272222222222,444.0,4.96611247142219,0.649242948107795,6.808265,0.149774,0.45,3.56625,1301.68125
170301,MADRE DE DIOS,TAHUAMANU,IÑAPARI,SELVA,3030.0,2349.0,681.0,0.33,0.4714285714285715,-10.945,-69.5766666666667,238.0,0.14124464946686499,0.6795769858482799,2.149282,0.054183,0.49,1.27694,466.0831
170302,MADRE DE DIOS,TAHUAMANU,IBERIA,SELVA,5900.0,5622.0,278.0,0.42,0.5999999999999999,-11.4108333333333,-69.4869444444444,268.0,2.5653899863493002,0.65817069718979,7.588064,0.334372,0.42,2.27514,830.4261
170303,MADRE DE DIOS,TAHUAMANU,TAHUAMANU,SELVA,3420.0,1805.0,1615.0,0.31,0.4428571428571429,-11.4547222222222,-69.3213888888889,261.0,0.863491394079971,0.597617604972796,3.383291,0.167446,0.8,1.5016,548.0840000000001
180101,MOQUEGUA,MARISCAL NIETO,MOQUEGUA,COSTA,72538.0,70225.0,2313.0,0.5,0.7142857142857143,-17.1941666666667,-70.9333333333333,1428.0,17.536667139355401,0.701939379639895,7.023362,0.528268,0.58,26.77512,9772.9188
180102,MOQUEGUA,MARISCAL NIETO,CARUMAS,SIERRA,2322.0,1362.0,960.0,0.437675332039757,0.6252504743425099,-16.8091666666667,-70.6947222222222,3054.0,1.3256157176983701,0.541987624947307,26.46084,9.671204,0.42,0.48468,176.9082
180103,MOQUEGUA,MARISCAL NIETO,CUCHUMBAYA,SIERRA,756.0,587.0,169.0,0.437675332039757,0.62525047434251,-16.7508333333333,-70.6861111111111,3156.0,22.639834270494202,0.547495861396862,26.46084,2.271886,0.8,0.4048,147.752
180104,MOQUEGUA,MARISCAL NIETO,SAMEGUA,COSTA,9528.0,8813.0,715.0,0.49,0.7,-17.1822222222222,-70.9002777777778,1615.0,160.22382094324499,0.726691131841798,5.229743,0.362095,0.72,6.61536,2414.6064
180105,MOQUEGUA,MARISCAL NIETO,SAN CRISTOBAL,SIERRA,1668.0,1592.0,76.0,0.437675332039757,0.62525047434251,-16.7391666666667,-70.6833333333333,3472.0,6.5299504357599503,0.4939177690429499,39.932577,7.56404,0.4452923055521492,0.6229639354674568,227.38183644562173
180106,MOQUEGUA,MARISCAL NIETO,TORATA,SIERRA,6757.0,3401.0,3356.0,0.437675332039757,0.6252504743425101,-17.0766666666667,-70.8441666666667,2203.0,4.9125389629580098,0.743778319598838,6.052455,1.869937,0.38,1.15748,422.4802
180201,MOQUEGUA,GENERAL SANCHEZ CERRO,OMATE,SIERRA,3198.0,2257.0,941.0,0.45,0.6428571428571429,-16.6736111111111,-70.9705555555555,2169.0,11.2152888605171,0.6170703789222949,7.46908,0.441447,0.55,1.1115500000000005,405.71575000000007
180202,MOQUEGUA,GENERAL SANCHEZ CERRO,CHOJATA,SIERRA,644.0,309.0,335.0,0.437675332039757,0.62525047434251,-16.3883333333333,-70.7302777777778,3634.0,1.27367502417624,0.4148988910047229,24.29267,7.238322,0.4452923055521492,0.1024172302769943,37.38228905110292
180203,MOQUEGUA,GENERAL SANCHEZ CERRO,COALAQUE,SIERRA,996.0,354.0,642.0,0.437675332039757,0.62525047434251,-16.6488888888889,-71.0216666666667,2300.0,4.5601421762662602,0.450657203507459,17.08282,2.225544,0.4452923055521492,0.1322518147489883,48.27191238338073
180204,MOQUEGUA,GENERAL SANCHEZ CERRO,ICHUÑA,SIERRA,3111.0,826.0,2285.0,0.437675332039757,0.62525047434251,-16.1405555555556,-70.5355555555555,3794.0,2.7777231905987798,0.4873313348483029,34.399632,18.69771,0.4452923055521492,0.3054705216087743,111.49674038720264
180205,MOQUEGUA,GENERAL SANCHEZ CERRO,LA CAPILLA,SIERRA,600.0,111.0,489.0,0.437675332039757,0.62525047434251,-16.7566666666667,-71.1791666666667,1817.0,0.93165300757692904,0.6351808533248359,17.08282,1.601389,0.4452923055521492,0.0342875075275154,12.514940247543151
180206,MOQUEGUA,GENERAL SANCHEZ CERRO,LLOQUE,SIERRA,538.0,467.0,71.0,0.437675332039757,0.6252504743425099,-16.3238888888889,-70.7386111111111,3325.0,2.7038710945175901,0.4879051929072439,24.29267,3.564332,0.3,0.1098,40.077
180207,MOQUEGUA,GENERAL SANCHEZ CERRO,MATALAQUE,SIERRA,436.0,167.0,269.0,0.437675332039757,0.62525047434251,-16.4811111111111,-70.8266666666667,2577.0,1.06419252373347,0.487629707879968,29.977255,3.858155,0.4452923055521492,0.0547709535829143,19.99139805776374
180208,MOQUEGUA,GENERAL SANCHEZ CERRO,PUQUINA,SIERRA,2568.0,1918.0,650.0,0.437675332039757,0.62525047434251,-16.6252777777778,-71.1838888888889,3092.0,4.3703152507305001,0.518310090191611,17.08282,4.226912,0.4452923055521492,0.7779256577996047,283.9428650968557
180209,MOQUEGUA,GENERAL SANCHEZ CERRO,QUINISTAQUILLAS,SIERRA,513.0,316.0,197.0,0.437675332039757,0.6252504743425101,-16.7488888888889,-70.8802777777778,1789.0,2.8845657670674401,0.600810018002976,10.066104,0.217824,0.4452923055521492,0.1113230763880373,40.63292288163362
180210,MOQUEGUA,GENERAL SANCHEZ CERRO,UBINAS,SIERRA,1697.0,938.0,759.0,0.437675332039757,0.6252504743425099,-16.3866666666667,-70.8555555555555,3395.0,2.6630229712887501,0.4709789793750959,24.29267,8.635422,0.4452923055521492,0.322391629219756,117.67294466521096
180211,MOQUEGUA,GENERAL SANCHEZ CERRO,YUNGA,SIERRA,874.0,530.0,344.0,0.437675332039757,0.62525047434251,-16.195,-70.6777777777777,3619.0,6.6823189452772302,0.5031475896566119,24.29267,10.9413,0.4452923055521492,0.1901398144707677,69.40103228183021
180301,MOQUEGUA,ILO,ILO,COSTA,70640.0,70230.0,410.0,0.42,0.5999999999999999,-17.625,-71.3433333333333,33.0,263.794795438395,0.683156965418919,6.166155,0.310118,0.54,38.49606000000001,14051.061900000002
180302,MOQUEGUA,ILO,EL ALGARROBAL,COSTA,5690.0,5651.0,39.0,0.4,0.5714285714285715,-17.6227777777778,-71.2683333333333,136.0,2.38420348058902,0.6517746110814149,8.885689,4.109066,0.4,3.746,1367.29
180303,MOQUEGUA,ILO,PACOCHA,COSTA,4707.0,4689.0,18.0,0.45,0.6428571428571429,-17.6108333333333,-71.3402777777778,77.0,17.303596781826801,0.767960750319566,1.030027,0.02349,0.47,2.16012,788.4438
190101,PASCO,PASCO,CHAUPIMARCA,SIERRA,27139.0,27108.0,31.0,0.27,0.3857142857142858,-10.6825,-76.2569444444444,4373.0,5233.6336336336299,0.58052535988934,24.613999,2.852573,0.32,8.463040000000001,3089.0096000000003
190102,PASCO,PASCO,HUACHON,SIERRA,4621.0,3024.0,1597.0,0.54,0.7714285714285714,-10.6363888888889,-75.9511111111111,3400.0,5.6634763086376001,0.341405526241617,47.631632,22.76645,0.54,1.54818,565.0857000000001
190103,PASCO,PASCO,HUARIACA,SIERRA,7037.0,6487.0,550.0,0.44,0.6285714285714287,-10.4391666666667,-76.1916666666667,2986.0,59.292101901255002,0.4981285444456169,37.810039,8.367969,0.6,3.6744,1341.156
190104,PASCO,PASCO,HUAYLLAY,SIERRA,9585.0,7046.0,2539.0,0.26,0.3714285714285714,-11.0019444444444,-76.3647222222222,4341.0,8.3525665371468705,0.6322308583295408,22.799318,3.264104,0.45,2.9466,1075.509
190105,PASCO,PASCO,NINACACA,SIERRA,4132.0,2920.0,1212.0,0.21,0.3,-10.8555555555556,-76.1130555555555,4172.0,10.5655112787865,0.380980502447594,46.894915,20.97669,0.21,0.59472,217.0728
190106,PASCO,PASCO,PALLANCHACRA,SIERRA,1655.0,619.0,1036.0,0.4203505822563048,0.6005008317947211,-10.4152777777778,-76.2355555555555,3126.0,36.544985751119498,0.353942060589279,55.349316,25.97105,0.6,0.2814,102.711
190107,PASCO,PASCO,PAUCARTAMBO,SIERRA,10520.0,7493.0,3027.0,0.593,0.8471428571428573,-10.7744444444444,-75.8133333333333,2954.0,18.343369258108599,0.3897304415765109,47.135413,13.78306,0.54,3.1735800000000003,1158.3567
190108,PASCO,PASCO,SAN FRANCISCO DE ASIS DE YARUSYACAN,SIERRA,4155.0,2203.0,1952.0,0.404,0.5771428571428572,-10.49,-76.1961111111111,3785.0,60.254885301614301,0.572005963358034,46.581661,19.27729,0.36,0.5688,207.612
190109,PASCO,PASCO,SIMON BOLIVAR,SIERRA,12846.0,11961.0,885.0,0.33,0.4714285714285715,-10.6891666666667,-76.3163888888889,4234.0,21.0284730689235,0.607204372574035,26.906065,7.231785,0.32,3.6736,1340.864
190110,PASCO,PASCO,TICLACAYAN,SIERRA,3069.0,1079.0,1990.0,0.3,0.4285714285714286,-10.535,-76.1641666666667,3543.0,6.7300883182127897,0.363912247085592,54.647477,48.01593,0.3,0.2357999999999999,86.067
190111,PASCO,PASCO,TINYAHUARCO,SIERRA,7196.0,7108.0,88.0,0.316,0.4514285714285715,-10.7697222222222,-76.2769444444444,4281.0,78.3892475394222,0.630841139265334,19.343028,2.561194,0.45,3.2944500000000003,1202.4742500000002
190112,PASCO,PASCO,VICCO,SIERRA,3714.0,3510.0,204.0,0.2,0.2857142857142857,-10.8383333333333,-76.2383333333333,4128.0,24.258511252163899,0.5504119035884188,30.145926,14.90268,0.21,0.78057,284.90805
190113,PASCO,PASCO,YANACANCHA,SIERRA,31302.0,29247.0,2055.0,0.33,0.4714285714285715,-10.6633333333333,-76.2530555555555,4394.0,177.62703652110699,0.619342160445824,18.662036,3.876793,0.32,9.2432,3373.768
190201,PASCO,DANIEL ALCIDES CARRION,YANAHUANCA,SIERRA,11718.0,9030.0,2688.0,0.39,0.5571428571428572,-10.4913888888889,-76.5163888888889,3203.0,15.5538184265954,0.4307355422700839,46.272193,25.74989,0.41,3.53666,1290.8809
190202,PASCO,DANIEL ALCIDES CARRION,CHACAYAN,SIERRA,1935.0,1483.0,452.0,0.44,0.6285714285714287,-10.4344444444444,-76.4372222222222,3385.0,12.1109880149058,0.392301289997046,53.680466,35.51012,0.57,0.71307,260.27055
190203,PASCO,DANIEL ALCIDES CARRION,GOYLLARISQUIZGA,SIERRA,1509.0,1311.0,198.0,0.49,0.7,-10.4730555555556,-76.4083333333333,4202.0,34.484246870953797,0.4380593486430319,53.533945,16.07737,0.43,0.49493,180.64945
190204,PASCO,DANIEL ALCIDES CARRION,PAUCAR,SIERRA,1815.0,1447.0,368.0,0.18,0.2571428571428571,-10.3711111111111,-76.4433333333333,3381.0,21.314651960053698,0.38966861218745,52.630676,39.47718,0.32,0.44032,160.7168
190205,PASCO,DANIEL ALCIDES CARRION,SAN PEDRO DE PILLAO,SIERRA,1403.0,1154.0,249.0,0.22,0.3142857142857143,-10.4388888888889,-76.4952777777778,3648.0,18.2922859932733,0.341064159864225,48.781405,28.9916,0.22,0.24156,88.1694
190206,PASCO,DANIEL ALCIDES CARRION,SANTA ANA DE TUSI,SIERRA,23495.0,4425.0,19070.0,0.22,0.3142857142857143,-10.4725,-76.3536111111111,3786.0,19.838010818158601,0.294734456663033,72.150849,36.91299,0.45,2.2986,838.989
190207,PASCO,DANIEL ALCIDES CARRION,TAPUC,SIERRA,2288.0,2151.0,137.0,0.32,0.4571428571428572,-10.4547222222222,-76.4625,3713.0,42.349227446419697,0.412797435098818,49.503312,29.73896,0.38,0.70224,256.3176
190208,PASCO,DANIEL ALCIDES CARRION,VILCABAMBA,SIERRA,2085.0,1491.0,594.0,0.437675332039757,0.62525047434251,-10.4786111111111,-76.4469444444445,3459.0,16.179775280898902,0.4098656614356209,44.669951,34.7612,0.32,0.49824,181.8576
190301,PASCO,OXAPAMPA,OXAPAMPA,SELVA,17006.0,11738.0,5268.0,0.43,0.6142857142857144,-10.575,-75.4047222222222,1832.0,44.546861974514698,0.534194488270169,21.28484,9.163991,0.43,5.2236400000000005,1906.6286
190302,PASCO,OXAPAMPA,CHONTABAMBA,SELVA,6110.0,3011.0,3099.0,0.5469320757800004,0.7813315368285719,-10.6022222222222,-75.4388888888889,1849.0,11.6038416941959,0.503855868977986,21.28484,10.8032,0.47,1.56275,570.4037500000001
190303,PASCO,OXAPAMPA,HUANCABAMBA,SELVA,6986.0,3092.0,3894.0,0.41,0.5857142857142857,-10.4261111111111,-75.5238888888889,1769.0,6.4670304106923799,0.3430074869372989,33.412669,20.46641,0.41,1.2874,469.901
190304,PASCO,OXAPAMPA,PALCAZU,SELVA,8156.0,2047.0,6109.0,0.5413538747534213,0.7733626782191734,-10.1841666666667,-75.1480555555556,302.0,3.9369402780067002,0.359346233826616,37.575331,30.54644,0.5188473382439173,1.023166951017005,373.4559371212068
190305,PASCO,OXAPAMPA,POZUZO,SELVA,4789.0,1541.0,3248.0,0.5413538747534213,0.7733626782191735,-10.0711111111111,-75.5502777777778,750.0,10.1535552092906,0.3545108889271619,36.496679,33.24619,0.38,0.50768,185.3032
190306,PASCO,OXAPAMPA,PUERTO BERMUDEZ,SELVA,20825.0,7415.0,13410.0,0.5413538747534213,0.7733626782191734,-10.2991666666667,-74.9372222222222,281.0,3.3156940522640101,0.3433827757869309,47.839148,35.91784,0.2,1.5864,579.0360000000001
190307,PASCO,OXAPAMPA,VILLA RICA,SELVA,18692.0,13798.0,4894.0,0.5,0.7142857142857143,-10.7391666666667,-75.2758333333333,1551.0,22.951945346414799,0.493501868238363,30.010674,12.64265,0.51,6.93804,2532.3846
190308,PASCO,OXAPAMPA,CONSTITUCION,SELVA,16374.0,9006.0,7368.0,0.74,1.0571428571428572,-9.85638888888889,-75.0169444444445,247.0,5.6115579743275203,0.3838464736621929,36.646578,22.65335,0.74,7.2853,2659.1345
200101,PIURA,PIURA,PIURA,COSTA,173672.0,166309.0,7363.0,0.53,0.7571428571428572,-5.1525,-80.6577777777778,57.0,1098.5368340555699,0.658204022379417,9.786115,0.344623,0.72,126.0684,46014.966
200104,PIURA,PIURA,CASTILLA,COSTA,178066.0,176475.0,1591.0,0.59,0.842857142857143,-5.20138888888889,-80.6227777777777,35.0,251.893587537499,0.622081298724793,16.25051,1.541614,0.59,112.73956,41149.9394
200105,PIURA,PIURA,CATACAOS,COSTA,79681.0,76985.0,2696.0,0.49,0.7000000000000002,-5.26722222222222,-80.6725,35.0,35.998285941660797,0.5034350778485949,31.86693,8.71016,0.55,43.66065,15936.137250000002
200107,PIURA,PIURA,CURA MORI,COSTA,19794.0,18806.0,988.0,1.0749892020300178,1.5356988600428825,-5.32361111111111,-80.6655555555555,35.0,91.090566211305799,0.38087808060942,31.86693,19.84048,0.24,4.60512,1680.8688000000002
200108,PIURA,PIURA,EL TALLAN,COSTA,5594.0,5241.0,353.0,0.5972007244456227,0.8531438920651754,-5.40916666666667,-80.6811111111111,21.0,62.299465240641702,0.371266188797142,40.703036,10.39243,0.64,3.33248,1216.3552
200109,PIURA,PIURA,LA ARENA,COSTA,40706.0,37180.0,3526.0,0.17,0.2428571428571428,-5.34305555555555,-80.7036111111111,33.0,254.46157439850501,0.414819146135048,38.073701,16.22386,0.25,9.41525,3436.5662500000003
200110,PIURA,PIURA,LA UNION,COSTA,43624.0,42717.0,907.0,0.5,0.7142857142857143,-5.38833333333333,-80.7372222222222,27.0,141.71704580866299,0.468774048876245,31.86693,9.160015,0.51,22.59453,8247.00345
200111,PIURA,PIURA,LAS LOMAS,COSTA,29047.0,12555.0,16492.0,0.498,0.7114285714285716,-4.65,-80.2391666666667,257.0,59.841488999264797,0.446035851552541,41.466899,13.6382,0.67,7.467820000000001,2725.7543
200114,PIURA,PIURA,TAMBO GRANDE,COSTA,121568.0,45812.0,75756.0,0.42,0.6000000000000001,-4.92805555555555,-80.3372222222222,76.0,78.735259729413698,0.4598575899924349,38.0737,13.58066,0.57,23.95197,8742.469049999998
200115,PIURA,PIURA,VEINTISEIS DE OCTUBRE,COSTA,182102.0,182012.0,90.0,0.54,0.7714285714285716,-5.17916666666667,-80.6780555555555,53.0,1812.4149423691199,0.5997462042553469,16.25051,0.895522,0.55,108.42645000000002,39575.65425000001
200201,PIURA,AYABACA,AYABACA,COSTA,33313.0,5865.0,27448.0,0.33,0.4714285714285715,-4.64055555555555,-79.7152777777778,2735.0,25.8627475015968,0.291632938237179,53.034565,30.49982,0.33,1.7074200000000002,623.2083
200202,PIURA,AYABACA,FRIAS,COSTA,21490.0,2276.0,19214.0,0.48,0.6857142857142858,-4.93166666666667,-79.9475,1703.0,44.497709221489103,0.16520496896985,61.366857,28.63601,0.5,1.0185,371.7525
200203,PIURA,AYABACA,JILILI,COSTA,2695.0,219.0,2476.0,0.499650387386001,0.7137862676942873,-4.58472222222222,-79.7972222222222,1311.0,30.430631146758301,0.276869261304152,51.473648,28.7237,0.67,0.12998,47.4427
200204,PIURA,AYABACA,LAGUNAS,COSTA,5876.0,343.0,5533.0,0.499650387386001,0.7137862676942872,-4.78916666666667,-79.845,2219.0,41.112042762813097,0.0911948911346752,68.026538,35.28002,0.4,0.1208,44.092
200205,PIURA,AYABACA,MONTERO,COSTA,6680.0,1108.0,5572.0,0.51,0.7285714285714284,-4.63222222222222,-79.8288888888889,1058.0,55.280692348931602,0.322052838227663,46.939594,28.34362,0.44,0.43604,159.15460000000002
200206,PIURA,AYABACA,PACAIPAMPA,COSTA,23373.0,1466.0,21907.0,0.499650387386001,0.7137862676942873,-4.99555555555555,-79.6677777777778,1980.0,28.385124808965902,0.190007004075559,67.168269,47.33789,0.4881283256607997,0.6389599782899867,233.22039207584515
200207,PIURA,AYABACA,PAIMAS,COSTA,10319.0,3269.0,7050.0,0.58,0.8285714285714287,-4.6275,-79.9455555555556,598.0,34.763975349579297,0.2858884874702469,44.010636,23.54223,0.58,1.7962599999999995,655.6348999999999
200208,PIURA,AYABACA,SAPILLICA,COSTA,11068.0,1032.0,10036.0,0.4586851731599267,0.6552645330856096,-4.77916666666667,-79.9822222222222,1464.0,50.335093039799297,0.1707312303810009,61.994535,15.04117,0.4881283256607997,0.4534712145388829,165.51699330669226
200209,PIURA,AYABACA,SICCHEZ,COSTA,1685.0,875.0,810.0,0.499650387386001,0.7137862676942873,-4.57,-79.7638888888889,1452.0,78.942598187311205,0.344282497607577,46.242576,18.83457,0.4881283256607997,0.3763469390844766,137.36663276583394
200210,PIURA,AYABACA,SUYO,COSTA,12001.0,3552.0,8449.0,0.44,0.6285714285714286,-4.51277777777778,-80.0025,417.0,12.7794105376364,0.370802585086211,35.53943,12.45276,0.5,1.6525,603.1625
200301,PIURA,HUANCABAMBA,HUANCABAMBA,SIERRA,29490.0,8921.0,20569.0,0.4627624716553287,0.6610892452218983,-5.23861111111111,-79.4502777777778,1955.0,74.182428651370998,0.3419043333933239,43.520384,30.19136,0.5,4.1285,1506.9025
200302,PIURA,HUANCABAMBA,CANCHAQUE,COSTA,7723.0,2320.0,5403.0,0.44,0.6285714285714286,-5.37583333333333,-79.6055555555555,1152.0,28.546718449136801,0.3603852868720289,35.084649,17.85074,0.4881283256607997,1.0138425323974811,370.0525243250806
200303,PIURA,HUANCABAMBA,EL CARMEN DE LA FRONTERA,SIERRA,11860.0,552.0,11308.0,0.437675332039757,0.62525047434251,-5.14833333333333,-79.4283333333333,2472.0,20.6698823295058,0.223760766450663,52.742032,45.25898,0.27,0.13284,48.4866
200304,PIURA,HUANCABAMBA,HUARMACA,SIERRA,37627.0,3431.0,34196.0,0.437675332039757,0.6252504743425099,-5.56805555555555,-79.5244444444444,2188.0,22.3952164844724,0.211758002009853,54.201566,39.02259,0.2,0.6176,225.424
200305,PIURA,HUANCABAMBA,LALAQUIZ,COSTA,4247.0,1388.0,2859.0,0.4586851731599267,0.6552645330856096,-5.21583333333333,-79.68,972.0,38.373515653112598,0.1959883225830159,52.120564,22.70939,0.4881283256607997,0.6023503538654269,219.85787916088083
200306,PIURA,HUANCABAMBA,SAN MIGUEL DE EL FAIQUE,COSTA,9369.0,2274.0,7095.0,0.4586851731599267,0.6552645330856094,-5.40194444444445,-79.6061111111111,1259.0,52.762896825396801,0.281224857331607,43.042567,17.85458,0.67,1.41973,518.20145
200307,PIURA,HUANCABAMBA,SONDOR,SIERRA,7496.0,1342.0,6154.0,0.437675332039757,0.62525047434251,-5.31555555555555,-79.4097222222222,2003.0,25.1181172555196,0.22828184001713,52.913253,46.56488,0.31,0.37107,135.44055
200308,PIURA,HUANCABAMBA,SONDORILLO,SIERRA,11115.0,660.0,10455.0,0.437675332039757,0.6252504743425099,-5.33944444444445,-79.4286111111111,1886.0,54.036003361493201,0.19695808516567,55.041514,29.92991,0.4452923055521492,0.2702924294701546,98.65673675660642
200401,PIURA,MORROPON,CHULUCANAS,COSTA,88596.0,66060.0,22536.0,0.64,0.9142857142857144,-5.09722222222222,-80.1602777777778,135.0,115.972502552656,0.4653748048968089,30.57779,9.221949,0.65,42.48855,15508.32075
200402,PIURA,MORROPON,BUENOS AIRES,COSTA,10086.0,8170.0,1916.0,0.4368403015873013,0.6240575736961449,-5.26694444444444,-79.9669444444445,154.0,41.440926892950401,0.4611707659321049,30.57779,9.895398,0.4368403015873013,3.597816723873014,1313.20310421365
200403,PIURA,MORROPON,CHALACO,COSTA,7888.0,1147.0,6741.0,0.4586851731599267,0.6552645330856097,-5.04111111111111,-79.7955555555556,2261.0,60.489602526980804,0.295470717628252,49.981035,25.73745,0.4881283256607997,0.4686031926343678,171.04016531154423
200404,PIURA,MORROPON,LA MATANZA,COSTA,14863.0,9430.0,5433.0,0.42,0.6,-5.21361111111111,-80.0905555555556,126.0,16.4247180460134,0.389352315539684,38.734262,14.52157,0.61,5.64921,2061.96165
200405,PIURA,MORROPON,MORROPON,COSTA,15915.0,12444.0,3471.0,0.529450262721576,0.75635751817368,-5.18611111111111,-79.9691666666667,151.0,82.354671687455806,0.4969002366620189,30.57779,8.818962,0.57,7.05945,2576.69925
200406,PIURA,MORROPON,SALITRAL,COSTA,9039.0,6350.0,2689.0,0.499650387386001,0.7137862676942873,-5.34194444444444,-79.8336111111111,175.0,15.754930540853101,0.4017190204617709,40.126752,14.44164,0.4881283256607997,3.019561822537707,1102.1400652262632
200407,PIURA,MORROPON,SAN JUAN DE BIGOTE,COSTA,6730.0,3993.0,2737.0,0.499650387386001,0.7137862676942872,-5.31944444444445,-79.7861111111111,201.0,32.425268137514799,0.3308600936388039,44.659828,19.43262,0.54,2.01798,736.5627000000001
200408,PIURA,MORROPON,SANTA CATALINA DE MOSSA,COSTA,3849.0,1615.0,2234.0,0.4586851731599267,0.6552645330856095,-5.10277777777778,-79.885,881.0,53.8561750911933,0.369073746900043,43.827241,8.873252,0.4881283256607997,0.7053454305798555,257.45108216164726
200409,PIURA,MORROPON,SANTO DOMINGO,COSTA,6164.0,1066.0,5098.0,0.499650387386001,0.7137862676942873,-5.02944444444445,-79.8758333333333,1490.0,40.374759769378599,0.3497858839485459,40.739075,15.25253,0.4881283256607997,0.4300410549071645,156.96498504111506
200410,PIURA,MORROPON,YAMANGO,COSTA,8855.0,1902.0,6953.0,0.499650387386001,0.7137862676942873,-5.18083333333333,-79.7511111111111,1192.0,48.162832511179801,0.2574887680691769,54.82643,30.088,0.4881283256607997,0.804435480688998,293.61895045148424
200501,PIURA,PAITA,PAITA,COSTA,99150.0,99143.0,7.0,0.2127212455530925,0.3038874936472751,-5.09305555555555,-81.0994444444444,71.0,133.59572992029001,0.569747699650999,20.560555,2.70458,0.4,42.768,15610.32
200502,PIURA,PAITA,AMOTAPE,COSTA,2507.0,2423.0,84.0,0.46,0.6571428571428573,-4.88194444444445,-81.0152777777778,23.0,27.934375688174399,0.513412515014894,23.05715,3.035085,0.68,1.6775600000000002,612.3094000000001
200503,PIURA,PAITA,ARENAL,COSTA,1235.0,1000.0,235.0,0.4,0.5714285714285715,-4.88361111111111,-81.0263888888889,37.0,163.36996336996299,0.499470272667213,14.853286,0.635602,0.68,0.68,248.2
200504,PIURA,PAITA,COLAN,COSTA,16522.0,14838.0,1684.0,0.3174422501605536,0.4534889288007909,-4.90055555555556,-81.0563888888889,25.0,131.297526614904,0.466561076241271,29.24272,6.654376,0.32,4.920640000000001,1796.0336000000002
200505,PIURA,PAITA,LA HUACA,COSTA,13868.0,12830.0,1038.0,0.5070814553093964,0.7244020790134235,-4.91027777777778,-80.9613888888889,33.0,22.333238811696202,0.542840958156877,23.05715,1.377197,0.48,6.37296,2326.1304
200506,PIURA,PAITA,TAMARINDO,COSTA,5246.0,5148.0,98.0,0.2892752076023391,0.4132502965747702,-4.87833333333333,-80.9758333333333,33.0,83.650070676927896,0.486527800693186,29.24272,10.86607,0.2892752076023391,1.5510936631637426,566.1491870547661
200507,PIURA,PAITA,VICHAYAL,COSTA,6053.0,4468.0,1585.0,0.4,0.5714285714285716,-4.86416666666667,-81.0730555555555,27.0,43.130395951175998,0.37546851714645,29.24272,8.125675,0.44,1.9822,723.503
200601,PIURA,SULLANA,SULLANA,COSTA,186434.0,177259.0,9175.0,0.65,0.9285714285714286,-4.89055555555555,-80.6877777777778,76.0,365.448435995696,0.565700069631214,19.42544,1.901979,0.67,121.62845000000002,44394.38425
200602,PIURA,SULLANA,BELLAVISTA,COSTA,38655.0,38655.0,0.0,0.53,0.7571428571428571,-4.89,-80.6802777777778,77.0,14742.394822006499,0.5300290525784809,19.42544,2.375467,0.51,20.08584,7331.3316
200603,PIURA,SULLANA,IGNACIO ESCUDERO,COSTA,21335.0,21153.0,182.0,0.2,0.2857142857142857,-4.84611111111111,-80.8730555555555,39.0,70.658663099859695,0.502529957409049,28.05964,3.694565,0.54,11.87136,4333.0464
200604,PIURA,SULLANA,LANCONES,COSTA,13266.0,548.0,12718.0,0.499650387386001,0.7137862676942874,-4.63277777777778,-80.5455555555556,156.0,6.8235337832502703,0.3726695067482699,37.222415,15.1488,0.43,0.19909,72.66785
200605,PIURA,SULLANA,MARCAVELICA,COSTA,31705.0,29552.0,2153.0,0.5754214271427142,0.8220306102038775,-4.88166666666667,-80.7036111111111,53.0,18.164314743065699,0.5137601543779429,24.90606,2.283878,0.59,17.97494,6560.8531
200606,PIURA,SULLANA,MIGUEL CHECA,COSTA,9952.0,9696.0,256.0,0.52,0.7428571428571428,-4.90027777777778,-80.8147222222222,62.0,19.372839711822799,0.5214892169331309,28.05964,15.36725,0.63,6.46506,2359.7469
200607,PIURA,SULLANA,QUERECOTILLO,COSTA,27805.0,25330.0,2475.0,0.49,0.7,-4.83916666666667,-80.6483333333333,66.0,105.168838862559,0.527881145323798,24.90606,5.363916,0.48,12.3168,4495.632
200608,PIURA,SULLANA,SALITRAL,COSTA,7526.0,6911.0,615.0,0.52,0.7428571428571429,-4.85694444444444,-80.6808333333333,65.0,262.89352670675601,0.559237438956935,19.42544,0.734362,0.54,3.84696,1404.1404
200701,PIURA,TALARA,PARIÑAS,COSTA,103472.0,102891.0,581.0,0.5138307221489993,0.7340438887842848,-4.57944444444445,-81.2694444444444,23.0,96.2407899802147,0.5901150530410089,15.54041,1.883879,0.51,54.31143,19823.67195
200702,PIURA,TALARA,EL ALTO,COSTA,8803.0,8803.0,0.0,0.584017589590353,0.8343108422719328,-4.26861111111111,-81.2213888888889,276.0,18.578145034905301,0.5751392337522089,15.54041,1.312969,0.51,4.69455,1713.51075
200703,PIURA,TALARA,LA BREA,COSTA,13129.0,12896.0,233.0,0.4710199284842141,0.6728856121203058,-4.65472222222222,-81.3058333333333,8.0,20.390787347033001,0.587664739911619,15.54041,0.846083,0.44,5.7376000000000005,2094.224
200704,PIURA,TALARA,LOBITOS,COSTA,1392.0,1347.0,45.0,0.31,0.4428571428571428,-4.45694444444445,-81.285,31.0,6.59628342131239,0.592187261476462,8.565665,0.784291,0.31,0.41137,150.15005
200705,PIURA,TALARA,LOS ORGANOS,COSTA,11453.0,11393.0,60.0,0.6135807266637543,0.8765438952339346,-4.17916666666667,-81.1294444444444,7.0,65.802072601660498,0.562946560661576,15.54041,0.844193,0.61,7.21325,2632.8362500000003
200706,PIURA,TALARA,MANCORA,COSTA,13788.0,13633.0,155.0,0.4338169670617387,0.6197385243739125,-4.10694444444444,-81.0538888888889,8.0,120.311408324184,0.56139015223816,17.467,2.020883,0.51,7.340940000000001,2679.4431000000004
200801,PIURA,SECHURA,SECHURA,COSTA,49156.0,47497.0,1659.0,0.6083695790816324,0.8690993986880463,-5.55722222222222,-80.8222222222222,12.0,8.2211929922866105,0.486072469370117,25.8038,1.20604,0.61,31.63948,11548.4102
200802,PIURA,SECHURA,BELLAVISTA DE LA UNION,COSTA,5096.0,4895.0,201.0,0.499650387386001,0.7137862676942873,-5.44027777777778,-80.755,23.0,379.68299711815598,0.5039322550078649,20.591766,5.941481,0.44,2.27656,830.9444
200803,PIURA,SECHURA,BERNAL,COSTA,7524.0,7015.0,509.0,0.584017589590353,0.834310842271933,-5.45888888888889,-80.7419444444445,22.0,111.471982157792,0.4417380575387689,33.41422,5.920024,0.4,2.9388,1072.662
200804,PIURA,SECHURA,CRISTO NOS VALGA,COSTA,4798.0,2854.0,1944.0,0.499650387386001,0.7137862676942873,-5.49305555555555,-80.7411111111111,25.0,20.753509408200699,0.4180562823172689,34.470296,5.286404,0.4881283256607997,1.4409548173506808,525.9485083329985
200805,PIURA,SECHURA,VICE,COSTA,17264.0,16803.0,461.0,0.31,0.4428571428571429,-5.42222222222222,-80.7763888888889,23.0,72.5259568598904,0.407831525663987,33.41422,6.840122,0.3,5.4,1971.0
200806,PIURA,SECHURA,RINCONADA LLICUAR,COSTA,3117.0,3111.0,6.0,0.499650387386001,0.7137862676942873,-5.46361111111111,-80.7652777777778,26.0,188.06584362139901,0.4969573441786219,25.8038,1.442522,0.4881283256607997,1.5532243322526649,566.9268812722225
210101,PUNO,PUNO,PUNO,SIERRA,142691.0,135400.0,7291.0,0.66,0.942857142857143,-15.8402777777778,-70.0280555555555,3848.0,316.61203134837098,0.648890196056748,12.829234,1.36718,0.67,88.42660000000001,32275.709000000003
210102,PUNO,PUNO,ACORA,SIERRA,23858.0,3212.0,20646.0,0.437675332039757,0.62525047434251,-15.9736111111111,-69.7977777777778,3848.0,12.325549047184801,0.32470579951305,46.856716,11.33044,0.47,0.94846,346.1879
210103,PUNO,PUNO,AMANTANI,SIERRA,3494.0,340.0,3154.0,0.437675332039757,0.6252504743425099,-15.6572222222222,-69.7183333333333,3871.0,352.2,0.284849888865635,59.36641,32.72422,0.4452923055521492,0.0935113841659513,34.13165522057224
210104,PUNO,PUNO,ATUNCOLLA,SIERRA,4791.0,283.0,4508.0,0.4203505822563048,0.6005008317947212,-15.6883333333333,-70.1438888888889,3844.0,45.286195286195301,0.2854665786092109,52.275156,16.18654,0.4452923055521492,0.0788167380827304,28.7681094001966
210105,PUNO,PUNO,CAPACHICA,SIERRA,7448.0,903.0,6545.0,0.4203505822563048,0.6005008317947211,-15.6416666666667,-69.8308333333333,3872.0,85.947377413292301,0.234084382411147,46.146733,22.76725,0.4452923055521492,0.236004921942639,86.14179650906327
210106,PUNO,PUNO,CHUCUITO,SIERRA,7433.0,976.0,6457.0,0.437675332039757,0.6252504743425099,-15.8947222222222,-69.8894444444445,3893.0,68.625185674203607,0.349277628609278,40.824878,13.81723,0.4452923055521492,0.2814247371089583,102.7200290447698
210107,PUNO,PUNO,COATA,SIERRA,6947.0,1663.0,5284.0,0.437675332039757,0.6252504743425101,-15.5713888888889,-69.9505555555556,3839.0,81.451923076923094,0.205478199935221,61.15427,19.40096,0.4452923055521492,0.4991726745239592,182.1980262012451
210108,PUNO,PUNO,HUATA,SIERRA,3058.0,293.0,2765.0,0.437675332039757,0.6252504743425099,-15.615,-69.9713888888889,3863.0,28.442126256040499,0.288675246701877,40.80439,20.06992,0.4452923055521492,0.0730279381105524,26.65519741035165
210109,PUNO,PUNO,MAÑAZO,SIERRA,5362.0,2371.0,2991.0,0.38,0.5428571428571429,-15.8011111111111,-70.3433333333333,3949.0,14.430077677940901,0.436076048124509,47.429555,19.91801,0.4452923055521492,0.7805974116329175,284.9180552460149
210110,PUNO,PUNO,PAUCARCOLLA,SIERRA,4413.0,525.0,3888.0,0.4203505822563048,0.6005008317947211,-15.7455555555556,-70.0561111111111,3864.0,30.992707598212199,0.320402615196415,59.302346,22.93125,0.4452923055521492,0.1491729223599699,54.44811666138904
210111,PUNO,PUNO,PICHACANI,SIERRA,6000.0,2190.0,3810.0,0.36,0.5142857142857143,-16.15,-70.0633333333333,3962.0,4.15799397605113,0.327922688824186,45.110145,22.10073,0.4452923055521492,0.728052919577764,265.73931564588383
210112,PUNO,PUNO,PLATERIA,SIERRA,7426.0,429.0,6997.0,0.437675332039757,0.6252504743425101,-15.9483333333333,-69.8333333333333,3835.0,32.604048786621398,0.2884525097354769,49.100581,15.3549,0.4452923055521492,0.1188930455824238,43.3959616375847
210113,PUNO,PUNO,SAN ANTONIO,SIERRA,2690.0,257.0,2433.0,0.437675332039757,0.62525047434251,-16.1405555555556,-70.3438888888889,4330.0,4.05308560053086,0.289371485029195,46.663025,20.84605,0.4452923055521492,0.0752543996383132,27.467855867984326
210114,PUNO,PUNO,TIQUILLACA,SIERRA,1654.0,304.0,1350.0,0.437675332039757,0.6252504743425101,-15.7969444444444,-70.1866666666667,3912.0,5.9643194136622002,0.324164917123663,46.575372,27.65847,0.4452923055521492,0.0859414149715648,31.36861646462115
210115,PUNO,PUNO,VILQUE,SIERRA,3008.0,789.0,2219.0,0.437675332039757,0.62525047434251,-15.7666666666667,-70.2588888888889,3878.0,17.0003621501371,0.3411957944963059,57.469274,9.866309,0.4452923055521492,0.2404578449981605,87.7671134243286
210201,PUNO,AZANGARO,AZANGARO,SIERRA,31427.0,20722.0,10705.0,0.51,0.7285714285714286,-14.9080555555556,-70.1955555555556,3878.0,51.286590287907302,0.438408888002288,42.957575,14.82728,0.51,10.15767,3707.54955
210202,PUNO,AZANGARO,ACHAYA,SIERRA,2870.0,71.0,2799.0,0.18,0.2571428571428572,-15.2847222222222,-70.1611111111111,3868.0,32.9501625954776,0.1250828114709819,44.30589,20.41694,0.4452923055521492,0.0244910768053682,8.939243033959395
210203,PUNO,AZANGARO,ARAPA,SIERRA,7252.0,1437.0,5815.0,0.437675332039757,0.62525047434251,-15.1388888888889,-70.11,3846.0,25.942094891617401,0.2802264991949279,39.81321,17.55363,0.4452923055521492,0.5370225204958919,196.01321998100056
210204,PUNO,AZANGARO,ASILLO,SIERRA,14984.0,3855.0,11129.0,0.53,0.7571428571428572,-14.7863888888889,-70.3536111111111,3927.0,43.9115143483358,0.2623754846886309,42.454188,16.70232,0.4452923055521492,1.4369582700167856,524.4897685561267
210205,PUNO,AZANGARO,CAMINACA,SIERRA,3046.0,123.0,2923.0,0.437675332039757,0.62525047434251,-15.3247222222222,-70.0727777777777,3857.0,33.653322440087202,0.2324501385472219,39.81321,21.63771,0.4452923055521492,0.0440839382496627,16.090637461126914
210206,PUNO,AZANGARO,CHUPA,SIERRA,6177.0,730.0,5447.0,0.15,0.2142857142857143,-15.1058333333333,-69.9872222222222,3847.0,55.875986313804901,0.297560339862921,44.30589,21.36256,0.43,0.22102,80.6723
210207,PUNO,AZANGARO,JOSE DOMINGO CHOQUEHUANCA,SIERRA,4814.0,3136.0,1678.0,0.39,0.5571428571428572,-15.0338888888889,-70.3380555555555,3887.0,68.679191165925701,0.379808122466243,36.426182,21.25422,0.42,1.21674,444.1101
210208,PUNO,AZANGARO,MUÑANI,SIERRA,6943.0,1946.0,4997.0,0.25,0.3571428571428571,-14.7708333333333,-69.9555555555555,3925.0,9.7829925832908202,0.2703664339761769,44.30589,20.65359,0.4452923055521492,0.7498722425498192,273.70336853068403
210209,PUNO,AZANGARO,POTONI,SIERRA,3824.0,1831.0,1993.0,0.36,0.5142857142857142,-14.39,-70.105,4133.0,6.93755701136081,0.305741400880138,60.250277,17.95558,0.4452923055521492,0.6421115046061993,234.37069918126272
210210,PUNO,AZANGARO,SAMAN,SIERRA,9588.0,406.0,9182.0,0.437675332039757,0.62525047434251,-15.2919444444444,-70.0172222222222,3836.0,72.1989501033989,0.181017494955819,34.868154,21.48073,0.5,0.153,55.845
210211,PUNO,AZANGARO,SAN ANTON,SIERRA,7503.0,3463.0,4040.0,0.46,0.6571428571428573,-14.5838888888889,-70.3172222222222,3971.0,16.711988190505799,0.312380752719356,33.639159,12.47425,0.36,1.0810799999999998,394.5942
210212,PUNO,AZANGARO,SAN JOSE,SIERRA,5015.0,2082.0,2933.0,0.437675332039757,0.62525047434251,-14.6802777777778,-70.16,4094.0,14.927695651007401,0.220903731540696,45.01491,32.96924,0.65,1.1706500000000002,427.2872500000001
210213,PUNO,AZANGARO,SAN JUAN DE SALINAS,SIERRA,2962.0,153.0,2809.0,0.437675332039757,0.6252504743425101,-14.9913888888889,-70.1061111111111,3841.0,36.150943396226403,0.2754344058225869,39.81321,23.67831,0.4452923055521492,0.0534350766662579,19.503802983184137
210214,PUNO,AZANGARO,SANTIAGO DE PUPUJA,SIERRA,4613.0,153.0,4460.0,0.437675332039757,0.6252504743425101,-15.0527777777778,-70.2780555555555,3933.0,16.8353968201281,0.1922089613690189,36.13236,18.07084,0.4452923055521492,0.0547709535829143,19.99139805776374
210215,PUNO,AZANGARO,TIRAPATA,SIERRA,2989.0,615.0,2374.0,0.437675332039757,0.6252504743425101,-14.955,-70.4027777777778,3903.0,16.117345141649501,0.194256106653026,36.13236,20.45526,0.4452923055521492,0.2364502142481912,86.30432820058981
210301,PUNO,CARABAYA,MACUSANI,SIERRA,14035.0,12167.0,1868.0,0.44,0.6285714285714287,-14.0686111111111,-70.4311111111111,4311.0,14.2089824779517,0.405193297516794,52.257186,7.496945,0.36,4.46904,1631.1996
210302,PUNO,CARABAYA,AJOYANI,SIERRA,2441.0,1547.0,894.0,0.437675332039757,0.6252504743425099,-14.2294444444444,-70.2236111111111,4272.0,6.20657936142916,0.3994115028164489,50.977107,15.05525,0.4452923055521492,0.6951012889669049,253.71197047292029
210303,PUNO,CARABAYA,AYAPATA,SELVA,9626.0,2529.0,7097.0,0.29,0.4142857142857143,-13.7766666666667,-70.3227777777777,3481.0,5.9810738267329899,0.38164453867226,43.773203,19.27394,0.29,0.6748299999999999,246.31295
210304,PUNO,CARABAYA,COASA,SELVA,6310.0,3256.0,3054.0,0.25,0.3571428571428571,-13.9891666666667,-70.0158333333333,3768.0,1.9737357679433101,0.280905618640576,65.642954,18.51116,0.5188473382439173,1.3282491859044283,484.81095285511634
210305,PUNO,CARABAYA,CORANI,SIERRA,4659.0,2616.0,2043.0,0.437675332039757,0.6252504743425101,-13.8686111111111,-70.6044444444444,4039.0,5.5076847325290998,0.230595100381812,67.815792,38.3074,0.4452923055521492,1.1706734712966005,427.2958170232592
210306,PUNO,CARABAYA,CRUCERO,SIERRA,10008.0,7520.0,2488.0,0.49,0.7,-14.3616666666667,-70.0236111111111,4146.0,10.937742864999899,0.379827610825666,44.348432,10.94905,0.51,3.85152,1405.8048
210307,PUNO,CARABAYA,ITUATA,SELVA,8385.0,833.0,7552.0,0.5413538747534213,0.7733626782191735,-13.8763888888889,-70.2138888888889,3787.0,5.0191956961666904,0.354483016801628,48.041521,31.21177,0.34,0.2754,100.52100000000002
210308,PUNO,CARABAYA,OLLACHEA,SIERRA,6432.0,2709.0,3723.0,0.4203505822563048,0.6005008317947212,-13.7938888888889,-70.4725,2746.0,11.4503432417463,0.3249096507143289,44.553477,30.90166,0.49,1.31957,481.64305
210309,PUNO,CARABAYA,SAN GABAN,SELVA,7743.0,1714.0,6029.0,0.5413538747534213,0.7733626782191734,-13.4383333333333,-70.4027777777778,641.0,3.4486157242684401,0.4605485155443009,37.092151,3.93141,0.5188473382439173,0.9432644609274417,344.2915282385162
210310,PUNO,CARABAYA,USICAYOS,SELVA,8872.0,3499.0,5373.0,0.5413538747534213,0.7733626782191735,-14.1252777777778,-69.9675,3781.0,5.5819514315880996,0.198206254444315,48.14547,7.3998,0.5188473382439173,1.5259300217753606,556.9644579480066
210401,PUNO,CHUCUITO,JULI,SIERRA,20740.0,8189.0,12551.0,0.34,0.4857142857142858,-16.2127777777778,-69.4594444444444,3878.0,32.711902051694899,0.4138545322335049,39.666341,8.284336,0.36,2.7072,988.128
210402,PUNO,CHUCUITO,DESAGUADERO,SIERRA,13621.0,8065.0,5556.0,0.51,0.7285714285714284,-16.5644444444444,-69.0394444444444,3849.0,70.562819145951394,0.424116046046403,50.694041,9.021313,0.68,4.82664,1761.7236
210403,PUNO,CHUCUITO,HUACULLANI,SIERRA,9044.0,2226.0,6818.0,0.437675332039757,0.62525047434251,-16.6305555555556,-69.3219444444444,3945.0,6.8483439201451901,0.2671908646315169,52.319026,23.28119,0.4452923055521492,0.8171113806881938,298.2456539511907
210404,PUNO,CHUCUITO,KELLUYO,SIERRA,6975.0,779.0,6196.0,0.437675332039757,0.6252504743425101,-16.7269444444444,-69.2502777777778,3858.0,10.7972908989851,0.3395425415266469,43.306796,17.65184,0.4452923055521492,0.2524807372480686,92.15546909554504
210405,PUNO,CHUCUITO,PISACOMA,SIERRA,8404.0,1198.0,7206.0,0.437675332039757,0.62525047434251,-16.9086111111111,-69.3713888888889,3932.0,2.94056330393812,0.2696974815108579,47.907451,12.21146,0.36,0.36396,132.8454
210406,PUNO,CHUCUITO,POMATA,SIERRA,14314.0,2698.0,11616.0,0.38,0.5428571428571428,-16.2736111111111,-69.2927777777778,3878.0,40.943070730304797,0.316509089454587,48.431941,16.76861,0.4,0.9516,347.334
210407,PUNO,CHUCUITO,ZEPITA,SIERRA,17644.0,2089.0,15555.0,0.48,0.6857142857142855,-16.4969444444444,-69.1033333333333,3836.0,31.805624165248702,0.239436206495902,57.952966,34.01446,0.31,0.58187,212.38255
210501,PUNO,EL COLLAO,ILAVE,SIERRA,49234.0,22331.0,26903.0,0.43,0.6142857142857143,-16.0869444444444,-69.6380555555555,3907.0,59.959751649382,0.402019837478447,40.509857,10.25987,0.43,8.802100000000001,3212.7665000000006
210502,PUNO,EL COLLAO,CAPAZO,SIERRA,1152.0,104.0,1048.0,0.437675332039757,0.6252504743425099,-17.1838888888889,-69.7444444444445,4402.0,0.77748376232860195,0.376560777628064,46.302706,19.40615,0.4452923055521492,0.0374045536663805,13.652662088228896
210503,PUNO,EL COLLAO,PILCUYO,SIERRA,11059.0,1328.0,9731.0,0.4203505822563048,0.600500831794721,-16.1108333333333,-69.5541666666667,3841.0,71.242038216560502,0.2613641192883229,36.305582,18.4768,0.4452923055521492,0.5054067668016894,184.47346988261663
210504,PUNO,EL COLLAO,SANTA ROSA,SIERRA,3412.0,1108.0,2304.0,0.29,0.4142857142857143,-16.7422222222222,-69.7166666666667,3981.0,1.4888946997250401,0.3367238884705209,53.14545,28.83736,0.4452923055521492,0.3878495981359219,141.56510331961152
210505,PUNO,EL COLLAO,CONDURIRI,SIERRA,2535.0,569.0,1966.0,0.437675332039757,0.62525047434251,-16.6219444444444,-69.7086111111111,3969.0,2.9423170622570001,0.3659922475511149,53.14545,21.06312,0.8,0.3656,133.44400000000002
210601,PUNO,HUANCANE,HUANCANE,SIERRA,19222.0,7470.0,11752.0,0.24,0.3428571428571428,-15.2008333333333,-69.7677777777778,3866.0,60.476390126303599,0.4032210196156519,39.198705,12.17755,0.34,2.32288,847.8512000000001
210602,PUNO,HUANCANE,COJATA,SIERRA,4037.0,1440.0,2597.0,0.46,0.6571428571428573,-15.0152777777778,-69.3655555555555,4354.0,5.5981751741982304,0.2992647132950839,40.721501,23.26894,0.45,0.5931000000000001,216.48150000000004
210603,PUNO,HUANCANE,HUATASANI,SIERRA,3213.0,1335.0,1878.0,0.437675332039757,0.6252504743425101,-15.0594444444444,-69.8019444444444,3849.0,27.227583622224302,0.267915617509771,44.312121,11.80621,0.4452923055521492,0.522327874412671,190.64967416062493
210604,PUNO,HUANCANE,INCHUPALLA,SIERRA,2668.0,159.0,2509.0,0.437675332039757,0.62525047434251,-15.0097222222222,-69.6827777777778,3930.0,11.9918347576376,0.2159447242477559,38.55466,25.39838,0.29,0.03857,14.07805
210605,PUNO,HUANCANE,PUSI,SIERRA,5201.0,852.0,4349.0,0.437675332039757,0.62525047434251,-15.4419444444444,-69.9297222222222,3851.0,36.942460584826797,0.239904965970954,50.983848,15.61671,0.4452923055521492,0.3277351368863818,119.62332496352936
210606,PUNO,HUANCANE,ROSASPATA,SIERRA,4151.0,468.0,3683.0,0.437675332039757,0.62525047434251,-15.2347222222222,-69.5275,3891.0,19.268915646664698,0.247635349766356,38.55466,23.94995,0.4452923055521492,0.1754451683875468,64.03748646145459
210607,PUNO,HUANCANE,TARACO,SIERRA,13636.0,1779.0,11857.0,0.17,0.2428571428571428,-15.2972222222222,-69.9783333333333,3848.0,75.527724472275494,0.3120136684565519,50.112703,22.08547,0.4452923055521492,0.710241227355678,259.23804798482246
210608,PUNO,HUANCANE,VILQUE CHICO,SIERRA,7641.0,877.0,6764.0,0.437675332039757,0.6252504743425099,-15.2138888888889,-69.6891666666667,3851.0,20.607553366174098,0.236471554585046,40.011771,20.23491,0.71,0.5360499999999999,195.65825
210701,PUNO,LAMPA,LAMPA,SIERRA,11786.0,5606.0,6180.0,0.38,0.542857142857143,-15.3647222222222,-70.3677777777778,3881.0,19.798171110650799,0.4451745613783449,53.628814,8.046263,0.8,4.2176,1539.424
210702,PUNO,LAMPA,CABANILLA,SIERRA,5943.0,1164.0,4779.0,0.437675332039757,0.6252504743425101,-15.6202777777778,-70.3455555555555,3890.0,14.12964969303,0.345523401927023,45.256903,6.856533,0.4452923055521492,0.4809156899963211,175.5342268486572
210703,PUNO,LAMPA,CALAPUJA,SIERRA,1739.0,501.0,1238.0,0.437675332039757,0.62525047434251,-15.3105555555556,-70.2216666666667,3851.0,15.3857041755131,0.289549626938555,53.484382,23.64904,0.4452923055521492,0.2141855989705837,78.17774362426309
210704,PUNO,LAMPA,NICASIO,SIERRA,2451.0,514.0,1937.0,0.437675332039757,0.62525047434251,-15.2355555555556,-70.2611111111111,3868.0,24.138444361741701,0.3088966561821889,38.30581,14.83751,0.4452923055521492,0.1986003682762585,72.48913442083438
210705,PUNO,LAMPA,OCUVIRI,SIERRA,2404.0,687.0,1717.0,0.437675332039757,0.6252504743425099,-15.1138888888889,-70.9091666666667,4227.0,2.9091612961992999,0.5744211787783708,31.73768,18.11804,0.4452923055521492,0.2689565525534981,98.1691416820268
210706,PUNO,LAMPA,PALCA,SIERRA,1810.0,645.0,1165.0,0.437675332039757,0.62525047434251,-15.2369444444444,-70.5980555555555,4082.0,4.4115216133564799,0.46532612867646,38.30581,15.9457,0.4452923055521492,0.2293255373593568,83.70382113616525
210707,PUNO,LAMPA,PARATIA,SIERRA,2666.0,922.0,1744.0,0.437675332039757,0.6252504743425101,-15.4541666666667,-70.5997222222222,4352.0,3.4680839641380801,0.4636078440025679,31.73768,20.44277,0.4452923055521492,0.3174934138586824,115.88509605841908
210708,PUNO,LAMPA,PUCARA,SIERRA,5505.0,2121.0,3384.0,0.437675332039757,0.62525047434251,-15.0416666666667,-70.3677777777778,3894.0,11.7447916666667,0.3321861957084409,55.467086,9.74324,0.4452923055521492,0.8398212882713534,306.534770219044
210709,PUNO,LAMPA,SANTA LUCIA,SIERRA,7486.0,5646.0,1840.0,0.4,0.5714285714285715,-15.6994444444444,-70.6063888888889,4053.0,5.0380091121597799,0.469859976255932,47.675876,13.31951,0.44,2.35268,858.7281999999999
210710,PUNO,LAMPA,VILAVILA,SIERRA,1206.0,457.0,749.0,0.437675332039757,0.62525047434251,-15.1883333333333,-70.66,4316.0,7.3029045643153498,0.40634848395132,50.844203,8.78933,0.4452923055521492,0.1616411069154301,58.999004024132006
210801,PUNO,MELGAR,AYAVIRI,SIERRA,25708.0,22579.0,3129.0,0.52,0.7428571428571428,-14.8816666666667,-70.5894444444444,3937.0,27.534200604062601,0.532461327945767,32.781609,6.446802,0.53,11.92341,4352.04465
210802,PUNO,MELGAR,ANTAUTA,SIERRA,5711.0,3714.0,1997.0,0.6,0.8571428571428572,-14.2997222222222,-70.2922222222222,4152.0,9.1877957149818492,0.554939939517273,40.676865,18.33379,0.6,2.1414,781.611
210803,PUNO,MELGAR,CUPI,SIERRA,2073.0,296.0,1777.0,0.437675332039757,0.6252504743425101,-14.905,-70.8666666666667,3984.0,9.8763127187864708,0.3448023597416839,42.33295,12.62792,0.4452923055521492,0.1055342764158593,38.52001089178867
210804,PUNO,MELGAR,LLALLI,SIERRA,2608.0,1718.0,890.0,0.437675332039757,0.6252504743425101,-14.9480555555556,-70.8805555555555,3998.0,14.882603068959099,0.328978901255412,42.33295,15.39224,0.4452923055521492,0.6376585815506777,232.74538226599736
210805,PUNO,MELGAR,MACARI,SIERRA,7334.0,3199.0,4135.0,0.33,0.4714285714285715,-14.7716666666667,-70.9033333333333,3979.0,11.4874291311704,0.3219333013834009,55.696807,24.26692,0.38,1.06058,387.1116999999999
210806,PUNO,MELGAR,NUÑOA,SIERRA,8581.0,4408.0,4173.0,0.29,0.4142857142857143,-14.4761111111111,-70.6363888888889,4038.0,4.4683113955348697,0.3785159657563679,48.306792,21.72095,0.29,1.07909,393.86785
210807,PUNO,MELGAR,ORURILLO,SIERRA,7790.0,1049.0,6741.0,0.4203505822563048,0.6005008317947212,-14.7277777777778,-70.5122222222222,3915.0,23.440179395858099,0.27587558571899,53.241338,17.76787,0.4452923055521492,0.3664755674694188,133.76358212633787
210808,PUNO,MELGAR,SANTA ROSA,SIERRA,6408.0,2968.0,3440.0,0.19,0.2714285714285714,-14.6075,-70.7877777777778,4010.0,8.4010222930742202,0.3772293175416949,44.967778,24.76987,0.4452923055521492,1.160877040574453,423.7201198096754
210809,PUNO,MELGAR,UMACHIRI,SIERRA,3906.0,726.0,3180.0,0.437675332039757,0.6252504743425099,-14.8538888888889,-70.7538888888889,3943.0,11.5032760539004,0.395861381824893,23.676939,8.787951,0.4452923055521492,0.2734094756090196,99.79445859729216
210901,PUNO,MOHO,MOHO,SIERRA,11334.0,3000.0,8334.0,0.39,0.5571428571428572,-15.3602777777778,-69.4997222222222,3902.0,32.988105833805299,0.3001792084708839,48.083311,23.42693,0.42,1.08402,395.6673
210902,PUNO,MOHO,CONIMA,SIERRA,3289.0,892.0,2397.0,0.4203505822563048,0.6005008317947212,-15.4577777777778,-69.4377777777778,3862.0,52.9814941740918,0.238657538876583,39.87445,35.06334,0.4452923055521492,0.3678114443860752,134.25117720091748
210903,PUNO,MOHO,HUAYRAPATA,SIERRA,2594.0,920.0,1674.0,0.437675332039757,0.6252504743425101,-15.3213888888889,-69.3411111111111,3912.0,9.7231878460151897,0.1378993509884549,64.259599,27.52493,0.4452923055521492,0.3495544598584371,127.58737784832957
210904,PUNO,MOHO,TILALI,SIERRA,2559.0,756.0,1803.0,0.437675332039757,0.62525047434251,-15.515,-69.3480555555555,3843.0,65.545171339563794,0.2953273865026629,39.87445,28.01593,0.4452923055521492,0.3068063985254308,111.98433546178228
211001,PUNO,SAN ANTONIO DE PUTINA,PUTINA,SIERRA,14367.0,10237.0,4130.0,0.31,0.4428571428571428,-14.9141666666667,-69.8688888888888,3878.0,16.765500234851999,0.3781908334106839,47.526202,9.481744,0.45,4.16835,1521.44775
211002,PUNO,SAN ANTONIO DE PUTINA,ANANEA,SIERRA,12129.0,10795.0,1334.0,0.73,1.0428571428571427,-14.6786111111111,-69.535,4705.0,5.2620375494912501,0.6184115616858868,15.526519,5.264482,0.8,7.591200000000001,2770.788
211003,PUNO,SAN ANTONIO DE PUTINA,PEDRO VILCA APAZA,SIERRA,1963.0,676.0,1287.0,0.437675332039757,0.62525047434251,-15.0636111111111,-69.8816666666667,3873.0,3.8705572542019402,0.288812661001634,54.947264,13.19897,0.3,0.1848,67.452
211004,PUNO,SAN ANTONIO DE PUTINA,QUILCAPUNCU,SIERRA,5528.0,2346.0,3182.0,0.33,0.4714285714285715,-14.8936111111111,-69.7302777777778,3928.0,11.324662253706499,0.256071790056951,53.814228,25.53881,0.4452923055521492,1.0228364258532867,373.33529543644966
211005,PUNO,SAN ANTONIO DE PUTINA,SINA,SIERRA,1816.0,592.0,1224.0,0.437675332039757,0.6252504743425101,-14.4966666666667,-69.2802777777778,3181.0,11.3443064308878,0.381313097463754,51.519975,25.17396,0.4452923055521492,0.2645036294979766,96.54382476676146
211101,PUNO,SAN ROMAN,JULIACA,SIERRA,246970.0,233328.0,13642.0,0.53,0.7571428571428572,-15.4838888888889,-70.1333333333333,3877.0,518.45735707591405,0.5759734352119,21.666747,1.72868,0.7,169.7395,61954.9175
211102,PUNO,SAN ROMAN,CABANA,SIERRA,5412.0,983.0,4429.0,0.28,0.4,-15.6491666666667,-70.3219444444444,3912.0,27.040736286147599,0.3295055776475689,45.196192,9.60174,0.36,0.3261599999999999,119.0484
211103,PUNO,SAN ROMAN,CABANILLAS,SIERRA,4606.0,2297.0,2309.0,0.437675332039757,0.62525047434251,-15.6444444444444,-70.3538888888889,3894.0,4.0858365034015804,0.438776788441375,35.482501,7.573546,0.4452923055521492,0.8856863957432248,323.27553444627705
211104,PUNO,SAN ROMAN,CARACOTO,SIERRA,7374.0,1234.0,6140.0,0.22,0.3142857142857143,-15.5675,-70.1025,3844.0,38.8183440025186,0.364692950477987,34.565637,17.04793,0.4452923055521492,0.5049614744961373,184.3109381910901
211105,PUNO,SAN ROMAN,SAN MIGUEL,SIERRA,70831.0,65520.0,5311.0,0.55,0.785714285714286,-15.4602777777778,-70.1269444444444,3875.0,234.35960591132999,0.522567996747131,24.372846,17.04793,0.5,35.1735,12838.3275
211201,PUNO,SANDIA,SANDIA,SELVA,11490.0,4147.0,7343.0,0.52,0.7428571428571428,-14.3222222222222,-69.4663888888889,2206.0,22.820747073931699,0.367733462893899,34.291383,10.99335,0.52,2.01968,737.1832
211202,PUNO,SANDIA,CUYOCUYO,SIERRA,5636.0,2054.0,3582.0,0.437675332039757,0.6252504743425101,-14.4702777777778,-69.5372222222222,3425.0,13.1590958702943,0.349524373886552,36.09379,19.26312,0.4452923055521492,0.868319995826691,316.9367984767422
211203,PUNO,SANDIA,LIMBANI,SELVA,3319.0,1624.0,1695.0,0.5413538747534213,0.7733626782191734,-14.1497222222222,-69.6905555555555,3333.0,1.3960820701212899,0.405463675327149,45.41504,5.233391,0.5188473382439173,0.7627055872185584,278.3875393347738
211204,PUNO,SANDIA,PATAMBUCO,SIERRA,4236.0,445.0,3791.0,0.461,0.6585714285714287,-14.3616666666667,-69.6194444444444,3650.0,11.209802904564301,0.214608119698775,51.650617,31.19204,0.4452923055521492,0.1812339683597247,66.15039845129954
211205,PUNO,SANDIA,PHARA,SELVA,6061.0,1511.0,4550.0,0.5413538747534213,0.7733626782191734,-14.1519444444444,-69.6652777777778,3485.0,12.8261411823397,0.388295254472926,31.63421,9.492496,0.49,0.7266699999999999,265.23455
211206,PUNO,SANDIA,QUIACA,SIERRA,2312.0,345.0,1967.0,0.437675332039757,0.6252504743425099,-14.4222222222222,-69.345,2970.0,5.6173252958249602,0.417656157003908,45.41504,23.10651,0.4452923055521492,0.1429388300822399,52.172672980017566
211207,PUNO,SANDIA,SAN JUAN DEL ORO,SELVA,3543.0,1861.0,1682.0,0.5413538747534213,0.7733626782191733,-14.2208333333333,-69.1536111111111,1308.0,21.756112407426201,0.462952385236628,45.41504,9.749009,0.5188473382439173,0.7388386096593382,269.6760925256585
211208,PUNO,SANDIA,YANAHUAYA,SELVA,2155.0,1024.0,1131.0,0.5413538747534213,0.7733626782191734,-14.2586111111111,-69.1694444444445,1419.0,3.4655015582827602,0.3774724466573289,31.63421,6.278532,0.5188473382439173,0.4846034139198187,176.88024608073383
211209,PUNO,SANDIA,ALTO INAMBARI,SELVA,7517.0,1582.0,5935.0,0.5413538747534213,0.7733626782191734,-14.09,-69.2433333333333,1352.0,5.6317118270393296,0.4323755780425159,36.502457,6.690741,0.5188473382439173,0.7575171138361192,276.4937465501835
211210,PUNO,SANDIA,SAN PEDRO DE PUTINA PUNCO,SELVA,10306.0,1881.0,8425.0,0.5413538747534213,0.7733626782191734,-14.1125,-69.0477777777778,948.0,1.65333800831052,0.466904706830356,36.09379,7.621186,0.59,1.01362,369.9713
211301,PUNO,YUNGUYO,YUNGUYO,SIERRA,25159.0,11485.0,13674.0,0.37,0.5285714285714286,-16.2266666666667,-69.0955555555555,3850.0,163.11038161674199,0.416544746185569,45.155802,12.0668,0.38,4.01698,1466.1977000000002
211302,PUNO,YUNGUYO,ANAPIA,SIERRA,1787.0,1523.0,264.0,0.437675332039757,0.62525047434251,-16.3138888888889,-68.8527777777777,3864.0,131.65618448637301,0.310323051981759,57.021176,18.28277,0.2,0.283,103.295
211303,PUNO,YUNGUYO,COPANI,SIERRA,4985.0,589.0,4396.0,0.437675332039757,0.6252504743425101,-16.4,-69.0402777777778,3864.0,114.90394764619001,0.201180698782459,44.15723,25.64269,0.4452923055521492,0.236004921942639,86.14179650906327
211304,PUNO,YUNGUYO,CUTURAPI,SIERRA,1366.0,880.0,486.0,0.437675332039757,0.62525047434251,-16.2705555555556,-69.1769444444444,3861.0,55.565777368905302,0.2877340121227979,44.15723,13.90124,0.4452923055521492,0.3655849828583145,133.4385187432848
211305,PUNO,YUNGUYO,OLLARAYA,SIERRA,2710.0,380.0,2330.0,0.27,0.3857142857142858,-16.2197222222222,-68.9911111111111,3852.0,99.957752429235299,0.1864550495080979,42.53624,15.06091,0.27,0.08235,30.05775
211306,PUNO,YUNGUYO,TINICACHI,SIERRA,917.0,559.0,358.0,0.437675332039757,0.62525047434251,-16.1986111111111,-68.9616666666667,3853.0,118.38709677419401,0.402339274889745,42.53624,19.87844,0.4452923055521492,0.2124044297483751,77.52761685815693
211307,PUNO,YUNGUYO,UNICACHI,SIERRA,942.0,378.0,564.0,0.437675332039757,0.62525047434251,-16.2236111111111,-68.9811111111111,3827.0,106.126126126126,0.379943364236321,42.550641,16.02995,0.4452923055521492,0.119338337887976,43.55849332911124
220101,SAN MARTIN,MOYOBAMBA,MOYOBAMBA,SELVA,83623.0,62131.0,21492.0,0.54,0.7714285714285716,-6.03472222222222,-76.9741666666667,895.0,32.304562075124998,0.529480046805123,16.33963,5.837753,0.69,44.46428999999999,16229.465849999997
220102,SAN MARTIN,MOYOBAMBA,CALZADA,SELVA,4729.0,4161.0,568.0,0.42,0.6000000000000001,-6.03027777777778,-77.0666666666667,856.0,55.986579995806203,0.514788230121058,16.33963,4.397646,0.42,1.79382,654.7443
220103,SAN MARTIN,MOYOBAMBA,HABANA,SELVA,1681.0,1325.0,356.0,0.52,0.7428571428571428,-6.07972222222222,-77.0913888888889,850.0,27.5287671232877,0.4911852204744949,15.690847,0.941006,0.58,0.7510999999999999,274.15149999999994
220104,SAN MARTIN,MOYOBAMBA,JEPELACIO,SELVA,16165.0,6432.0,9733.0,0.45,0.642857142857143,-6.10805555555555,-76.9152777777778,1067.0,52.528955920340003,0.3492524985551799,35.364601,8.683704,0.46,2.74712,1002.6988
220105,SAN MARTIN,MOYOBAMBA,SORITOR,SELVA,22947.0,16168.0,6779.0,0.53,0.7571428571428571,-6.13944444444445,-77.1025,904.0,73.550649886527793,0.420927348203305,33.547863,3.217902,0.67,10.581310000000002,3862.1781500000006
220106,SAN MARTIN,MOYOBAMBA,YANTALO,SELVA,2905.0,2249.0,656.0,0.44,0.6285714285714287,-5.97444444444445,-77.0208333333333,862.0,41.975677830941002,0.402599616888112,16.33963,6.053855,0.44,0.98912,361.0288
220201,SAN MARTIN,BELLAVISTA,BELLAVISTA,SELVA,18244.0,17390.0,854.0,0.67,0.9571428571428574,-7.05222222222222,-76.5897222222222,330.0,65.470883254388397,0.517809826003188,27.486044,3.703221,0.31,5.66959,2069.4003500000003
220202,SAN MARTIN,BELLAVISTA,ALTO BIAVO,SELVA,9243.0,4370.0,4873.0,0.46,0.6571428571428574,-7.25583333333333,-76.4766666666667,253.0,1.9666117388575,0.3645694043084939,39.551615,11.02541,0.46,2.13762,780.2313
220203,SAN MARTIN,BELLAVISTA,BAJO BIAVO,SELVA,14762.0,2473.0,12289.0,0.57,0.8142857142857143,-7.10166666666667,-76.4719444444444,256.0,15.7294731554289,0.316965193486603,20.055194,7.0998,0.59,1.45848,532.3452
220204,SAN MARTIN,BELLAVISTA,HUALLAGA,SELVA,2741.0,1012.0,1729.0,0.5413538747534213,0.7733626782191735,-7.13111111111111,-76.6486111111111,267.0,14.109875487121,0.357323663645885,27.622157,6.503069,0.5188473382439173,0.5048384601113315,184.266037940636
220205,SAN MARTIN,BELLAVISTA,SAN PABLO,SELVA,8668.0,6343.0,2325.0,0.52,0.7428571428571428,-6.80972222222222,-76.5747222222222,278.0,27.2366134238186,0.407101373442578,46.423032,7.313348,0.59,3.66154,1336.4621
220206,SAN MARTIN,BELLAVISTA,SAN RAFAEL,SELVA,6209.0,5401.0,808.0,0.77,1.1,-7.02305555555555,-76.4658333333333,242.0,60.353946297803098,0.526106726079333,37.941755,6.068348,0.77,4.21652,1539.0298
220301,SAN MARTIN,EL DORADO,SAN JOSE DE SISA,SELVA,16664.0,12064.0,4600.0,0.55,0.785714285714286,-6.61388888888889,-76.6952777777778,342.0,60.780260086695598,0.368016588874835,36.483045,16.68216,0.54,6.77646,2473.4079
220302,SAN MARTIN,EL DORADO,AGUA BLANCA,SELVA,2375.0,1383.0,992.0,0.47,0.6714285714285714,-6.72527777777778,-76.6952777777778,318.0,16.041381770616599,0.4355849639767219,24.533047,4.383236,0.47,0.6297999999999999,229.877
220303,SAN MARTIN,EL DORADO,SAN MARTIN,SELVA,12750.0,3269.0,9481.0,0.52,0.7428571428571428,-6.51444444444444,-76.7405555555556,437.0,22.2550082656381,0.3003163606283669,38.942088,13.69387,0.5188473382439173,1.7583736293086356,641.806374697652
220304,SAN MARTIN,EL DORADO,SANTA ROSA,SELVA,7185.0,2287.0,4898.0,0.5413538747534213,0.7733626782191735,-6.74638888888889,-76.6236111111111,288.0,32.591101433794798,0.301545067344874,30.418051,16.96838,0.5188473382439173,1.203206977387644,439.1705467464901
220305,SAN MARTIN,EL DORADO,SHATOJA,SELVA,3171.0,1401.0,1770.0,0.5413538747534213,0.7733626782191734,-6.52833333333333,-76.72,413.0,136.85085168259201,0.3141162057189489,31.599978,10.0917,0.5188473382439173,0.7414328463505577,270.6229889179536
220401,SAN MARTIN,HUALLAGA,SAPOSOA,SELVA,14585.0,8742.0,5843.0,0.662,0.945714285714286,-6.93666666666667,-76.7722222222222,317.0,31.492583832939101,0.4405643812344349,23.90382,6.906505,0.8,7.167200000000001,2616.028
220402,SAN MARTIN,HUALLAGA,ALTO SAPOSOA,SELVA,5098.0,3025.0,2073.0,0.5413538747534213,0.7733626782191734,-6.76472222222222,-76.8136111111111,408.0,3.01928243798893,0.290895459336231,23.90382,29.22455,0.67,2.2679500000000004,827.8017500000001
220403,SAN MARTIN,HUALLAGA,EL ESLABON,SELVA,2051.0,1209.0,842.0,0.5413538747534213,0.7733626782191734,-7.02166666666667,-76.7233333333333,293.0,23.955363688197401,0.359585427895733,19.27749,8.344637,0.74,0.80216,292.7884
220404,SAN MARTIN,HUALLAGA,PISCOYACU,SELVA,4619.0,2253.0,2366.0,0.5469320757800004,0.7813315368285718,-6.98111111111111,-76.7694444444444,310.0,25.542272948558399,0.406080705705875,18.76298,4.017846,0.5188473382439173,1.209951992784815,441.6324773664575
220405,SAN MARTIN,HUALLAGA,SACANCHE,SELVA,2425.0,1193.0,1232.0,0.5413538747534213,0.7733626782191734,-7.07,-76.7136111111111,269.0,20.929095354523199,0.450291833327769,19.27749,9.40433,0.5188473382439173,0.5764393927889921,210.4003783679821
220406,SAN MARTIN,HUALLAGA,TINGO DE SAPOSOA,SELVA,819.0,751.0,68.0,0.642,0.9171428571428571,-7.09194444444444,-76.6413888888889,259.0,24.2156074014481,0.510924447014077,11.743135,3.220194,0.63,0.4788,174.762
220501,SAN MARTIN,LAMAS,LAMAS,SELVA,15288.0,13505.0,1783.0,0.68,0.9714285714285716,-6.42388888888889,-76.5233333333333,764.0,206.852919067903,0.480506791474517,22.055823,7.384075,0.69,9.54891,3485.35215
220502,SAN MARTIN,LAMAS,ALONSO DE ALVARADO,SELVA,14532.0,6671.0,7861.0,0.56,0.8000000000000003,-6.35583333333333,-76.7752777777778,1090.0,58.242692046227099,0.3333052963989159,28.01036,19.87937,0.56,3.5795200000000005,1306.5248
220503,SAN MARTIN,LAMAS,BARRANQUITA,SELVA,7245.0,3956.0,3289.0,0.5469320757800004,0.7813315368285719,-6.25222222222222,-76.0333333333333,173.0,7.2001276851434604,0.272188236128436,14.9795,22.28072,0.5188473382439173,2.144914896300354,782.8939371496292
220504,SAN MARTIN,LAMAS,CAYNARACHI,SELVA,10787.0,6365.0,4422.0,0.65,0.9285714285714284,-6.33083333333333,-76.2841666666667,193.0,6.2542816124477998,0.3665777639444329,26.405209,11.27519,0.5188473382439173,3.428543211115805,1251.418272057269
220505,SAN MARTIN,LAMAS,CUÑUMBUQUI,SELVA,3191.0,1949.0,1242.0,0.63,0.9000000000000001,-6.51055555555555,-76.4816666666667,248.0,26.9873602841324,0.4013138046331319,14.9795,6.555398,0.5188473382439173,0.8976058951619769,327.62615173412155
220506,SAN MARTIN,LAMAS,PINTO RECODO,SELVA,9156.0,2386.0,6770.0,0.5413538747534213,0.7733626782191734,-6.37916666666667,-76.6044444444444,276.0,18.573854637739199,0.3232431228781619,36.142043,25.51835,0.5188473382439173,1.1710384424165212,427.4290314820303
220507,SAN MARTIN,LAMAS,RUMISAPA,SELVA,3725.0,1889.0,1836.0,0.3,0.4285714285714286,-6.44888888888889,-76.4716666666667,328.0,99.974483286552697,0.405931456753573,21.979155,20.26092,0.5,0.9835,358.9775
220508,SAN MARTIN,LAMAS,SAN ROQUE DE CUMBAZA,SELVA,1700.0,765.0,935.0,0.5413538747534213,0.7733626782191734,-6.38555555555555,-76.4386111111111,611.0,3.7989145958297601,0.3386032496423139,30.85549,14.30952,0.8,0.6088000000000001,222.21200000000005
220509,SAN MARTIN,LAMAS,SHANAO,SELVA,1963.0,967.0,996.0,0.58,0.8285714285714286,-6.41166666666667,-76.5941666666667,260.0,117.52745018300099,0.3275824452355899,30.85549,10.93936,0.45,0.3888,141.912
220510,SAN MARTIN,LAMAS,TABALOSOS,SELVA,14440.0,10029.0,4411.0,0.5469320757800004,0.7813315368285719,-6.38944444444445,-76.6341666666667,597.0,31.043791859866001,0.339578498135199,44.644087,15.74038,0.44,4.46028,1628.0022
220511,SAN MARTIN,LAMAS,ZAPATERO,SELVA,5789.0,2273.0,3516.0,0.5469320757800004,0.7813315368285719,-6.52972222222222,-76.4941666666667,299.0,40.474285714285699,0.2880009543027309,28.01036,17.4772,0.5188473382439173,1.1741515264459848,428.5653071527845
220601,SAN MARTIN,MARISCAL CACERES,JUANJUI,SELVA,33472.0,30172.0,3300.0,0.742,1.06,-7.17666666666667,-76.7238888888889,299.0,108.72937736806,0.539254777052732,19.775113,5.072385,0.7,22.1305,8077.632500000001
220602,SAN MARTIN,MARISCAL CACERES,CAMPANILLA,SELVA,16221.0,5010.0,11211.0,0.79,1.1285714285714286,-7.48305555555556,-76.6497222222222,318.0,6.4182627131827799,0.3285791635678739,23.663727,6.558953,0.5188473382439173,3.015021882535404,1100.482987125422
220603,SAN MARTIN,MARISCAL CACERES,HUICUNGO,SELVA,9113.0,4814.0,4299.0,0.58,0.8285714285714286,-7.31694444444444,-76.7772222222222,308.0,1.0291785391300501,0.3359256260111789,32.8984,5.730833,0.58,3.03804,1108.8846
220604,SAN MARTIN,MARISCAL CACERES,PACHIZA,SELVA,6529.0,3723.0,2806.0,0.5469320757800004,0.7813315368285718,-7.29805555555555,-76.7733333333333,295.0,3.9575756587352098,0.347930772408439,32.8984,4.14602,0.8,3.256,1188.4399999999998
220605,SAN MARTIN,MARISCAL CACERES,PAJARILLO,SELVA,5765.0,1479.0,4286.0,0.53,0.7571428571428571,-7.17666666666667,-76.6886111111111,286.0,28.094906363971599,0.372800117422573,28.645143,2.08466,0.76,1.14988,419.7062
220701,SAN MARTIN,PICOTA,PICOTA,SELVA,11162.0,9981.0,1181.0,0.66,0.942857142857143,-6.92,-76.3302777777778,228.0,51.531638624725701,0.534837311408774,24.70802,6.193609,0.66,6.9854400000000005,2549.6856
220702,SAN MARTIN,PICOTA,BUENOS AIRES,SELVA,3035.0,1311.0,1724.0,0.5413538747534213,0.7733626782191735,-6.79166666666667,-76.3277777777778,209.0,15.2800674066747,0.388516677270191,29.361226,14.29592,0.5188473382439173,0.6578984248932871,240.1329250860498
220703,SAN MARTIN,PICOTA,CASPISAPA,SELVA,2165.0,1753.0,412.0,0.74,1.0571428571428572,-6.95638888888889,-76.4186111111111,238.0,28.978388998035399,0.4919043509146149,18.07443,1.83366,0.74,1.32016,481.8584
220704,SAN MARTIN,PICOTA,PILLUANA,SELVA,882.0,843.0,39.0,0.5413538747534213,0.7733626782191734,-6.77666666666667,-76.2916666666667,218.0,4.3758097546704597,0.37817258690354,23.910286,7.411015,0.5188473382439173,0.4347940694484027,158.699835348667
220705,SAN MARTIN,PICOTA,PUCACACA,SELVA,3008.0,2814.0,194.0,0.5413538747534213,0.7733626782191734,-6.84888888888889,-76.3411111111111,228.0,14.2770457697642,0.5054091394451559,16.425664,5.264971,0.5188473382439173,1.4724887459362372,537.4583922667266
220706,SAN MARTIN,PICOTA,SAN CRISTOBAL,SELVA,1207.0,1207.0,0.0,0.64,0.9142857142857144,-6.99194444444444,-76.4177777777778,238.0,52.379345258184301,0.500469940975346,18.07443,6.077856,0.57,0.6811499999999999,248.61975
220707,SAN MARTIN,PICOTA,SAN HILARION,SELVA,3867.0,2780.0,1087.0,0.5,0.7142857142857143,-7.00388888888889,-76.4394444444444,230.0,44.432936302434001,0.536902469777346,24.70802,0.930144,0.63,1.66257,606.83805
220708,SAN MARTIN,PICOTA,SHAMBOYACU,SELVA,10134.0,2821.0,7313.0,0.62,0.8857142857142857,-7.02416666666667,-76.1327777777777,289.0,25.131142018383901,0.302136911567773,49.681894,15.02705,0.62,1.81784,663.5115999999999
220709,SAN MARTIN,PICOTA,TINGO DE PONASA,SELVA,3897.0,2517.0,1380.0,0.5413538747534213,0.7733626782191735,-6.93611111111111,-76.2538888888889,244.0,15.4642510514397,0.463327179504945,42.391529,13.35492,0.51,1.25154,456.81209999999993
220710,SAN MARTIN,PICOTA,TRES UNIDOS,SELVA,4134.0,1900.0,2234.0,0.5413538747534213,0.7733626782191733,-6.80583333333333,-76.2322222222222,237.0,19.9983774135973,0.324905074797241,38.180087,8.624467,0.5188473382439173,0.9609052704277348,350.7304237061232
220801,SAN MARTIN,RIOJA,RIOJA,SELVA,26323.0,24251.0,2072.0,0.57,0.8142857142857143,-6.0625,-77.1683333333333,850.0,159.52932306532401,0.596333241186725,17.096746,1.826425,0.63,15.70464,5732.1936
220802,SAN MARTIN,RIOJA,AWAJUN,SELVA,7925.0,2956.0,4969.0,0.77,1.1,-5.81611111111111,-77.3827777777777,888.0,26.798037748399398,0.34902363414725,31.355645,8.171333,0.65,1.8629,679.9585
220803,SAN MARTIN,RIOJA,ELIAS SOPLIN VARGAS,SELVA,19703.0,16528.0,3175.0,0.44,0.6285714285714287,-5.98722222222222,-77.2780555555555,853.0,105.009016229213,0.387307594851158,43.566699,6.149594,0.44,8.349879999999999,3047.7062
220804,SAN MARTIN,RIOJA,NUEVA CAJAMARCA,SELVA,45934.0,38458.0,7476.0,0.53,0.7571428571428572,-5.93611111111111,-77.3069444444444,869.0,156.58623717114199,0.478975902746938,28.41423,1.779954,0.58,23.17332,8458.2618
220805,SAN MARTIN,RIOJA,PARDO MIGUEL,SELVA,17206.0,9751.0,7455.0,0.65,0.9285714285714286,-5.73944444444445,-77.5044444444444,963.0,19.6939577866716,0.395409368693869,36.606849,6.437418,0.65,6.1295,2237.2675
220806,SAN MARTIN,RIOJA,POSIC,SELVA,2031.0,1761.0,270.0,0.76,1.085714285714286,-6.01333333333333,-77.1619444444444,838.0,48.691674290942402,0.4373955627788819,30.87782,4.796746,0.47,0.88501,323.02865
220807,SAN MARTIN,RIOJA,SAN FERNANDO,SELVA,3694.0,2370.0,1324.0,0.39,0.5571428571428572,-5.90194444444445,-77.2694444444444,828.0,60.129072878954801,0.4485498197897129,15.617834,6.443781,0.5188473382439173,1.1886792519168146,433.8679269496373
220808,SAN MARTIN,RIOJA,YORONGOS,SELVA,2617.0,2089.0,528.0,0.41,0.5857142857142856,-6.13861111111111,-77.1441666666667,883.0,44.934925533342302,0.4434371341517889,30.87782,2.657687,0.41,0.80975,295.55875
220809,SAN MARTIN,RIOJA,YURACYACU,SELVA,3827.0,3398.0,429.0,0.4,0.5714285714285715,-5.93111111111111,-77.2263888888889,812.0,338.93740902474502,0.479727878910967,28.41423,1.818118,0.4,1.3128000000000002,479.1720000000001
220901,SAN MARTIN,SAN MARTIN,TARAPOTO,SELVA,81787.0,81100.0,687.0,0.63,0.9,-6.48944444444445,-76.3602777777778,342.0,1340.36277835128,0.672935430319677,6.9122,0.835058,0.66,55.46508,20244.7542
220902,SAN MARTIN,SAN MARTIN,ALBERTO LEVEAU,SELVA,910.0,557.0,353.0,0.5413538747534213,0.7733626782191735,-6.66305555555555,-76.2866666666667,215.0,4.3777943368107302,0.4368122502511629,20.13965,8.162911,0.5188473382439173,0.2874414253871301,104.9161202663025
220903,SAN MARTIN,SAN MARTIN,CACATACHI,SELVA,3714.0,3087.0,627.0,0.58,0.8285714285714286,-6.46194444444445,-76.4513888888889,309.0,53.012208067940499,0.516169796749543,22.05547,4.35122,0.58,1.8531,676.3815
220904,SAN MARTIN,SAN MARTIN,CHAZUTA,SELVA,10422.0,6790.0,3632.0,0.5413538747534213,0.7733626782191735,-6.57361111111111,-76.1377777777778,189.0,12.4060928413254,0.292643099450668,55.390811,26.58959,0.5,3.4575,1261.9875
220905,SAN MARTIN,SAN MARTIN,CHIPURANA,SELVA,2364.0,1922.0,442.0,0.5413538747534213,0.7733626782191735,-6.35416666666667,-75.7413888888889,152.0,5.8608424586363999,0.3910105236205619,36.80279,11.41236,0.5188473382439173,1.032506203105395,376.8647641334693
220906,SAN MARTIN,SAN MARTIN,EL PORVENIR,SELVA,2514.0,1781.0,733.0,0.59,0.842857142857143,-6.21166666666667,-75.8008333333333,152.0,6.5789201382421698,0.4180015307785229,36.80279,26.53115,0.5188473382439173,0.9443021556039296,344.67028679543427
220907,SAN MARTIN,SAN MARTIN,HUIMBAYOC,SELVA,5446.0,2424.0,3022.0,0.5413538747534213,0.7733626782191735,-6.41777777777778,-75.7680555555555,181.0,3.4982940456288398,0.373284308503178,47.299215,13.32388,0.5188473382439173,1.2722136733740852,464.3579907815411
220908,SAN MARTIN,SAN MARTIN,JUAN GUERRA,SELVA,4072.0,3898.0,174.0,0.53,0.7571428571428571,-6.58416666666667,-76.3308333333333,207.0,21.027989821883001,0.575254705612807,22.05547,27.76223,0.54,2.20158,803.5767
220909,SAN MARTIN,SAN MARTIN,LA BANDA DE SHILCAYO,SELVA,47438.0,43186.0,4252.0,0.58,0.8285714285714285,-6.49,-76.3405555555556,418.0,158.00892981721799,0.592228679378718,15.491806,4.932744,0.65,30.79375,11239.71875
220910,SAN MARTIN,SAN MARTIN,MORALES,SELVA,41348.0,38284.0,3064.0,0.77,1.1,-6.47916666666667,-76.3830555555555,290.0,716.71601002049704,0.6574135384298289,6.439383,3.758351,0.77,32.83049,11983.12885
220911,SAN MARTIN,SAN MARTIN,PAPAPLAYA,SELVA,2068.0,1230.0,838.0,0.5413538747534213,0.7733626782191734,-6.24527777777778,-75.7905555555556,149.0,4.1737711129570503,0.349056273058207,36.80279,16.08376,0.79,0.90297,329.58405
220912,SAN MARTIN,SAN MARTIN,SAN ANTONIO,SELVA,1714.0,1671.0,43.0,0.54,0.7714285714285716,-6.40944444444445,-76.4066666666667,499.0,21.272707728689699,0.516899920716659,20.13965,11.65532,0.59,1.01657,371.04805
220913,SAN MARTIN,SAN MARTIN,SAUCE,SELVA,7050.0,5456.0,1594.0,0.51,0.7285714285714286,-6.69055555555555,-76.2166666666667,622.0,75.533980582524194,0.404839332987915,36.312002,27.63419,0.51,2.51379,917.53335
220914,SAN MARTIN,SAN MARTIN,SHAPAJA,SELVA,2010.0,1772.0,238.0,0.75,1.0714285714285714,-6.57972222222222,-76.2619444444445,214.0,9.3662180150865293,0.424206734534248,16.601613,5.313537,0.75,1.36575,498.49875
221001,SAN MARTIN,TOCACHE,TOCACHE,SELVA,30203.0,20932.0,9271.0,0.57,0.8142857142857143,-8.18833333333333,-76.5094444444444,519.0,30.801898357325499,0.52762732685725,15.923006,2.810003,0.62,13.17562,4809.1013
221002,SAN MARTIN,TOCACHE,NUEVO PROGRESO,SELVA,12414.0,4846.0,7568.0,0.53,0.7571428571428572,-8.45055555555556,-76.3263888888889,512.0,14.570605588979999,0.4505711549931459,26.37225,8.603202,0.52,2.51784,919.0116
221003,SAN MARTIN,TOCACHE,POLVORA,SELVA,11056.0,3159.0,7897.0,0.64,0.9142857142857144,-7.90777777777778,-76.6677777777778,543.0,5.6201942533387301,0.444272982250254,26.37225,9.963051,0.45,1.39095,507.69675000000007
221004,SAN MARTIN,TOCACHE,SHUNTE,SELVA,1355.0,432.0,923.0,0.64,0.9142857142857144,-8.35166666666667,-76.7297222222222,1015.0,3.5687246554173901,0.3356181595324699,33.026907,10.06345,0.5188473382439173,0.2262174394743479,82.569365408137
221005,SAN MARTIN,TOCACHE,UCHIZA,SELVA,21072.0,12707.0,8365.0,0.53,0.7571428571428569,-8.45833333333333,-76.4616666666667,566.0,31.0115650864273,0.561187146523864,19.65114,8.270934,0.61,5.32896,1945.0704
230101,TACNA,TACNA,TACNA,COSTA,103125.0,102341.0,784.0,0.55,0.7857142857142858,-18.0019444444444,-70.2519444444444,583.0,69.7445920182343,0.6966125262955098,7.691274,0.226073,0.57,59.90927999999999,21866.8872
230102,TACNA,TACNA,ALTO DE LA ALIANZA,COSTA,35319.0,35198.0,121.0,0.49,0.7,-17.9930555555556,-70.2477777777778,603.0,104.35648896068901,0.6032564872134049,15.074157,0.950422,0.48,16.60368,6060.3432
230103,TACNA,TACNA,CALANA,COSTA,3355.0,1160.0,2195.0,0.48,0.6857142857142858,-17.9433333333333,-70.1883333333333,881.0,40.976194869902201,0.5641024368795589,7.304348,0.432479,0.35,0.378,137.97
230104,TACNA,TACNA,CIUDAD NUEVA,COSTA,32991.0,32875.0,116.0,0.3,0.4285714285714287,-17.9819444444444,-70.2380555555555,695.0,230.46938069426801,0.52473468277664,20.479559,1.342573,0.3,9.6054,3505.971
230105,TACNA,TACNA,INCLAN,COSTA,2779.0,1162.0,1617.0,0.499650387386001,0.7137862676942872,-17.7938888888889,-70.4947222222222,519.0,2.10980902164233,0.535103805116229,15.01173,2.221963,0.4881283256607997,0.4539593428645437,165.69516014555845
230106,TACNA,TACNA,PACHIA,COSTA,2251.0,1441.0,810.0,0.499650387386001,0.7137862676942873,-17.8963888888889,-70.1538888888889,1087.0,4.6183408428306398,0.5335430708458159,15.01173,1.517795,0.41,0.56416,205.9184
230107,TACNA,TACNA,PALCA,SIERRA,2150.0,713.0,1437.0,0.4203505822563048,0.6005008317947212,-17.7783333333333,-69.9597222222222,2939.0,1.3851861255695199,0.520059787592911,34.195333,16.96753,0.4452923055521492,0.3108140292754002,113.44712068552109
230108,TACNA,TACNA,POCOLLAY,COSTA,19240.0,18466.0,774.0,0.3,0.4285714285714287,-17.9966666666667,-70.2258333333333,690.0,67.216261998870706,0.645953766013973,13.404542,0.944194,0.521567928503992,9.669347826535509,3529.3119566854607
230109,TACNA,TACNA,SAMA,COSTA,3564.0,2862.0,702.0,0.499650387386001,0.7137862676942872,-17.8625,-70.56,397.0,2.4615136471979802,0.552622294599562,10.643201,1.143432,0.4881283256607997,1.469754388564668,536.4603518261039
230110,TACNA,TACNA,CORONEL GREGORIO ALBARRACIN LANCHIPA,COSTA,127017.0,126596.0,421.0,0.36,0.5142857142857143,-18.0430555555556,-70.2516666666667,562.0,555.837860871418,0.5789680719290499,18.736677,1.644405,0.36,52.01568,18985.7232
230111,TACNA,TACNA,LA YARADA LOS PALOS,COSTA,6630.0,226.0,6404.0,0.47,0.6714285714285715,-18.2861111111111,-70.4391666666667,42.0,12.019267094824301,0.555179999907203,15.01173,0.226073,0.47,0.09212,33.6238
230201,TACNA,CANDARAVE,CANDARAVE,SIERRA,2420.0,1635.0,785.0,0.2,0.2857142857142857,-17.2680555555556,-70.2502777777778,3427.0,2.3734732635482398,0.36326306829553,30.362608,13.93951,0.34,0.5344800000000001,195.0852
230202,TACNA,CANDARAVE,CAIRANI,SIERRA,997.0,978.0,19.0,0.437675332039757,0.62525047434251,-17.2852777777778,-70.3636111111111,3389.0,3.29229194169787,0.2375137880049469,25.029749,10.17421,0.4452923055521492,0.4181294749134681,152.61725834341587
230203,TACNA,CANDARAVE,CAMILACA,SIERRA,1161.0,1061.0,100.0,0.437675332039757,0.62525047434251,-17.2425,-70.3880555555555,3853.0,2.4023908223272001,0.4109227257681489,23.62097,10.21948,0.2,0.1984,72.416
230204,TACNA,CANDARAVE,CURIBAYA,SIERRA,449.0,341.0,108.0,0.4203505822563048,0.6005008317947211,-17.3813888888889,-70.3347222222222,2412.0,3.1107260985981999,0.573942024714258,16.581602,3.128765,0.2,0.0838,30.587000000000003
230205,TACNA,CANDARAVE,HUANUARA,SIERRA,503.0,466.0,37.0,0.58,0.8285714285714286,-17.3136111111111,-70.3225,3226.0,9.1726806819370399,0.3985263662738899,23.62097,27.00671,0.32,0.13536,49.406400000000005
230206,TACNA,CANDARAVE,QUILAHUANI,SIERRA,712.0,601.0,111.0,0.22,0.3142857142857143,-17.3183333333333,-70.2586111111111,3205.0,24.933616569304299,0.3177674605889739,31.511674,15.58268,0.22,0.12232,44.646800000000006
230301,TACNA,JORGE BASADRE,LOCUMBA,COSTA,2620.0,1389.0,1231.0,0.49,0.7000000000000002,-17.6138888888889,-70.7627777777778,589.0,3.0093189816200399,0.580893002689566,13.058077,0.99771,0.49,0.69923,255.21895
230302,TACNA,JORGE BASADRE,ILABAYA,COSTA,6452.0,5725.0,727.0,0.46,0.6571428571428574,-17.4180555555556,-70.5130555555556,1387.0,4.3153168554692796,0.7366145522948488,5.539457,0.101131,0.46,2.88742,1053.9083
230303,TACNA,JORGE BASADRE,ITE,COSTA,3223.0,2095.0,1128.0,0.499650387386001,0.7137862676942872,-17.8616666666667,-70.9658333333333,160.0,4.0003301186069002,0.6860042057700119,6.952335,0.499995,0.4881283256607997,0.9889479877887802,360.9660155429048
230401,TACNA,TARATA,TARATA,SIERRA,3593.0,2718.0,875.0,0.271,0.3871428571428572,-17.475,-70.0319444444445,3077.0,3.9650125533662699,0.479144354938278,36.587575,18.31442,0.25,0.67075,244.82375
230402,TACNA,TARATA,HEROES ALBARRACIN,COSTA,310.0,130.0,180.0,0.499650387386001,0.7137862676942873,-17.4805555555556,-70.1230555555555,2352.0,1.79640718562874,0.3173079166567099,27.586057,21.53956,0.4881283256607997,0.0585753990792959,21.38002066394303
230403,TACNA,TARATA,ESTIQUE,COSTA,234.0,209.0,25.0,0.499650387386001,0.7137862676942873,-17.5419444444445,-70.0183333333333,3149.0,2.0233338660700002,0.34159615449674,23.37961,13.68812,0.4881283256607997,0.0946968951781951,34.56436674004123
230404,TACNA,TARATA,ESTIQUE-PAMPA,COSTA,332.0,325.0,7.0,0.499650387386001,0.7137862676942873,-17.5386111111111,-70.0313888888889,3064.0,2.1981574268627799,0.5197540295270259,23.37961,2.420862,0.3,0.0935999999999999,34.163999999999994
230405,TACNA,TARATA,SITAJARA,SIERRA,348.0,345.0,3.0,0.81,1.1571428571428577,-17.3752777777778,-70.1338888888889,3163.0,1.5164782677917501,0.3639905195197469,26.39149,17.48462,0.48,0.1579199999999999,57.64079999999999
230406,TACNA,TARATA,SUSAPAYA,SIERRA,510.0,437.0,73.0,0.437675332039757,0.6252504743425099,-17.3480555555556,-70.1336111111111,3462.0,1.80863320918518,0.3117055073142659,27.508999,24.52557,0.8,0.3304,120.596
230407,TACNA,TARATA,TARUCACHI,SIERRA,322.0,301.0,21.0,0.32,0.4571428571428572,-17.5258333333333,-70.0316666666667,3054.0,5.7914717047761997,0.352603720633662,26.39149,5.747654,0.34,0.0969,35.3685
230408,TACNA,TARATA,TICACO,SIERRA,598.0,554.0,44.0,0.5,0.7142857142857144,-17.4472222222222,-70.0466666666667,3272.0,2.7142280873624198,0.371429614512078,28.908204,16.86796,0.55,0.29535,107.80275
240101,TUMBES,TUMBES,TUMBES,COSTA,111761.0,110285.0,1476.0,0.5492192924367386,0.7845989891953409,-3.57111111111111,-80.4591666666667,9.0,724.71228025799905,0.602511104363448,8.706752,0.423624,0.54,62.16102,22688.7723
240102,TUMBES,TUMBES,CORRALES,COSTA,25242.0,24244.0,998.0,0.53,0.7571428571428572,-3.60138888888889,-80.4805555555556,27.0,190.78267477203599,0.569127737703768,14.75996,0.317288,0.2,5.0094,1828.431
240103,TUMBES,TUMBES,LA CRUZ,COSTA,10434.0,9852.0,582.0,0.46,0.6571428571428574,-3.63722222222222,-80.59,10.0,153.48765905258301,0.593396785323101,11.23351,0.203914,0.521567928503992,5.402400603444349,1971.8762202571872
240104,TUMBES,TUMBES,PAMPAS DE HOSPITAL,COSTA,7460.0,3975.0,3485.0,0.44,0.6285714285714287,-3.69333333333333,-80.4391666666667,28.0,10.702851253864701,0.5386194716735458,10.641895,0.449328,0.4881283256607997,1.962763997482076,716.4088590809577
240105,TUMBES,TUMBES,SAN JACINTO,COSTA,8936.0,7351.0,1585.0,0.4378439326801056,0.6254913324001511,-3.64083333333333,-80.4452777777778,23.0,16.097675040085502,0.548737214519981,11.23351,0.372192,0.44,3.27448,1195.1852
240106,TUMBES,TUMBES,SAN JUAN DE LA VIRGEN,COSTA,4826.0,4732.0,94.0,0.5489965566473503,0.7842807952105004,-3.62777777777778,-80.4336111111111,26.0,43.812652683008999,0.55664823975679,14.75996,0.040983,0.65,3.2162,1173.913
240201,TUMBES,CONTRALMIRANTE VILLAR,ZORRITOS,COSTA,13476.0,12931.0,545.0,0.2,0.2857142857142857,-3.6775,-80.6680555555555,11.0,19.679761683113,0.5683428336631519,9.67336,0.086385,0.521567928503992,7.17416685657241,2618.5709026489294
240202,TUMBES,CONTRALMIRANTE VILLAR,CASITAS,COSTA,2658.0,411.0,2247.0,0.4586851731599267,0.6552645330856097,-3.94222222222222,-80.6511111111111,137.0,3.84867190422746,0.439930773196269,19.835147,1.228072,0.4881283256607997,0.1996444851952671,72.87023709627249
240203,TUMBES,CONTRALMIRANTE VILLAR,CANOAS DE PUNTA SAL,COSTA,7297.0,5905.0,1392.0,0.32,0.4571428571428571,-3.95055555555556,-80.94,66.0,10.0442776013091,0.541317038400816,9.505453,0.094684,0.38,2.50078,912.7847
240301,TUMBES,ZARUMILLA,ZARUMILLA,COSTA,24756.0,24366.0,390.0,0.6365089369080967,0.9092984812972812,-3.50111111111111,-80.2755555555555,15.0,202.94039735099301,0.5517527352166959,9.250234,0.305801,0.65,17.05535,6225.20275
240302,TUMBES,ZARUMILLA,AGUAS VERDES,COSTA,18931.0,18625.0,306.0,0.54,0.7714285714285714,-3.48166666666667,-80.245,13.0,439.296569691706,0.480955024257871,9.250234,0.105774,0.66,12.85746,4692.972900000001
240303,TUMBES,ZARUMILLA,MATAPALO,COSTA,3991.0,3333.0,658.0,0.499650387386001,0.7137862676942873,-3.68222222222222,-80.1997222222222,69.0,9.2278671391062694,0.373906518308854,9.073259,0.648972,0.5,1.952,712.48
240304,TUMBES,ZARUMILLA,PAPAYAL,COSTA,6931.0,4737.0,2194.0,0.41,0.5857142857142857,-3.57138888888889,-80.235,36.0,34.464940836046097,0.506393213976091,11.016593,0.474076,0.51,2.55102,931.1223
250101,UCAYALI,CORONEL PORTILLO,CALLERIA,SELVA,168924.0,161553.0,7371.0,0.5814678052516723,0.8306682932166748,-8.36805555555556,-74.5433333333333,162.0,18.120798328343898,0.5634769861561199,6.229848,0.230923,0.63,106.7409,38960.4285
250102,UCAYALI,CORONEL PORTILLO,CAMPOVERDE,SELVA,19029.0,7667.0,11362.0,0.74,1.0571428571428572,-8.47194444444444,-74.8052777777778,203.0,16.870446361276301,0.43621068589282,11.64564,0.290345,0.5188473382439173,4.118610170980215,1503.2927124077785
250103,UCAYALI,CORONEL PORTILLO,IPARIA,SELVA,12217.0,1436.0,10781.0,0.5469320757800004,0.7813315368285719,-9.30611111111111,-74.4355555555556,170.0,2.2448288230839699,0.25714000254413,33.710485,5.017393,0.6,0.8321999999999999,303.753
250104,UCAYALI,CORONEL PORTILLO,MASISEA,SELVA,11937.0,3401.0,8536.0,0.65,0.9285714285714288,-8.60472222222222,-74.3061111111111,150.0,1.2659735828265,0.277348025229245,32.76884,2.235026,0.65,2.1125,771.0624999999999
250105,UCAYALI,CORONEL PORTILLO,YARINACOCHA,SELVA,115625.0,109712.0,5913.0,0.62,0.8857142857142859,-8.35555555555556,-74.5758333333333,131.0,205.17108352901701,0.5478371208327218,7.864359,0.221107,0.55,64.49685000000001,23541.350250000003
250106,UCAYALI,CORONEL PORTILLO,NUEVA REQUENA,SELVA,5690.0,2614.0,3076.0,0.61,0.8714285714285716,-8.32055555555556,-74.8513888888888,183.0,4.1586375429266598,0.3679124304543189,11.64564,2.463624,0.59,1.5204299999999995,554.9569499999999
250107,UCAYALI,CORONEL PORTILLO,MANANTAY,SELVA,103880.0,101465.0,2415.0,0.62,0.8857142857142859,-8.40027777777778,-74.5413888888889,165.0,174.287389422497,0.504828901205263,10.445377,0.366103,0.69,76.33815,27863.42475
250201,UCAYALI,ATALAYA,RAYMONDI,SELVA,38611.0,18119.0,20492.0,0.6192186904761902,0.8845981292517004,-10.7297222222222,-73.7552777777778,256.0,3.2467447409477699,0.337563828312056,31.82103,7.169326,0.62,11.49294,4194.9231
250202,UCAYALI,ATALAYA,SEPAHUA,SELVA,8123.0,3781.0,4342.0,0.6,0.8571428571428571,-11.1372222222222,-73.0455555555556,277.0,1.0631558083230901,0.349363475179497,31.82103,2.175644,0.5188473382439173,2.026098855842497,739.5260823825114
250203,UCAYALI,ATALAYA,TAHUANIA,SELVA,10303.0,2723.0,7580.0,0.8,1.142857142857143,-10.0305555555556,-73.9563888888889,197.0,1.8350691645899,0.2858615760820579,29.567845,7.021069,0.55,1.5884,579.766
250204,UCAYALI,ATALAYA,YURUA,SELVA,2359.0,641.0,1718.0,0.5469320757800004,0.7813315368285718,-9.53138888888889,-72.76,240.0,0.28782921624573099,0.216121903508586,52.637208,4.189845,0.67,0.45761,167.02765
250301,UCAYALI,PADRE ABAD,PADRE ABAD,SELVA,36918.0,28667.0,8251.0,0.6,0.8571428571428574,-9.03361111111111,-75.5075,275.0,8.0813358355369793,0.4752066943985849,9.408905,1.073118,0.59,14.93585,5451.585249999999
250302,UCAYALI,PADRE ABAD,IRAZOLA,SELVA,11656.0,7363.0,4293.0,0.44,0.6285714285714286,-8.82861111111111,-75.2133333333333,228.0,16.256394341945899,0.3878059257232079,12.89956,2.00861,0.5188473382439173,4.153891789980802,1516.1705033429928
250303,UCAYALI,PADRE ABAD,CURIMANA,SELVA,9803.0,4622.0,5181.0,0.54,0.7714285714285714,-8.43333333333333,-75.1477777777778,181.0,5.3387003055238003,0.379722782490695,9.014545,0.875492,0.6,3.0822,1125.003
250304,UCAYALI,PADRE ABAD,NESHUYA,SELVA,10080.0,5049.0,5031.0,0.49,0.7,-8.64,-74.9644444444445,193.0,14.627875273938299,0.4558191519125789,11.946857,0.527911,0.6,3.2076,1170.774
250305,UCAYALI,PADRE ABAD,ALEXANDER VON HUMBOLDT,SELVA,6037.0,4524.0,1513.0,0.428,0.6114285714285714,-8.8275,-75.0508333333333,237.0,28.155136268343799,0.4411290504512049,12.89956,0.628519,0.5188473382439173,2.590604759851879,945.570737345936
250401,UCAYALI,PURUS,PURUS,SELVA,3317.0,1389.0,1928.0,0.5413538747534213,0.7733626782191734,-9.77222222222223,-70.7097222222222,228.0,0.27997911222472699,0.348423801441106,31.928338,1.57847,0.5188473382439173,0.7009627539675322,255.85140519814925
